name,volume,price,created_at,updated_at,exchange_rate,demand_index,inflation_rate,crude_oil_price
diesel,7169,2.47,2023-05-08 13:29:09,2024-06-29 03:19:42,71.6241086251281,83.2887796265037,3.13650639503507,84.9671415301123
diesel,3618,2.12,2024-10-12 01:54:08,2023-04-27 15:31:35,74.2774066464224,90.5360374939332,3.96879651106092,78.6173569882882
diesel,248,2.81,2024-11-09 21:59:22,2024-10-16 16:12:23,71.0379003950002,85.8690972463863,4.01801687204445,86.4768853810069
diesel,4622,1.6,2024-04-25 18:47:36,2024-02-04 23:52:30,73.4601923518048,91.7800627188829,4.47263034584341,95.2302985640803
diesel,6687,2.44,2024-08-01 10:30:25,2023-06-11 23:40:41,65.5319266652311,96.7877453393322,2.63314163671917,77.6584662527666
diesel,3242,2.48,2024-07-15 12:37:26,2024-10-17 02:25:14,76.0664685368647,112.557317294971,4.59256727384733,77.6586304305082
diesel,6317,2.76,2024-01-19 16:18:56,2024-03-01 16:43:22,75.0060273768111,95.1826144194145,1.29560836839722,95.7921281550739
diesel,2502,2.2,2024-08-31 05:14:28,2023-03-08 17:01:01,70.9145568446591,76.2156143984561,3.37011544763619,87.6743472915291
diesel,4926,1.28,2024-01-17 11:42:25,2023-03-14 17:35:24,78.296228342162,117.101017697427,3.51172615754846,75.3052561406505
diesel,247,1.31,2023-02-16 01:30:05,2023-01-12 11:49:37,79.6878506881328,87.4436479957744,4.63332682607124,85.4256004358597
diesel,1978,1.68,2024-02-11 22:39:18,2023-01-28 18:10:09,66.9622006781551,99.1191935934306,4.02263085267687,75.3658230718754
diesel,1747,2.39,2024-12-18 09:05:26,2024-11-26 12:52:28,71.1863761071689,106.698047604111,2.59443694614371,75.3427024642974
diesel,3023,2.65,2023-10-14 20:57:46,2024-09-29 14:32:09,71.1542882510635,102.994156276042,3.01500687418298,82.4196227156603
diesel,2751,2.82,2024-03-09 09:58:36,2024-08-17 11:37:07,70.3004844944557,116.412693212822,4.19868000954741,60.867197553422
diesel,2929,2.12,2024-06-21 18:45:29,2024-12-31 09:58:41,79.1473742096587,107.185047150891,3.92093265813544,62.7508216748697
diesel,8357,1.21,2024-09-04 06:04:34,2023-08-25 15:24:52,74.030869306136,87.0803563045434,3.42087589036425,74.3771247075903
diesel,9204,2.1,2023-08-01 18:32:16,2023-12-15 02:56:33,73.6774257934469,132.678432609875,3.51916621048802,69.8716887966558
diesel,3310,1.51,2024-07-08 12:27:09,2024-01-05 05:59:04,64.9806881779662,102.915001950074,4.69616799715929,83.1424733259527
diesel,8454,1.83,2024-02-01 02:34:50,2023-04-01 22:36:52,78.1770901510461,97.7898966006774,3.48230742713079,70.9197592447879
diesel,2037,1.3,2023-03-18 08:39:19,2023-07-31 11:06:20,68.8037080257326,114.458881345834,3.91190875597093,65.8769629866471
diesel,6208,1.93,2024-01-27 18:24:36,2023-01-15 00:23:47,75.2996631513316,103.741764188951,6.16993658808054,94.6564876892155
diesel,1249,2.9,2023-10-10 08:34:43,2023-03-19 21:28:02,76.386884689791,105.98842289409,2.57631736311608,77.7422369951347
diesel,279,2.53,2023-03-08 15:35:09,2025-01-27 01:39:11,81.8032929791933,137.38275997901,2.14815726842534,80.6752820468792
diesel,2665,1.01,2024-07-07 04:12:36,2023-10-21 00:34:09,68.4558980044045,95.8731785761743,4.78358966479861,65.7525181378654
diesel,5093,2.07,2024-02-27 12:45:49,2024-02-15 18:01:56,59.9024392208959,95.2335865897391,3.3213569387059,74.5561727547482
diesel,7752,1.3,2023-01-14 04:53:05,2023-05-30 09:53:27,75.9192477237685,101.748677680187,3.68176247225738,81.1092258970987
diesel,4272,1.53,2024-09-27 03:56:18,2024-10-24 03:58:23,84.0025559075543,116.072739033716,3.21884362186889,68.490064225777
diesel,8881,2.04,2024-07-29 18:41:54,2024-05-11 16:09:20,81.1947317646972,77.401989547144,3.74019985923249,83.7569801834567
diesel,9264,2.81,2023-03-03 19:42:30,2024-11-08 17:43:10,76.0482970763731,70.5166616278524,5.59853811209634,73.993613100812
diesel,6869,2.92,2023-07-22 17:51:10,2023-04-05 00:01:27,72.5418190718398,91.1932709406978,4.80212845861812,77.0830625020672
diesel,1354,2.97,2024-05-03 23:11:38,2023-12-18 02:28:39,79.0356129831866,75.4911556141107,4.86222351188698,73.982933877706
diesel,2851,2.37,2024-10-16 10:50:22,2023-03-02 06:20:07,70.1322690014777,93.6275297871154,2.58377294420735,98.5227818450894
diesel,5569,1.15,2023-05-10 03:23:21,2023-01-05 23:40:14,77.3817888467811,107.537495441939,2.84884626344713,79.8650277526207
diesel,9327,1.13,2024-02-21 10:54:10,2023-12-06 02:47:41,77.5273507958331,86.638767046716,1.16092134051457,69.422890710441
diesel,3274,2.02,2023-03-25 21:34:49,2023-01-04 00:02:38,80.3010495374944,78.5976013482799,3.19061917891725,88.2254491210319
diesel,7894,2.16,2024-04-02 17:27:54,2025-01-10 22:53:02,88.7983001945554,101.04005742573,4.95670318638566,67.7915635002898
diesel,8890,1.61,2023-08-14 13:14:06,2024-03-08 15:45:34,76.9620798358938,112.938152269228,4.51694651574837,82.0886359500476
diesel,3161,1.47,2025-01-20 16:59:44,2024-07-17 12:07:07,72.4551818714625,74.5753984222508,3.77848673704788,60.4032987612022
diesel,5078,1.14,2024-02-16 11:39:17,2024-10-30 23:12:59,74.87212843904,112.30348597459,3.97769971628195,66.7181395110157
diesel,8240,2.92,2024-03-24 05:03:16,2024-08-07 16:46:11,66.1546204755544,112.259593056075,3.31111445742459,81.9686123586912
diesel,3859,1.39,2023-01-05 18:58:08,2024-11-18 09:59:59,71.5264343445547,114.311276532349,4.20475888240178,87.3846657999541
diesel,8388,1.7,2023-03-09 11:02:48,2024-08-26 23:50:13,72.9535878094345,118.277203223075,4.76587827948061,81.7136828118997
diesel,8157,1.15,2023-06-15 14:06:02,2024-07-16 03:51:50,72.379558010327,133.030208869894,2.38411321258953,78.8435171761176
diesel,384,1.16,2023-03-23 11:44:50,2024-08-31 19:54:59,75.7617743601686,94.6586192707142,4.29964768783735,76.9889630441071
diesel,9465,1.45,2023-07-07 21:18:16,2023-09-11 16:48:42,70.887900338089,101.643573701168,4.93243487095467,65.2147800963257
diesel,8935,2.97,2023-08-18 10:51:45,2023-02-17 18:21:29,80.6051533366224,93.7534235012796,3.58489971103663,72.8015579160529
diesel,9326,2.36,2023-07-03 15:57:29,2023-08-02 08:19:45,75.001035324591,100.029652671337,4.70070061212058,75.3936122904021
diesel,8255,2.66,2023-03-11 07:34:44,2024-07-11 01:27:19,74.9534983943069,122.993100334545,6.81465444447255,90.5712222621892
diesel,9150,2.5,2024-10-09 07:57:42,2023-08-05 05:52:33,73.3605264174354,79.82478274104,3.89565720701311,83.4361828956846
diesel,8907,2.61,2023-09-22 23:28:35,2024-06-09 11:04:28,75.7759534192949,87.0842549175164,4.39330705000532,62.3695984463727
diesel,3598,2.91,2023-12-02 23:40:02,2023-06-27 22:07:16,79.1254913233382,120.657714047568,3.26194291633861,83.240839693948
diesel,7485,1.12,2024-02-13 17:08:52,2024-09-30 06:07:21,70.6643489214455,115.300547603531,4.18125116260205,76.1491771958368
diesel,9778,1.63,2024-07-29 19:18:25,2023-05-09 19:35:43,71.7094175546237,94.5530252977438,4.4602716249823,73.2307799969404
diesel,8061,2.03,2023-12-25 02:53:28,2023-01-02 11:30:54,73.4813698561167,112.816030016811,4.19484234027014,86.1167628884087
diesel,9406,1.19,2023-07-14 13:07:28,2024-10-12 12:58:06,68.2706453826339,105.118237637381,2.98030468029114,90.3099952249595
diesel,2095,2.12,2024-12-19 20:19:32,2023-06-30 23:37:38,70.9037107013925,122.504119135015,4.20636177132545,89.312801191162
diesel,8873,2.16,2024-10-16 08:04:08,2023-04-23 16:44:28,72.6188956322767,101.117643907402,5.46219593871764,71.6078247677736
diesel,6184,1.96,2024-04-10 08:23:27,2024-07-04 19:07:50,79.3719459035636,115.384481708089,4.44863576451453,76.9078762414879
diesel,3376,1.94,2023-12-12 13:13:09,2024-01-15 09:47:41,76.3128066450096,139.630178657389,4.96198718907184,83.3126343140356
diesel,9727,1.19,2024-01-14 18:35:00,2024-08-28 01:45:23,75.9679495568377,108.971487325712,3.76298802998737,89.7554512712236
diesel,9214,2.43,2023-07-05 10:49:24,2024-08-31 07:57:16,79.2544898108399,100.739922486923,4.74990023942371,75.2082576215471
diesel,3664,1.07,2024-11-27 18:14:04,2023-05-24 15:53:49,74.313141058003,110.836704778315,4.27926783821653,78.1434102333618
diesel,2778,1.77,2024-09-25 02:31:15,2023-07-13 17:55:39,76.9523242496445,94.5207871269417,3.04908927031277,68.9366502599397
diesel,5164,2.63,2023-11-03 08:28:41,2023-12-28 13:53:31,74.4838912353375,135.819515582871,4.31852100479888,68.0379337591933
diesel,5269,1.97,2025-01-15 08:17:28,2024-04-21 22:24:49,76.3268117469982,102.70106556544,3.00830333655969,88.125258223942
diesel,1140,1.65,2024-05-06 05:42:49,2023-04-20 12:08:12,72.0862067119421,95.9060001966173,3.36711972511521,93.5624002857082
diesel,4346,1.74,2023-04-29 16:22:12,2023-06-28 12:52:28,62.8059142086179,87.4646649246995,4.18932830729237,79.2798987841967
diesel,4619,1.02,2023-12-29 02:03:37,2024-07-06 13:21:07,74.3286041890685,116.458302874097,4.29724427338012,90.0353289789202
diesel,8748,2.56,2023-08-26 01:08:05,2023-04-12 04:07:09,82.1137406804997,113.007811192416,2.81076753492287,83.6163602504764
diesel,7950,1.38,2024-10-27 02:56:00,2023-02-08 05:47:59,79.631077011208,92.5396844287886,5.05398577118288,73.5488024539488
diesel,8875,2.04,2023-07-22 10:36:14,2023-03-08 07:32:40,79.8269874229559,108.646770176836,4.57200627830047,83.6139560550842
diesel,8915,2.21,2024-05-15 10:02:30,2024-05-08 08:36:35,81.1806536090311,77.3716604768072,3.29527156438912,95.3803656646597
diesel,6726,1.08,2024-02-27 23:07:58,2024-01-21 19:26:17,75.4432879548072,102.774558626097,2.46241520355082,79.6417396089005
diesel,8544,2.21,2024-09-14 09:46:58,2024-05-15 00:26:34,75.986578537028,106.79134528115,3.85509542091857,95.6464365581401
diesel,9131,2.6,2024-03-31 00:17:38,2023-12-06 08:15:12,71.9117405228283,125.609947143388,3.55405628613884,53.8025489591026
diesel,5361,1.46,2024-01-02 03:21:36,2024-11-28 21:10:50,73.4196357198648,88.4377179590697,4.11314045705302,88.2190250437522
diesel,6962,2.06,2024-04-16 05:33:43,2024-12-18 02:43:13,78.0788557488557,80.8247105679651,3.63688333884443,80.8704706823817
diesel,589,2.69,2023-08-04 19:04:06,2023-10-18 04:09:44,81.0194221858441,86.5685805861244,1.99254313925499,77.0099264953413
diesel,108,1.45,2024-05-09 09:11:15,2024-01-24 16:20:01,74.302768621595,79.9514724952762,3.61165306169884,80.917607765355
diesel,7710,2.4,2023-03-13 16:00:42,2023-06-10 04:19:37,72.7490536757429,120.049860366385,3.69438088893169,60.1243108539911
diesel,3168,2.11,2024-07-19 17:07:10,2024-10-26 08:47:40,75.002639794283,123.229589425361,4.63366102477406,77.8032811216249
diesel,5812,2.92,2023-10-27 22:42:40,2023-11-04 08:33:17,78.0060337446456,104.803248669232,3.30180032538895,83.5711257151175
diesel,7157,1.4,2023-12-02 23:21:22,2023-02-09 01:47:41,67.7807259193323,118.319424185277,5.67867467337257,94.7789404474152
diesel,4501,2.88,2023-01-19 17:28:35,2024-08-09 11:59:31,63.5190952343138,102.009375708704,2.08835944934824,74.8172978172635
diesel,3814,1.65,2024-02-16 14:06:12,2023-07-06 10:13:52,72.2473157525421,98.5733252844885,5.31116749780262,71.9150639710681
diesel,4815,2.39,2024-12-26 17:20:07,2024-08-18 22:11:30,68.8964378704292,95.0044357141936,3.7756810291219,74.9824295641546
diesel,7764,1.28,2024-04-27 21:49:06,2023-03-16 06:55:59,72.4592990117635,95.3441351293365,4.85958487234356,89.1540211770207
diesel,3381,1.52,2024-03-19 13:46:37,2025-01-27 07:05:12,74.2610984059127,76.7829766553645,4.07980148405873,83.2875110965968
diesel,6226,1.24,2023-11-28 19:21:38,2024-04-20 08:13:45,72.7337579548849,103.96382145411,5.13955553602547,74.7023979623296
diesel,9593,1.7,2023-05-12 01:37:02,2024-12-23 23:31:03,82.2623376723537,99.3949913467893,3.61263803544719,85.1326743311336
diesel,5653,1.75,2024-12-26 08:07:22,2024-02-09 23:39:11,76.6337238230116,111.180410861168,2.90137957482219,80.9707754934804
diesel,2440,1.45,2023-06-30 03:25:07,2024-12-23 04:36:04,76.5023717980541,101.402852446579,5.42050428727106,89.6864499053289
diesel,3493,2.09,2023-05-17 03:51:42,2024-12-10 08:40:23,78.111035720217,97.5594444764636,3.88651935411786,72.9794690612265
diesel,6714,2.89,2023-05-22 22:02:18,2023-03-05 22:56:16,69.3058344110962,86.9321045498855,4.22155847362421,76.7233785340223
diesel,287,2.37,2023-10-24 04:33:52,2023-06-23 23:56:56,80.1955589371013,101.082298552326,5.2347519140448,76.0789184686784
diesel,5589,1.8,2023-02-22 17:50:34,2024-03-13 18:11:52,74.6211785673227,111.073558462242,2.96804475790557,65.3648505186788
diesel,9803,2.27,2023-12-16 06:14:25,2023-01-19 23:33:59,78.3524030862061,82.8499151337421,4.59549089763926,82.9612027706458
diesel,7005,1.84,2024-06-30 03:42:49,2024-04-17 12:43:16,69.6407138347992,101.312106305211,3.41010524353711,82.6105527217989
diesel,2917,2.86,2023-05-10 06:29:07,2024-04-27 20:21:37,67.2312061699197,103.495644272942,3.86783064435563,80.0511345664246
diesel,7383,2.47,2024-04-10 00:56:07,2023-03-15 13:36:33,79.0894482901252,89.229028245726,4.07227896538429,77.6541286662485
diesel,1654,2.9,2023-05-24 10:22:38,2024-02-27 03:03:48,76.8820476304876,91.18215542638,2.49977813855306,65.8462925794959
diesel,9959,1.52,2024-04-04 07:25:11,2024-02-22 08:25:03,70.4897422282125,103.459162731493,3.22116295717957,75.7935467723464
diesel,4388,2.49,2024-06-01 18:42:15,2023-01-25 00:39:15,70.6516845936265,82.9986847256107,5.35107289241314,76.5728548347323
diesel,8886,2.38,2024-02-28 18:43:48,2023-02-18 19:24:11,80.6271739220739,105.248855728741,4.8861911885848,71.9772273077838
diesel,8017,2.99,2023-02-28 18:57:14,2023-05-09 16:39:34,69.0529405356634,86.569684395112,3.93736042267277,78.3871428833399
diesel,5201,2.4,2023-04-03 12:32:12,2024-09-15 09:53:02,83.2133647662798,115.942805395498,4.24312345851289,84.0405085681454
diesel,7571,1.95,2024-11-15 10:10:10,2024-11-01 05:14:49,70.4968963267607,135.067416180825,3.70575749436354,98.8618590121053
diesel,1500,2.53,2023-12-08 18:12:13,2024-11-20 01:55:06,78.1919596280419,87.0886479744727,5.35658338582798,81.7457781283184
diesel,9264,1.58,2024-08-16 15:52:37,2023-04-21 21:21:39,73.3569076212551,108.01311793562,3.79964742220584,82.5755039072276
diesel,2643,1.37,2023-03-28 11:12:29,2024-07-11 12:37:45,78.0159371554117,89.0988714267697,4.23184209213485,79.2555408423383
diesel,7926,1.27,2024-11-29 03:30:55,2024-07-24 09:51:43,72.279429989429,115.614312606967,5.14603014414207,60.8122878470096
diesel,9902,2.83,2023-01-15 02:33:29,2023-11-01 06:34:16,74.1860354696385,81.0211238637218,3.22262851515409,79.7348612455078
diesel,2556,2.19,2025-01-26 11:53:20,2024-09-27 19:43:47,75.2045958769786,107.208801376416,5.55878918449689,80.6023020994103
diesel,6713,1.09,2023-05-10 15:35:41,2023-03-28 02:19:11,69.9890627210926,86.9051654966597,2.46953859025662,104.632421124853
diesel,4068,1.08,2024-02-09 06:35:16,2024-07-03 13:06:55,78.7041217271006,96.8952311635245,5.6296421311128,78.0763903521888
diesel,6839,1.25,2024-01-06 13:22:47,2024-08-22 11:46:46,72.4339321676421,84.5346208727904,3.62732441604803,83.0154734233361
diesel,6797,1.6,2024-06-08 10:03:37,2023-05-12 16:32:40,73.8570004232999,112.335257063436,3.75730125217472,79.6528823029476
diesel,1485,1.79,2023-04-12 10:23:26,2023-10-14 15:55:25,70.0282531269574,87.4452946834062,2.10998982881706,68.3132196238047
diesel,6529,2.64,2024-08-20 16:46:45,2024-12-14 00:32:51,62.1883317060235,108.279463889977,3.54520528262231,91.4282281451502
diesel,3738,2.46,2024-07-27 22:59:09,2023-03-19 18:12:13,74.0448611869992,94.838529576065,2.96019346897312,87.5193303268678
diesel,4913,2.64,2024-06-13 11:30:07,2024-01-28 14:25:49,87.0630771080646,98.2829144230171,3.39235365462653,87.9103194704305
diesel,4464,2.11,2024-09-26 09:29:44,2023-03-03 18:04:40,78.9230214394901,102.216338611002,3.86268903421112,70.9061254520526
diesel,6230,2.02,2023-03-20 16:48:24,2024-07-26 16:43:45,74.903698101328,88.5726299251173,4.95779161447291,94.027943109361
diesel,8482,1.95,2024-02-23 19:32:04,2024-06-19 04:02:09,73.6855458539587,103.155506703113,4.20760335140063,65.9814893720772
diesel,2548,1.24,2024-09-18 17:34:05,2024-06-30 07:10:13,75.1123294640602,122.955018465316,4.30767665340111,85.8685709380027
diesel,2122,1.55,2023-11-21 12:46:29,2024-02-05 23:55:50,77.7355955758761,88.3285782125093,2.90448061115444,101.9045562581
diesel,170,1.72,2023-01-17 12:05:56,2023-04-22 11:17:48,69.0959359234558,117.577152149108,3.11924591039727,70.0946367486931
diesel,8937,1.35,2024-06-28 06:42:22,2024-06-29 20:17:00,80.5716084733444,122.471464502317,5.79872501835131,74.3370227039723
diesel,9933,1.92,2024-05-24 08:44:56,2023-05-23 13:36:46,78.5769065772062,87.7576751645793,3.26479896523675,80.9965136508764
diesel,5711,2.19,2024-12-24 18:13:14,2024-10-15 05:53:38,78.5909286285397,78.1741809236417,5.6562082520573,74.965243458838
diesel,3547,2.05,2024-11-26 10:18:56,2025-01-09 01:52:25,77.1923786940486,104.529413502576,3.75693880111913,64.4933656893387
diesel,2202,1.77,2023-09-04 13:18:13,2024-07-27 05:46:30,75.09808328847,91.7888871584969,4.0022879361435,80.6856297480603
diesel,4255,1.35,2024-08-29 20:43:35,2023-01-12 06:54:37,78.3643061798341,128.029048287445,5.07036516022993,69.376962862739
diesel,9661,1.25,2023-06-26 20:52:46,2023-05-28 15:55:31,77.9590706687069,100.522113107497,5.27189242193866,84.7359243063518
diesel,7580,1.25,2024-11-22 18:24:44,2023-09-15 19:00:11,73.2297964452949,87.9670088794723,3.88918743972091,70.805757657662
diesel,1197,1.78,2024-03-10 09:04:08,2024-12-21 19:06:31,72.1319911355155,82.7926073348243,3.61175694647846,95.4993440501754
diesel,9772,2.69,2023-09-12 09:28:01,2023-07-22 09:11:57,75.5092814763099,116.348574386362,3.94407955147779,72.1674670766376
diesel,1843,2.13,2025-01-29 03:11:17,2023-02-25 11:35:03,82.7451007574759,91.4322403887372,4.33795752823212,76.7793848379432
diesel,512,1.24,2023-05-18 14:38:33,2023-03-18 10:05:10,68.8044646217305,100.657431991906,4.89130368686976,88.1351721736967
diesel,5847,2.69,2024-10-15 16:41:28,2023-01-20 14:01:28,67.6623736712378,114.337041176687,4.00422985899415,67.6913568356604
diesel,4018,1.39,2024-07-26 14:43:51,2023-11-17 13:09:58,75.8238042061826,92.7361247210375,4.61888629802315,82.2745993460413
diesel,1015,2.45,2023-09-18 23:16:49,2024-12-16 17:04:17,75.2544385092801,99.3110675688976,5.63835973227094,93.0714275428243
diesel,1737,2.55,2023-12-29 12:48:11,2024-03-28 19:21:07,75.866708321852,99.7514738526622,4.38130961226478,63.9251676543877
diesel,6969,2.6,2024-09-28 21:22:01,2024-05-12 12:14:37,76.2197659895425,110.249867672741,4.31165285600478,81.846338585323
diesel,3097,2.1,2023-11-01 23:56:41,2023-11-20 23:16:00,73.883988726826,108.861165032655,2.48108917490993,82.5988279424842
diesel,941,2.96,2023-11-10 09:57:31,2023-02-08 04:18:26,82.4493171930104,96.6982940311776,1.36926986317094,87.8182287177731
diesel,5271,2.74,2023-01-30 16:58:11,2024-11-24 14:57:57,66.9954801076174,100.954735922448,4.38837572923017,67.6304928912192
diesel,4089,1.12,2023-03-10 12:53:39,2023-03-12 02:57:01,70.8575148760988,94.4233148271477,3.90517576871913,66.7954338691572
diesel,2683,1.03,2023-06-02 13:25:02,2023-05-16 09:48:07,74.4837261992548,77.8358138962083,3.48521732508526,85.219415656169
diesel,5544,1.21,2023-01-25 10:12:35,2023-01-06 02:44:19,66.7840559442292,103.864012860972,4.24353020418635,82.9698467323319
diesel,5199,2.66,2024-02-05 21:16:59,2023-09-17 06:44:49,74.1207279778397,128.382876412496,3.93959627080309,82.5049285034588
diesel,3999,1.67,2024-06-26 02:25:11,2024-05-24 04:12:42,83.3073508286401,86.7442128896341,5.1277802506339,83.4644820949698
diesel,1827,1.33,2024-06-17 02:35:49,2023-09-23 23:11:46,75.1044324414798,88.4045543559595,4.08611086825898,73.1997527842151
diesel,967,1.34,2025-01-10 14:42:24,2024-06-21 00:52:25,76.1535045285934,86.9390834253439,3.25307671492983,82.32253697161
diesel,6294,2.5,2024-11-09 11:49:47,2025-01-23 18:54:15,68.6991761741371,110.868876680847,4.99016623895929,82.9307247329868
diesel,6080,1.15,2023-04-16 02:09:29,2023-06-03 03:48:10,71.9181929598026,106.727281812947,3.7828689250538,72.8564858197363
diesel,9082,1.42,2024-11-22 23:06:51,2024-01-27 16:51:32,73.1240180983803,97.6219346137532,4.52653668367231,98.6577451114476
diesel,4838,2.01,2024-01-31 03:13:56,2023-04-28 18:13:25,73.4114245162188,86.2297140754155,3.5225892938072,84.7383292091179
diesel,9398,1.63,2023-04-06 08:49:09,2023-07-20 05:48:44,81.4082189750188,101.385651874599,3.35017311450256,68.0869650279735
diesel,1139,2.89,2023-08-08 08:50:52,2024-11-10 12:41:17,77.7884553036256,76.5306680899629,4.0841682301857,86.5655360863383
diesel,7965,1.09,2024-03-05 14:32:42,2024-06-10 15:53:53,69.4427102153148,102.151398502862,4.01282864354369,70.2531832977268
diesel,6036,1.54,2023-11-07 05:36:58,2023-11-13 08:40:12,76.23252389216,113.072865791319,4.47982703536683,87.8708460374245
diesel,5289,2.85,2023-06-13 00:14:09,2023-08-10 12:02:57,77.4911087424839,81.2320129504948,3.73135424669026,91.585955790074
diesel,3014,1.6,2024-04-07 08:57:31,2024-10-14 23:59:06,80.7007451926063,77.012225847555,2.1636402162296,71.7931768164829
diesel,225,1.17,2023-01-31 16:48:07,2024-04-04 11:30:30,82.9027034328419,123.691568375423,3.56722611641161,89.6337612924432
diesel,3849,1.41,2024-02-07 00:34:07,2023-07-22 02:17:06,69.9245290408607,90.8236054074312,4.79381846714382,84.127809269365
diesel,1874,1.84,2024-12-12 16:40:10,2023-07-26 09:42:03,70.9457124439483,117.039217689157,3.70262392075689,88.2206015999449
diesel,9909,1.24,2023-01-20 11:44:34,2024-10-06 04:41:26,68.7121107054269,97.6900350220325,3.75361659748545,98.9679298265395
diesel,1252,1.13,2023-03-24 13:44:48,2023-04-13 20:49:22,73.8299007044651,97.5706777458801,4.98637650590594,77.5461188399713
diesel,5645,2.85,2023-03-11 23:56:01,2024-01-25 22:21:20,77.3317918722317,106.57619049245,3.28802677274108,72.4626383564251
diesel,5137,1.83,2024-11-25 01:04:26,2023-11-01 09:43:53,79.9366725829455,86.7400171488034,2.4571967817571,71.1048557037448
diesel,7974,2.92,2023-05-14 16:05:55,2024-12-09 23:37:16,74.6202448817874,101.987457152435,3.83936888047451,71.8418971503456
diesel,6926,1.6,2023-08-10 01:59:26,2023-10-15 08:56:44,73.4007623837258,94.2776587776386,3.51582604875126,79.228982905859
diesel,4289,2.34,2024-02-07 15:05:57,2024-12-22 12:04:00,75.7587899612437,80.1925983489245,3.03375368024675,83.4115197481664
diesel,1638,2.43,2023-10-03 00:16:30,2023-10-13 23:04:32,70.8242854918499,105.062231120896,3.82462154410131,82.7669079933002
diesel,852,2.6,2024-07-11 08:23:22,2024-12-15 23:44:05,85.4476936084739,96.0503828968313,4.49150564724678,88.2718324903602
diesel,4840,2.65,2023-05-20 06:32:58,2024-11-28 09:34:10,66.9616948644097,97.6446275733294,3.99071143843218,80.1300189187791
diesel,5096,1.59,2023-01-09 03:18:47,2023-01-04 22:13:14,75.9237028944786,81.8475858487876,4.30698107268624,94.5353407715732
diesel,2515,1.61,2023-01-31 21:47:53,2023-01-12 04:38:08,85.1180310961482,123.871005516442,5.81340769851542,77.3534316676204
diesel,9993,2.05,2024-05-10 04:06:54,2024-02-02 15:12:51,75.0339992228,113.150712795792,3.65712113844244,107.201691665896
diesel,920,1.75,2023-10-28 13:22:45,2023-04-17 01:57:48,74.0498048249925,114.46233826258,4.27834863464467,86.2566734776501
diesel,3033,1.19,2023-08-27 00:04:35,2024-02-15 09:04:53,73.2127728859479,95.4183294633748,3.49078663740087,71.4284244358372
diesel,9434,1.4,2024-04-19 02:35:38,2024-07-15 09:12:27,74.098041591188,74.0622566574487,3.15364028011303,69.2910750193889
diesel,2852,1.19,2025-01-14 15:36:13,2024-04-20 15:59:07,81.8642423733827,129.293760737343,3.41509234658223,84.8247241524319
diesel,9610,2.25,2023-05-10 18:07:00,2023-12-23 10:59:30,63.9406904433525,99.083537379912,3.52124142847831,77.7653721467415
diesel,2695,1.8,2023-11-24 09:00:33,2024-07-14 23:32:15,82.6671685064816,88.7680030596992,4.35947579754713,87.1400049409209
diesel,7799,2.31,2023-06-17 05:11:19,2024-01-27 03:56:20,67.8802142377493,106.252023617247,6.34907578670076,84.7323762457355
diesel,9933,2.51,2023-10-01 10:20:21,2024-11-07 13:28:08,73.6667383538279,117.506811820049,3.28395656372416,79.2717108734313
diesel,9860,1.68,2024-10-17 05:35:50,2023-05-15 21:32:40,72.8537778985067,99.654241658718,3.58337469438454,71.532062819316
diesel,4407,1.81,2025-01-20 18:08:49,2023-02-24 13:33:49,77.9427663488536,119.178627519091,3.93687698688875,64.8515277531414
diesel,3706,1.65,2024-10-14 11:34:37,2023-01-08 00:58:57,67.0093782405813,116.244999077753,4.39579884870975,75.5348504793298
diesel,2833,1.13,2024-05-08 04:10:18,2023-02-19 13:12:32,77.3108633304097,83.8542821889691,4.26355081195479,88.5639879432347
diesel,4166,1.42,2024-09-16 10:57:32,2024-02-03 01:49:58,85.1215481164343,89.8931484151079,5.28409579394812,82.140937441302
diesel,7529,1.67,2024-10-19 21:20:07,2023-11-21 11:23:46,68.184129977036,114.363057449197,1.57360792946479,67.5426122128801
diesel,1017,1.42,2023-02-02 00:45:25,2023-03-31 01:54:39,75.948530838052,59.3108115428434,1.61307012980433,81.7318092585118
diesel,7574,2.84,2024-04-03 07:30:38,2023-07-11 03:54:25,71.690089111017,97.7581646025252,3.50412182798985,83.8531737972884
diesel,8220,1.96,2023-10-14 05:09:56,2024-03-26 19:16:34,77.1294360309652,78.5375319756299,5.09730018754371,71.1614256379887
diesel,1510,1.87,2024-09-01 02:32:47,2024-06-06 15:39:44,75.0957388870788,92.8516929784971,2.4343519683944,81.5372510594553
diesel,1566,2.34,2024-01-15 02:55:31,2024-01-11 09:21:36,71.7925654547785,95.5176986645619,0.992367660306243,80.58208718446
diesel,8704,2.72,2024-01-30 01:19:41,2024-05-15 10:36:03,77.4393614243554,94.6263343313874,4.57117940621921,68.5702970216938
diesel,4517,1.48,2024-11-10 08:01:17,2023-08-22 19:08:41,84.0217405489337,91.7160812183109,4.24365722370272,83.5778736034828
diesel,6901,2.35,2024-12-11 06:11:49,2024-08-10 18:03:11,74.0454810413635,83.5428452555678,2.90979159320057,85.6078452636824
diesel,8045,2.27,2024-09-05 06:45:28,2024-07-12 02:55:34,78.5987897107409,134.37866900228,3.01446039927907,90.8305124317528
diesel,5731,1.12,2024-09-25 18:59:23,2023-02-25 19:49:39,68.5336352106442,128.01193006242,3.03025628036533,90.538020520349
diesel,5583,1.55,2023-07-07 15:43:08,2024-06-02 01:25:40,70.21781811591,82.5690126961558,4.11053531747394,66.2233063204291
diesel,3773,2.75,2023-03-29 13:18:58,2024-05-01 07:48:54,77.3620313894019,123.731751269554,3.37368472381699,70.6217496008488
diesel,1158,1.04,2023-03-23 20:20:17,2023-03-16 00:44:14,82.4205801426798,94.0080176429072,4.49406391897552,85.1503526720866
diesel,1460,1.46,2024-12-10 20:40:12,2024-07-01 23:39:20,76.7780667439283,101.937812099976,1.14537333709561,85.1378595091221
diesel,9802,1.79,2024-02-03 01:31:29,2024-05-13 00:20:04,73.4347098473842,99.0508906015463,3.1431481348722,85.1504768630605
diesel,9804,2.72,2023-12-20 04:36:53,2023-07-16 13:31:01,74.9964570271168,90.1037703811905,2.87394603908895,118.527314906547
diesel,9636,1.75,2023-05-20 02:49:42,2024-10-06 14:11:50,68.7479613301514,114.757785154092,3.74365932162751,85.7089051069317
diesel,8855,2.23,2024-04-04 02:04:37,2024-11-30 18:59:41,78.0225766317768,101.88829795865,3.46195224150986,91.355656401806
diesel,6482,2.03,2024-08-24 16:23:46,2023-02-17 21:12:21,79.411665311617,92.8517286517114,4.79784377989577,89.540017634932
diesel,1487,3,2024-08-24 07:00:20,2023-10-24 18:55:57,72.7395483358346,80.4311583429929,2.14066322833994,86.513912513058
diesel,1145,2.12,2023-02-07 14:34:16,2024-10-22 07:28:43,72.6497892612025,86.5960747942132,4.04549147633075,76.8473075535966
diesel,7950,1.42,2025-01-27 05:29:07,2023-04-06 22:39:36,76.3293911482602,75.3792982659685,4.55833642321171,87.5896922049327
diesel,7413,1.61,2024-10-04 21:35:41,2024-04-24 03:16:25,72.816401319797,100.183353226228,5.85664743656196,72.2717478546243
diesel,1959,1.28,2023-10-30 21:01:09,2024-01-29 04:53:41,74.6693369268709,82.0500161157341,3.51823402890653,77.6318139325999
diesel,8847,1.85,2024-08-31 00:37:21,2023-08-16 02:30:43,85.4986089458326,96.0165923122219,4.32445860435252,75.146364521709
diesel,8978,2.26,2023-04-16 03:36:19,2024-10-17 16:13:12,73.76487149627,120.551527804156,2.19613720743764,80.8187413938632
diesel,2950,2.18,2023-04-21 15:13:20,2023-04-25 11:59:54,73.2082992398939,117.989493593824,1.60804379568698,103.146585666735
diesel,433,1.14,2024-08-14 07:00:27,2023-07-20 15:15:18,71.7622909718242,99.5158465884607,4.8447743757817,61.3273480740825
diesel,4621,1.62,2023-05-06 03:58:06,2023-02-15 15:35:31,78.7209598574997,98.6937291078528,3.99443970635193,86.8626019037451
diesel,1881,1.63,2024-04-05 22:07:14,2023-05-20 21:01:52,74.0938791339095,128.198118241315,5.17851268979842,63.8728412881035
diesel,5302,1.98,2023-07-10 04:35:54,2023-08-12 13:01:03,71.7531348083929,107.811341805381,2.62659711103025,75.2806813421057
diesel,5499,1.06,2024-11-15 00:54:54,2024-07-28 12:25:37,81.6065201613651,95.0829031018522,4.51990213952875,90.8895059696737
diesel,9696,2.78,2023-01-14 14:15:36,2023-01-05 21:13:39,82.0980150225682,78.6097282431932,5.86881784054385,80.6428001909546
diesel,6422,2.81,2023-09-08 12:09:56,2024-10-18 18:21:32,71.9978821713065,105.908098272471,4.41970560835727,69.2225522207069
diesel,7900,2.45,2024-01-13 15:07:08,2023-12-14 11:24:21,65.6673002431969,112.439856588743,4.27658150559105,72.8469629074003
diesel,5555,1.41,2023-03-03 10:31:04,2024-09-05 21:24:42,80.0375684491846,90.5252271322953,4.00855608082435,86.7959774893468
diesel,9778,2.91,2023-07-08 11:27:10,2023-03-27 12:45:51,71.5768508712,104.36804132707,2.42911854287409,72.6963336828286
diesel,7924,1.83,2023-06-11 14:52:50,2024-07-22 21:52:38,78.9531279958138,94.5464005762746,5.35557293571035,82.1645858958198
diesel,5219,2.86,2024-10-19 04:39:49,2023-11-01 23:41:34,65.1494809114408,97.239514012015,3.38914236019493,80.4557183990381
diesel,4273,2.7,2024-06-11 07:21:50,2023-06-15 03:25:44,79.4629866914966,62.682669136565,4.50448325638302,73.4839965239418
diesel,9968,2.43,2023-10-20 12:49:21,2023-12-30 03:29:23,68.9441403535961,96.673278944258,2.43696569342875,101.439440893253
diesel,5808,1.46,2025-01-19 13:55:09,2023-02-10 04:43:59,78.6538205953326,114.540539536121,2.82054033549222,86.3391902231801
diesel,8318,1.06,2023-07-02 11:19:24,2025-01-29 03:54:12,75.0713653391822,90.5289616665016,5.43508739922224,59.7485741334239
diesel,8044,2.58,2024-08-10 09:25:47,2023-01-17 09:48:00,70.2303029030168,100.78789552323,3.65269771104216,81.8645431476943
diesel,3269,2.83,2023-06-12 20:09:03,2024-08-15 01:21:31,72.9648184353661,88.6607393996212,5.45327547604255,73.3821353523161
diesel,2467,2.55,2024-06-01 06:38:13,2024-03-20 20:18:39,78.4315922847835,105.406625144392,3.92176934094148,88.5243333479622
diesel,7869,1.72,2024-03-09 07:15:41,2023-12-26 22:43:50,75.5294722655762,96.7521520369574,2.15810222704214,72.074792615673
diesel,9011,1.89,2023-06-19 17:11:11,2024-01-04 23:38:15,77.9220649023624,85.9113768897699,4.89206759973172,78.852635585331
diesel,212,1.99,2023-04-03 10:46:38,2025-01-07 00:28:16,84.8822029225774,119.988272014977,3.41010768224439,85.0498727898046
diesel,4053,2.11,2023-10-13 08:29:08,2023-02-02 00:03:31,67.1787919414447,113.933980202983,4.69868881351704,88.6575519417012
diesel,4545,2.45,2024-10-08 10:17:33,2024-07-23 01:28:40,83.0860628748431,90.9263985410774,4.02521086754008,67.9970359294422
diesel,804,1.6,2024-07-23 23:12:08,2023-07-26 19:51:20,75.5217796876161,107.466824641267,2.45688177205713,76.6549876415905
diesel,2735,1.81,2024-07-31 18:49:08,2023-09-26 23:36:27,70.5060797583844,108.061180042306,4.16429476537057,75.2505468883904
diesel,5161,1.53,2023-10-11 13:10:53,2024-10-19 20:11:23,68.3484318713051,109.634518525168,6.1962231421528,73.4667076742629
diesel,4502,1.23,2024-11-18 05:42:01,2023-05-21 10:32:11,74.0543980461148,74.5861615600738,4.49298645851446,97.654542402811
diesel,9154,1.32,2023-06-06 21:57:02,2023-01-18 15:06:13,79.6082505596223,115.099098115489,3.94248224699454,84.0498171096096
diesel,6558,2.87,2024-09-14 19:07:44,2024-04-06 10:48:32,74.3622543981123,91.454515556114,5.0753434019569,67.3911604566495
diesel,481,2.22,2023-09-16 01:49:30,2023-07-28 17:27:52,82.5557746512367,94.632580998381,4.21066846520311,89.1786194705478
diesel,5192,1.76,2024-09-03 01:35:33,2024-05-30 15:36:52,67.7441215497422,139.568226283903,4.20953423026279,101.221561970126
diesel,1075,1.05,2024-03-20 02:35:30,2023-06-04 21:21:02,74.9395552607697,104.528100710815,2.9083748278409,90.3246526055115
diesel,51,2.58,2025-01-25 09:03:46,2024-11-23 07:09:11,68.7380327779344,94.2051628682924,4.2338480257896,64.8063003404599
diesel,9957,1.46,2024-05-26 16:29:58,2023-07-31 19:15:37,76.8181594131249,66.9205844086614,5.03544341641694,75.1576592713375
diesel,6944,1.69,2023-09-18 13:05:06,2023-03-14 00:38:30,79.4344369504865,120.846462009195,3.16393784789998,92.6691114918662
diesel,5578,1.16,2024-03-16 06:25:11,2023-05-01 03:02:07,72.8961910315947,79.821854937871,5.42449582124695,72.9233053438122
diesel,9240,2.94,2024-12-01 17:20:43,2024-05-22 03:42:39,61.9789307168643,84.9484164475074,3.90829397585487,84.4381942814623
diesel,6377,2.53,2023-01-12 13:41:36,2023-09-26 12:26:19,75.9947407339825,95.0297155136823,3.11223048846146,87.7463405342934
diesel,9682,2.78,2024-04-04 15:14:38,2023-03-27 17:56:53,77.1836927586676,121.246176875504,4.99763207692025,70.7306952842192
diesel,2703,1.02,2024-08-11 10:32:17,2023-03-18 05:16:11,77.0214737748085,111.598599799986,3.71320576426173,79.404746439382
diesel,2387,2.79,2024-06-12 19:16:03,2024-01-25 17:55:45,81.1789109591108,97.6324373523961,4.75951488748611,47.5873265993093
diesel,1177,2.66,2024-07-09 11:36:12,2023-05-12 06:41:13,69.6447316017548,104.624380954582,3.70824136774146,69.7561235866571
diesel,6539,1.8,2023-06-21 23:21:36,2023-10-05 04:21:40,78.4010805272523,90.9942146069334,3.9401738564701,77.4743184860684
diesel,3780,1.66,2023-05-27 17:00:03,2024-01-03 12:03:22,80.9625375623899,102.09480534348,4.49356020433429,67.5221681803515
diesel,7143,2.25,2023-11-03 02:07:18,2024-03-20 09:49:08,66.1070620799674,101.100051171672,4.29089705759001,96.3241130393164
diesel,4852,2.35,2023-11-16 11:25:38,2024-03-18 21:09:24,76.5982591295949,114.53154843522,2.00446821954826,65.6985862203937
diesel,3483,1.87,2023-07-17 04:01:00,2023-11-21 05:52:00,72.4791008449616,114.507671836584,2.87875625990561,75.5995551330302
diesel,882,2.88,2023-03-12 23:34:29,2024-10-20 05:10:23,74.5923866344918,107.409660733085,4.92940998479082,81.3074057728609
diesel,4776,2.85,2023-03-06 06:29:43,2023-01-24 18:43:26,76.7383824176917,94.5647866368085,3.86786341109845,94.4127328906612
diesel,7274,2.87,2023-03-13 11:59:26,2024-09-23 16:18:28,72.5638571794322,111.127334415852,3.47626869722858,65.6413784882056
diesel,3163,1.53,2023-12-12 21:55:27,2025-01-01 23:47:28,71.6214596041919,98.6204730069543,2.64142598474253,91.6316375215496
diesel,5873,2.92,2024-12-17 03:47:43,2024-11-06 17:45:47,75.1707620874401,83.771284469303,2.92026367872415,80.1023306101959
diesel,8271,2.13,2025-01-07 20:12:04,2024-05-03 07:11:31,69.563770305686,93.9506831213359,1.97820136003805,70.1849134895205
diesel,2151,1.38,2024-12-24 01:54:20,2023-10-29 15:50:49,69.5708743555741,101.267904756765,3.89871928129847,84.6210347426327
diesel,2557,1.91,2024-10-12 22:41:19,2024-07-13 12:36:20,78.3968664147825,113.653236754971,3.40156241941895,81.9905969557347
diesel,2048,2.57,2024-02-08 15:54:27,2023-07-01 09:10:11,69.2560298242067,97.2470774176427,3.03341210901468,73.9978312284121
diesel,7397,1.09,2024-02-16 20:04:57,2023-02-19 22:53:55,78.3315625045461,81.8620193314059,3.93187657483205,80.6980208499002
diesel,4756,1.17,2023-07-21 05:34:38,2024-09-18 10:53:19,77.3129564642698,100.851125249452,4.36397063085274,76.1468640313824
diesel,7209,2.83,2025-01-29 11:29:05,2024-02-05 00:39:58,66.370966356047,101.701840600848,6.09319793220995,81.1351734525125
diesel,6802,2.33,2023-03-09 05:46:48,2023-06-15 09:11:20,71.6121767383217,102.787564433541,2.48811658043679,86.6213067452105
diesel,8093,1.39,2023-09-02 12:15:32,2023-07-22 06:09:53,80.9705470152369,113.798072739316,5.15938104330052,95.8601681614535
diesel,7973,1.68,2023-07-20 14:51:44,2023-02-27 07:18:43,70.0941723443016,115.283848601348,4.97310156101507,67.6218450117315
diesel,1715,2.66,2023-03-12 19:42:58,2024-11-12 15:01:26,72.6779786884531,91.086836914275,3.2209072606233,101.330333746563
diesel,9861,2.13,2023-03-21 02:30:37,2024-09-10 23:58:20,77.3103044662595,90.7578481292659,4.20323595458603,60.479122004775
diesel,1927,1.19,2024-04-04 13:12:36,2024-11-10 15:10:40,78.916952546413,84.3970193356679,3.54236675066238,78.4821490496442
diesel,7870,2.74,2023-07-29 18:51:13,2023-04-27 17:26:27,73.7423055697775,110.482235054207,4.18568858041874,85.8831720648458
diesel,8349,2.28,2023-09-05 07:09:24,2023-11-14 06:06:56,72.0124490265418,121.732301625066,5.50913101340455,82.8099186773503
diesel,1714,2.52,2024-01-08 09:32:13,2023-05-04 19:45:48,82.1118493084925,95.2737710813662,4.60560623263131,73.7730048017941
diesel,6541,1.48,2024-03-30 12:03:28,2023-02-20 11:53:11,83.6944983189879,96.3785415291251,4.50860837323344,77.9187774964273
diesel,2646,1.16,2025-01-27 17:07:48,2024-03-07 06:28:54,79.894290253909,122.001738353485,3.56969068004536,75.0699906534117
diesel,8451,2.62,2023-03-21 19:41:48,2023-09-29 07:40:17,75.4265907128251,107.583367798225,2.51594333507567,74.1063524305579
diesel,79,1.56,2023-05-10 00:31:48,2025-01-19 19:16:04,70.9586713917954,106.543535572016,3.79153178945959,88.4960209702103
diesel,9758,1.9,2024-09-20 15:14:11,2023-09-19 04:42:43,70.8477779672172,82.1362524103941,5.20660815486392,83.5701548596505
diesel,6927,1.44,2023-02-25 09:46:31,2023-11-14 23:50:40,77.6125705263288,110.180921039191,2.47283214341035,73.0709040473935
diesel,454,1.52,2023-07-04 14:16:05,2023-01-18 17:51:22,77.0919911044434,86.0629548923536,2.94491063182331,88.9959987543325
diesel,6067,2.12,2023-11-05 06:45:12,2023-08-03 07:09:22,82.0079929647322,82.9896972109756,4.12626773623407,83.0729952087661
diesel,7819,1.09,2023-02-03 11:22:11,2024-04-17 10:56:02,78.2522504626807,94.7984263484993,3.01534521515274,88.1286211883896
diesel,4554,1.64,2024-01-22 08:16:39,2024-12-16 15:21:14,67.4845984912009,91.2131091482697,3.20747655288479,86.2962884192361
diesel,235,1.19,2024-10-04 01:12:40,2024-06-11 09:16:41,80.2597380886146,96.6760045842244,3.57640141827182,71.7100498907793
diesel,8375,2.14,2024-08-19 10:27:50,2024-09-09 19:19:30,70.0096968634279,78.3852754821262,2.63438259580985,74.3981895980303
diesel,9418,2.31,2023-12-28 15:24:51,2025-01-10 22:20:13,73.0801436402383,114.382244597015,3.02587815378363,87.4729360512326
diesel,362,1.57,2024-01-03 21:00:12,2024-08-08 14:47:33,76.2510010312585,116.915294417746,4.70342791678731,86.1037026543347
diesel,1528,2.32,2023-09-16 04:45:20,2023-12-21 02:40:31,84.9783374489198,70.7898628878878,2.69263021776904,79.7909840603585
diesel,3906,1.59,2023-06-30 13:24:51,2024-10-26 05:02:25,90.5495927800268,114.676867084998,2.40212786550516,81.1732738330878
diesel,2767,2.32,2023-02-08 20:08:39,2023-11-09 05:44:23,78.0336152956809,87.8420705526756,3.36997502046611,92.7766489578843
diesel,8720,1.18,2024-07-17 11:17:22,2024-05-15 06:25:28,74.0840169063981,112.854633054742,4.73195550250985,74.0842861116417
diesel,2696,2.99,2023-04-03 06:11:16,2024-02-17 00:04:45,77.6725282424028,98.9733026100038,3.80307819200311,85.4709738117004
diesel,550,1.01,2023-07-06 04:06:25,2024-11-03 14:28:06,79.4382771293692,100.431633461215,3.53541892188438,77.9780734756611
diesel,9020,2.26,2023-01-21 00:38:33,2023-02-10 07:27:57,73.396661872214,97.2235352586817,4.04435879751561,77.8231879677278
diesel,4118,2.04,2024-07-11 00:48:43,2025-01-10 08:48:50,83.9760567795616,118.181938063502,2.25429256714035,90.9877685198719
diesel,372,2.29,2023-05-13 13:00:45,2023-06-21 18:26:07,76.150353795957,81.4061798121246,4.49470565377503,88.2541634898803
diesel,588,1.48,2023-12-28 13:08:30,2023-10-17 17:48:58,77.488715445457,109.117605081025,4.38343503140364,88.1350963600064
diesel,7711,2.99,2023-01-31 02:54:07,2023-02-02 20:33:13,78.3296212602723,116.519952473343,3.59069152590428,93.0547880715433
diesel,9271,2.66,2023-08-26 09:00:32,2023-04-18 17:26:52,77.1079330530723,110.745101208106,5.00592451179642,80.2100384163276
diesel,6015,1.97,2023-05-17 22:03:17,2024-12-01 10:29:40,79.1947025023481,134.870483714851,2.87250390104696,86.8195297129497
diesel,1008,1.94,2023-09-23 07:45:17,2024-05-18 03:38:26,71.9137340672654,92.0657985591295,5.12790899325357,76.8973324340654
diesel,5670,2.98,2023-01-11 15:43:58,2023-01-04 00:51:44,72.2084912302698,114.359572338903,4.15449366559525,83.2416635248844
diesel,7496,2.26,2024-09-19 09:58:20,2024-05-12 08:41:07,69.4992288351415,98.4086404698787,3.66344741012183,78.6985694563232
diesel,5979,2.71,2023-03-09 01:49:10,2024-02-04 00:50:29,77.1975061531011,118.50109114529,3.98012636463169,80.9699596499272
diesel,173,2.33,2023-10-06 23:01:27,2024-08-06 10:59:20,78.8946825175606,99.8846650641795,3.89273523418906,85.9515702543691
diesel,2447,1.93,2024-09-20 04:17:14,2023-02-22 21:44:31,77.2888643307594,94.181863272063,5.22028289641772,71.8177931676653
diesel,2312,2.8,2023-10-06 10:53:42,2024-11-27 23:32:49,83.3724621667377,119.591083058074,2.92332087252899,100.923872756855
diesel,4133,1.4,2024-02-14 02:29:02,2023-02-18 15:19:35,74.9720199058548,92.6265709147161,3.2374807608534,69.939826185003
diesel,7231,2.57,2023-01-20 01:02:43,2023-06-03 04:41:58,78.3437082779626,78.8091136164917,5.03630289207248,67.8581138721227
diesel,1130,2.41,2025-01-25 06:55:50,2023-10-29 13:15:44,69.5414956193034,92.2472967523926,3.40446506481614,91.5811087350007
diesel,3128,2.24,2023-02-06 08:21:09,2024-09-23 12:01:19,73.064501487628,109.285494198828,4.90053307733159,87.9166269396294
diesel,6636,1.24,2024-04-08 06:58:53,2024-10-10 18:37:53,78.4776887878289,120.880581273806,5.69943598300871,86.2411981705216
diesel,751,1.14,2023-07-23 11:10:26,2024-12-22 10:48:46,79.2455105537157,101.666940629448,3.59820497305837,86.2834550926428
diesel,6650,1.58,2024-09-22 11:57:08,2024-09-18 09:28:22,73.5301652616791,119.77295600851,4.68136232657531,79.8775322715309
diesel,9430,2.93,2025-01-21 03:12:58,2024-06-23 11:25:15,74.6420037407097,79.6273761778361,2.84630771866014,71.0274562851417
diesel,7461,2.62,2024-05-20 21:12:43,2023-03-12 17:51:19,67.410631266596,93.3510480277315,4.75473329806781,80.7580455819373
diesel,8775,1.38,2023-11-26 05:06:22,2024-01-22 08:04:43,73.214853995967,95.6713732426885,4.19942398598677,73.2283828848789
diesel,7761,1.29,2024-07-10 23:29:12,2023-08-01 10:40:20,79.4519158175989,98.2816085879122,4.47303828216022,89.7511973341775
diesel,7614,2.71,2024-10-12 18:19:19,2024-02-28 09:53:43,77.8760250805328,101.261415823753,3.35442792796461,78.5294261849786
diesel,6644,2.54,2023-08-11 14:30:35,2023-03-10 02:22:32,77.5033286069061,110.363664360883,2.33891658443283,71.7450280320749
diesel,1115,1.5,2023-05-03 19:16:10,2024-03-04 18:30:30,75.2488684359048,93.3278974274427,4.50325206474951,76.7861415834701
diesel,4883,1.59,2024-06-07 15:32:41,2023-09-27 11:30:32,75.0353157931409,102.085430304297,1.93659684752055,84.1293145427563
diesel,1334,2.41,2023-08-06 18:02:10,2023-12-02 12:39:05,71.6983943026328,99.3231566451392,3.68264950775747,74.3627544719603
diesel,4523,1.51,2024-06-09 06:49:18,2024-04-04 16:29:30,78.4941421010127,86.1116514416327,4.94118186641997,71.7777960443357
diesel,4816,1.62,2025-01-09 08:46:06,2024-08-29 20:06:01,77.104864721947,98.2949996637785,4.19189773587304,82.4368721149191
diesel,1455,1.93,2023-07-28 15:02:16,2024-03-23 06:33:59,77.460094239964,97.8451070515432,5.94834264478981,82.4496657110872
diesel,5976,1.65,2024-01-04 19:42:14,2023-09-10 03:53:31,72.3698257866621,97.5237915249543,5.02510915258177,74.9305682462887
diesel,2228,2.81,2024-11-19 21:42:17,2023-05-05 03:32:32,64.2332854006438,100.476391848722,3.34610161167442,75.2896169438168
diesel,2338,2.71,2023-03-05 23:56:05,2023-07-12 14:35:31,80.4857635587685,101.135103109201,4.02731337985144,82.3204993735764
diesel,98,1.7,2024-06-17 23:14:46,2023-12-06 11:58:39,72.605812719958,93.5155723133901,3.95262929745556,65.5191565850268
diesel,7046,1.23,2023-12-10 03:24:58,2023-08-01 13:12:14,70.6861211797844,119.090721009569,2.41782323665387,65.9253622562345
diesel,5999,1.33,2024-11-19 18:11:19,2024-10-12 17:08:25,78.46739455957,82.4577905619548,3.05960108351565,72.8155577874756
diesel,4245,2.43,2023-04-18 18:49:52,2023-01-21 19:15:40,73.0399368004044,89.1854483729516,3.43923909302014,77.8655284828815
diesel,3432,2.77,2023-04-05 11:44:21,2024-02-05 18:32:28,80.2996819202331,141.699454363353,1.96377949714406,83.1090756559801
diesel,5967,1.9,2024-06-14 02:05:39,2024-10-20 19:07:47,78.0850297478835,84.4301296751616,4.04749346825164,94.7535621694955
diesel,1814,1.42,2024-04-06 12:53:26,2023-02-03 01:53:54,78.4178466160024,79.6936798793536,3.75092815534696,88.5765962320202
diesel,9590,2.64,2024-08-27 11:25:39,2023-12-07 09:45:32,68.1702214439973,111.017151175018,2.32710609868843,78.4006147003657
diesel,9143,2.75,2023-11-11 18:47:13,2023-09-06 04:28:46,81.059719926932,68.8432021933919,4.40421286527733,79.8098379209731
diesel,3033,1.76,2024-06-27 09:26:16,2023-12-07 15:08:31,76.3062526561693,96.4708913504134,4.71587274469096,69.9747063536219
diesel,9028,2.85,2023-10-30 11:36:33,2024-02-01 18:51:12,73.153614303769,132.187373876147,4.22703447886489,79.8148686400761
diesel,179,1.62,2023-07-02 11:51:04,2023-09-21 22:16:28,75.7169423367113,76.825961167699,3.67593182479103,77.1134136107986
diesel,3379,2.73,2024-07-26 00:02:43,2023-11-05 22:58:33,66.1188238355084,70.2705327139193,4.59144215175185,83.2271856033809
diesel,773,1.93,2023-11-16 08:50:32,2023-01-15 02:41:30,77.0432640574034,77.5122819706345,4.68022036047669,71.7276905644768
diesel,4667,1.33,2023-03-09 14:35:50,2023-05-21 23:18:06,69.8531424590896,113.475393525205,4.30740356971969,85.1934651424117
diesel,9769,1.16,2023-05-30 12:50:10,2024-03-25 00:12:05,68.2366485707823,116.871650799787,3.17538774956524,95.3273891300258
diesel,5825,2.94,2023-04-04 15:47:44,2023-02-27 19:48:36,67.3882040689105,92.3111680453224,4.27660076551118,78.9123985154314
diesel,877,1.97,2024-04-25 22:23:05,2023-08-26 19:15:32,80.5634418749496,110.248186060016,5.19548065082548,84.0171172209894
diesel,3505,2.39,2024-04-08 04:49:11,2023-01-07 05:31:11,71.8536830315361,120.85382991268,3.40337094138827,86.9014399171111
diesel,1810,2.98,2024-03-08 18:07:50,2024-07-10 09:23:15,82.6686385495825,126.810196216447,6.09793933913243,75.9877952811416
diesel,3200,2.99,2024-02-18 05:14:12,2024-12-25 07:15:41,72.3209926847385,96.3049707823023,3.47436906601462,82.2409248181042
diesel,4571,2.67,2023-08-06 21:30:48,2023-02-04 10:12:36,66.4632102120353,65.4779242349502,4.03240701334014,80.1259240078179
diesel,9549,1.94,2023-09-02 23:11:18,2024-11-22 21:14:43,69.4173778002567,87.6868161638547,3.32751440399366,80.9767609854883
diesel,4306,1.98,2023-07-18 00:07:45,2023-09-08 09:37:59,81.1790581000347,93.5979370759711,4.22327083592026,72.2699021614453
diesel,9922,2.11,2024-04-12 09:22:46,2024-01-25 14:29:53,74.2205091103167,96.1159180513241,2.25777830736473,80.2451017425894
diesel,2528,2.94,2024-04-12 03:16:39,2024-09-15 05:49:44,72.258563517547,97.1821089848692,3.45395820118328,84.9799829124545
diesel,1588,1.36,2023-12-28 22:51:43,2023-12-18 15:05:22,75.8000911292639,116.78341896896,2.90787879965143,94.5114360779504
diesel,4281,2.65,2024-03-04 17:36:32,2024-02-06 10:33:36,77.5089136808377,119.116426400314,4.13533834789229,89.5927082608521
diesel,9552,2.47,2024-07-24 17:39:47,2023-07-17 01:29:04,80.5869940795123,97.4248951911282,4.99444737550891,101.531824575116
diesel,4292,1.28,2023-10-06 21:58:21,2023-11-06 22:29:07,82.2424961494646,116.477273140777,4.64600618711455,72.3265243711195
diesel,7397,2.07,2023-09-30 19:13:25,2023-08-05 09:21:22,73.2011567710546,105.364920499466,1.62834063914111,88.7232063672068
diesel,2058,2.14,2023-10-01 23:02:45,2023-09-02 21:58:11,68.3697615695898,100.967589592939,6.04206965292788,81.8334200573835
diesel,8833,1.64,2023-05-17 12:47:40,2024-05-12 09:22:17,72.9326741943836,113.598162356649,4.29527994062087,101.898029332177
diesel,5573,2.01,2023-10-02 07:31:24,2023-04-02 09:10:39,76.3014025329144,101.083780723569,3.223500859507,71.9170171464485
diesel,6582,1.24,2023-11-22 02:50:48,2025-01-01 00:32:07,70.181205368947,130.867167656466,4.15712791899094,71.6027815781922
diesel,6995,1.93,2024-10-25 01:26:41,2023-02-18 07:27:19,70.2142454255248,78.4238324980816,4.17618982250269,74.0060735455598
diesel,7789,1.31,2023-04-05 21:53:29,2024-03-12 04:11:12,76.7189394077494,92.2724365136197,3.33315128304844,58.7610427569019
diesel,9417,2.65,2024-03-24 20:32:44,2024-08-06 03:45:02,74.7567382421478,98.1022165456908,4.19791666734208,74.7424497831924
diesel,2434,2.55,2023-01-08 16:58:17,2023-12-24 03:14:18,75.1639849770579,106.59179035687,3.39252771237969,72.408673384463
diesel,2718,2.24,2024-05-13 11:23:13,2023-03-07 07:22:50,71.2075233264997,119.019407306546,3.59563800730998,81.5039378647621
diesel,155,2.34,2023-11-18 09:34:49,2024-03-14 02:17:17,73.8479964289712,99.6340214914576,3.31372086424492,83.4175597577716
diesel,1012,1.61,2023-04-13 15:24:12,2023-04-22 17:47:45,70.3788342786585,78.6665552574069,2.56732871026035,98.7617083921589
diesel,705,1.63,2024-07-04 07:08:49,2024-12-29 17:30:18,79.4509920556239,112.637708446825,4.14583647021538,89.5042383818605
diesel,3132,2.63,2024-04-23 03:25:05,2023-05-26 11:46:22,80.1762466736188,111.324381492129,4.58529943651634,74.230963443376
diesel,1834,2.82,2024-07-19 03:28:19,2024-04-15 03:48:20,65.7690606888095,70.8721201093089,4.51488359607637,71.0158532865164
diesel,4211,1.84,2023-10-15 16:30:42,2024-05-30 16:05:29,70.3524456990379,99.942937994938,4.81992525263523,84.9191917150651
diesel,563,1.66,2024-07-13 19:38:33,2023-01-08 12:11:09,67.5173537245496,76.1478725397955,4.32434021001487,66.7976679297936
diesel,9851,1.26,2024-08-04 00:11:16,2024-06-16 05:10:45,71.7498803279655,90.0302335374691,3.4672745017831,98.3145876585435
diesel,2215,1.02,2024-11-11 11:38:38,2025-01-23 07:50:03,74.5828101510482,86.457866095558,4.83966386443119,91.7944012072129
diesel,2394,2.1,2023-04-09 22:21:11,2023-03-06 08:53:31,67.7517739015074,112.13897047363,2.64248246015806,75.308243478953
diesel,89,1.88,2024-11-29 08:19:27,2024-01-03 02:36:10,70.3907009343734,101.752452612583,3.09932861748752,62.8686547090912
diesel,1508,2.94,2023-03-31 22:23:03,2024-12-15 05:10:43,69.9802131395925,80.7161349886596,3.03579992857676,93.5387237416541
diesel,3275,1.94,2024-08-05 15:58:46,2024-06-15 20:55:39,76.0363366469947,113.20098944436,5.08005605913931,78.8546015474738
diesel,9321,1.74,2023-05-30 06:51:18,2023-10-26 15:42:13,75.3467216851813,78.4929126410738,4.94278851414008,92.3781631197346
diesel,3382,2.32,2023-03-08 15:19:58,2023-08-04 20:02:01,71.3913122333137,104.951706857064,4.48730523704499,64.0557234120563
diesel,1038,1.03,2024-12-21 16:23:03,2024-01-20 23:04:03,75.884104360697,87.7898399606267,5.0719298652118,74.0062497704623
diesel,2443,1.48,2024-07-21 16:44:34,2023-01-31 16:50:36,72.2665995770637,94.5148437620422,3.12071721758801,80.0524369971818
diesel,7178,1.14,2024-08-29 12:23:26,2024-05-14 18:02:31,73.6417244483697,107.564061220576,4.34859511986098,80.4698059376474
diesel,7030,2.87,2023-08-13 06:42:42,2023-08-02 00:07:03,83.3672604514927,107.821740985893,3.87482557161684,75.4993452852076
diesel,4263,1.21,2023-12-26 05:45:23,2024-06-28 19:33:04,81.7023052589517,120.054536103339,4.84688210388491,86.228499323475
diesel,7571,2.45,2023-05-24 04:48:55,2024-06-18 14:32:50,68.502093815362,98.7661945049282,3.8847757674478,69.3237957061741
diesel,7210,2.71,2024-12-17 20:12:12,2024-06-25 12:19:47,79.1486620893959,104.59676294445,3.61505711158992,78.5762051497871
diesel,7091,1.05,2023-01-11 20:32:21,2023-05-14 20:42:45,79.056982772458,93.4339401639351,4.54090851856099,81.202956317119
diesel,2985,1.44,2023-05-11 00:43:18,2023-01-07 16:23:08,69.2586835562369,102.729848239342,4.87616916719123,85.1443883405875
diesel,6364,1.54,2024-04-10 13:12:37,2023-02-21 11:26:53,79.0938882187743,106.592290720128,3.3316548051532,87.1161487808889
diesel,403,1.43,2023-06-19 10:57:08,2024-03-28 04:51:13,82.6896595920628,98.5253522881844,3.93892432864762,68.7535790816213
diesel,6477,2.66,2024-11-09 12:51:24,2023-02-17 09:53:07,69.3872759687779,72.9437427386126,2.94155936635835,64.6588582926438
diesel,6408,2.53,2023-10-18 12:06:53,2024-05-19 02:04:23,70.4124858949287,104.972063444963,1.50193898250706,92.7767682189851
diesel,1984,1.6,2024-05-19 01:20:22,2023-05-09 16:15:35,80.0883073342175,105.468422160332,4.20045963141373,83.3231401197959
diesel,5289,1.13,2023-01-20 03:09:36,2024-09-28 03:21:00,76.3574765541282,89.7973978547807,4.60890535625463,72.5151346344345
diesel,136,2.83,2024-02-14 23:22:33,2024-06-07 22:15:04,77.7573813761976,80.7341944589123,4.26206680908673,95.5115197552252
diesel,791,2.12,2024-12-01 14:20:36,2024-03-17 23:47:35,76.7029460820025,122.138187257559,2.05043828224563,81.1567463429286
diesel,1496,1.6,2023-12-30 21:00:09,2024-01-11 03:34:52,76.9534796046407,107.371682663416,3.64915056992353,91.7929718406383
diesel,7039,2.42,2024-04-28 12:38:42,2024-02-26 04:09:49,68.3676393584446,96.5637845361744,1.78165223994892,80.6751848141011
diesel,3196,1.77,2024-03-06 03:59:43,2023-01-25 22:25:04,80.2365885331072,82.9445067527877,5.36970110765419,100.60747924882
diesel,101,1.98,2023-04-09 22:05:55,2023-07-19 09:49:05,80.8479499621389,87.6727775736798,2.91394541788191,97.553408424432
diesel,745,1.67,2023-09-03 20:59:47,2024-06-09 08:09:06,73.8530462796599,119.538855951793,5.2554036094599,77.5103585152093
diesel,3412,2.05,2025-01-29 20:13:39,2024-03-16 21:27:07,74.7826152509307,102.064929113021,4.94586964368415,89.7157095095436
diesel,2987,1.93,2024-04-21 17:15:34,2024-12-19 12:20:40,67.3444624872214,91.7411939949894,3.09940964746394,86.4537594958515
diesel,8099,1.26,2024-05-16 22:09:40,2024-07-05 17:20:52,77.5712737800892,107.64533846837,2.86721504873226,93.6863155753235
diesel,4863,2.66,2024-04-03 22:30:34,2024-09-08 21:06:48,77.8602872085707,87.7840271883052,4.35037021638634,70.350765394199
diesel,6103,1.62,2024-09-02 16:47:48,2023-04-04 16:23:14,74.6890449150035,122.512645454206,3.15567596281693,86.8605145999844
diesel,4960,1.1,2023-11-05 14:43:35,2024-12-14 21:16:05,80.6217667993525,120.292008023451,4.10248464215821,90.5842448684959
diesel,3263,2.34,2024-09-25 22:47:55,2024-06-24 17:05:41,73.3296138451003,93.0013889319584,3.51717240919308,62.4126051357689
diesel,7264,2.42,2024-04-25 11:22:57,2023-02-07 21:38:25,77.823029629468,90.5699462945371,2.21884158553437,68.1674148733423
diesel,5872,1.5,2023-07-15 13:39:09,2023-01-10 09:29:44,69.9016783065394,60.7280020196158,1.76953198087554,59.607678222399
diesel,1766,1.65,2024-07-01 07:15:52,2024-03-09 07:43:33,74.8822392456288,77.7762884267295,4.2266842484946,77.3059316555544
diesel,2947,1.75,2024-01-10 08:36:22,2024-10-29 02:39:42,74.1282287104858,79.9079533756337,3.43844225366937,87.1754225579596
diesel,7123,2.87,2025-01-25 11:03:51,2023-12-22 04:24:14,76.1265396102047,102.027855114811,3.44691018308587,95.0235705209603
diesel,3205,2.2,2023-10-07 13:41:28,2024-07-03 15:27:52,73.1523653558332,95.1064944333796,4.69586383909379,80.7409478041978
diesel,3460,2.41,2024-10-02 04:30:56,2023-12-04 16:36:14,74.3426370216417,79.8199676887714,5.17344227663245,96.2861554557129
diesel,392,2.1,2023-05-11 21:50:32,2024-12-25 12:14:52,79.1302358572075,95.7825393630317,3.72745527863819,66.1989854178511
diesel,7148,1.46,2023-05-02 08:46:02,2025-01-03 05:39:29,72.8161788138089,107.58005721471,3.65940129309014,62.9661756064485
diesel,3180,1.31,2024-01-05 11:43:50,2025-01-17 06:36:06,66.9671144963066,107.917590248734,4.50014303311388,79.4445230110338
diesel,4772,2.42,2024-02-04 20:10:59,2023-10-09 19:36:16,83.7479195210271,71.5049457871168,2.64306443030042,83.8406544893931
diesel,6921,2.68,2024-05-25 03:22:39,2024-08-19 18:07:04,81.9072703934524,98.0760477927425,4.2231530547477,79.6730525190591
diesel,6391,1.98,2024-06-26 23:01:47,2023-11-25 19:28:32,68.5386865244719,79.2498883454258,4.55188597182215,59.3255789996012
diesel,8932,1.74,2024-01-22 11:46:09,2024-01-22 17:15:11,78.448539026226,113.525930457104,4.68023020841763,79.1087996048721
diesel,3763,1.15,2024-03-21 09:17:57,2023-06-03 15:08:18,72.4851261472433,111.762196245302,2.06324729749754,66.9553049949515
diesel,91,1.65,2024-07-13 08:11:47,2023-05-26 13:53:17,76.3174360766553,86.5295916051331,3.23864473019106,86.6967254883004
diesel,8755,1.23,2023-01-20 16:44:36,2024-08-06 09:36:38,76.4711206450675,88.509321963994,3.12173674717653,83.6659824609685
diesel,5640,2.48,2023-05-08 11:11:05,2024-04-22 23:38:44,73.8279609984184,93.0809942425254,4.09988695440921,70.6012021367264
diesel,4532,2.68,2023-07-24 08:13:20,2023-06-12 10:41:07,71.081171672068,66.2080990790299,4.48074457976798,74.8613308266331
diesel,6633,1.47,2024-11-29 08:16:19,2023-12-05 09:00:50,71.5472947384187,105.039522601609,5.49671040744598,69.4078647811105
diesel,4815,2.27,2023-11-03 08:02:28,2024-05-31 16:12:04,70.4190404225938,95.907331804898,3.50503451963193,79.3732090272683
diesel,4614,2.38,2024-07-27 01:39:06,2024-05-05 09:30:42,70.8408889588478,114.552626238518,3.50242750169079,89.5514232050124
diesel,9821,1.33,2023-08-26 17:44:50,2024-05-21 03:20:15,74.6641085497532,83.5238617305617,5.14967201887875,70.1427395366446
diesel,2497,2.31,2023-07-02 13:51:11,2024-11-29 20:40:20,71.4212000544463,90.713155776251,4.29657693853031,85.0404651551784
diesel,9334,1.26,2023-11-20 07:19:40,2025-01-15 20:49:49,78.4102603285631,77.4021211294133,5.26765151118797,74.6974238162756
diesel,1187,1.78,2023-10-02 03:06:14,2023-01-22 00:43:30,82.4362307766796,84.9356415475862,4.28872800300984,72.0712716773766
diesel,7159,1.63,2024-12-10 21:48:31,2023-11-11 15:00:50,72.0997337931498,82.2702700589767,2.84288338128673,78.9296964004544
diesel,3229,2.54,2023-09-29 16:10:14,2024-03-24 13:40:01,76.1970225026769,114.939605182697,2.66687164522219,69.6475767758063
diesel,279,2.12,2024-01-04 23:05:02,2024-12-23 08:06:26,77.4984255515147,89.5260722687291,2.44848775094107,74.4635069465282
diesel,577,2.02,2023-02-11 18:51:59,2023-03-09 06:14:46,77.3600113545964,101.862635271169,4.66205183475847,68.0212210741115
diesel,3704,2.98,2024-10-14 04:51:20,2023-02-28 06:46:17,75.3797763395804,94.2885489420729,5.18859682308701,99.6472513291639
diesel,8968,1.33,2023-05-01 14:27:04,2024-11-25 23:50:18,78.7134120917986,80.9580210098078,5.84936214138638,80.3526355197173
diesel,9739,2.68,2023-02-01 15:46:44,2024-05-21 08:46:47,77.4112447634033,97.4754936524254,4.84310533232324,73.0027449200742
diesel,9317,2.26,2023-05-21 19:15:11,2024-01-12 04:33:05,68.8116878883635,108.986549977954,5.16283857753499,82.1397991073422
diesel,6484,1.64,2024-03-22 04:03:20,2024-04-09 16:48:30,79.3457803219464,81.8836091118497,3.41998366734632,78.8767195030917
diesel,8246,2.09,2023-11-26 18:59:23,2024-09-24 12:38:20,79.4364541863337,112.136691860971,2.84358418325614,77.7903040046678
diesel,9678,1.99,2024-04-12 03:24:31,2025-01-11 05:32:12,71.1835694791071,87.2541861778346,4.85007933241755,86.1416670004343
diesel,9537,2.85,2023-03-09 17:53:36,2023-08-24 20:07:28,75.189689177238,92.7552411089074,4.4176807522394,87.5750771004731
diesel,9754,2.57,2023-10-02 03:29:40,2023-05-04 15:25:47,78.4166449640554,107.960246845151,4.10744437434089,74.6949885238947
diesel,3636,2.97,2024-06-18 09:04:23,2023-04-18 16:12:45,73.9534309021032,90.0484576417077,4.38737148063299,74.2418175935532
diesel,873,2.17,2024-01-07 23:07:26,2024-10-11 12:00:17,80.3648902388301,100.563622890038,4.32318548245821,77.2494830284836
diesel,7454,2.88,2023-07-06 03:06:42,2023-11-29 14:15:52,86.8193624730968,95.2796375681786,5.28381685985356,56.9807883526442
diesel,9671,1.2,2024-09-18 13:32:58,2024-04-30 14:38:31,71.0700698368251,101.940520100557,5.29498558481696,64.8480893780145
diesel,7066,1.63,2024-12-14 06:38:19,2023-06-11 15:13:14,68.0947769842311,64.2889134171475,4.54422035234035,93.6687426744452
diesel,8235,1.72,2023-10-20 22:23:50,2024-09-23 14:35:35,76.5190929780244,72.5547727718788,4.84580287256293,96.4496771350128
diesel,4271,1.45,2023-09-18 20:14:44,2023-02-10 03:54:28,78.6078125256307,109.239505090703,4.51406255242478,77.5096396044362
diesel,9948,1.62,2024-01-07 11:19:59,2024-10-03 13:05:02,73.8456681307762,115.557721084736,3.53883026796538,85.7655696305577
diesel,3427,2.46,2024-08-03 14:16:44,2024-03-12 10:33:18,82.2663033166052,86.3426994470272,4.75656467491314,83.1125015454354
diesel,8502,1.06,2024-01-29 10:07:45,2024-08-03 13:45:11,68.3069710013838,96.339574717433,2.60550493114074,110.788808084552
diesel,2365,2.75,2023-08-13 05:59:21,2024-06-27 03:18:50,78.4645931151581,104.420788793535,5.05389155229588,91.1957491143458
diesel,3694,1.38,2023-05-31 03:15:03,2023-12-29 23:01:15,71.9706958962055,110.398264024881,2.80547706023397,78.7208240851923
diesel,7525,1.03,2023-05-31 21:01:24,2024-05-23 23:09:43,83.5968895310365,69.5848409249373,4.28580328679473,70.4445955939957
diesel,7650,1.52,2024-06-20 04:04:55,2024-02-11 11:43:13,84.9625767658406,86.7093962953243,3.15484604157384,63.9355367974243
diesel,1522,1.53,2023-04-03 11:00:48,2024-08-21 09:17:03,71.1667170610833,95.0113093022519,4.55338898307443,82.0346363586722
diesel,7188,2.44,2024-03-03 07:58:11,2023-12-28 08:33:18,72.2522143204571,110.547102958541,3.96607477407209,72.436492547157
diesel,9925,2.93,2023-07-12 03:25:54,2025-01-17 18:55:43,79.297939434899,137.476457255822,2.40524404183667,65.7774629040233
diesel,1030,1.77,2024-11-21 14:28:05,2024-11-01 09:05:24,73.0643467510524,96.5799140978542,4.42069963101848,73.5342711575747
diesel,903,2.79,2024-02-13 07:44:54,2024-05-13 23:09:31,74.7729439103388,78.8953380684402,3.42207922316729,69.1845199638561
diesel,6227,2.21,2023-07-12 20:29:12,2023-09-05 15:57:03,75.1269421027121,106.034021158019,4.88114672081337,96.8714163507256
diesel,7746,2.6,2024-08-13 01:48:56,2024-07-22 18:10:10,65.4016342190117,119.814936843111,4.00132568873441,88.8163975694945
diesel,3718,1.12,2023-01-20 16:29:01,2023-10-10 15:07:29,74.9308112695288,101.620211814693,4.39542098538804,79.9202735868338
diesel,5372,2.93,2023-03-12 19:52:41,2024-08-28 12:46:32,71.5513611296791,86.4002718226856,3.04243104498479,94.7994413889003
diesel,8814,2.39,2024-04-23 17:54:29,2024-11-09 09:22:57,72.5343858880011,114.3699091222,3.41066776857264,80.7736830764762
diesel,4633,1.05,2023-01-13 19:29:42,2025-01-15 18:19:41,82.2181600173441,109.953184277477,3.54136136389892,71.3871579867174
diesel,3464,2.13,2024-03-28 00:57:03,2023-02-13 11:59:49,68.7174655286037,84.6087873370656,4.85670248024256,95.2312407726966
diesel,1126,1.57,2023-11-13 14:53:13,2024-05-20 19:53:53,79.0660259337399,105.721384263015,5.67737708780549,85.3891004368466
diesel,6941,1.48,2024-08-08 06:34:21,2024-12-29 13:51:52,73.605185348341,114.958983514883,3.19482824825712,69.6275384567354
diesel,1356,2.47,2024-12-14 21:23:34,2023-02-07 04:45:55,73.6011991575208,117.728350638383,5.07684814465768,78.0966132191639
diesel,3646,1.65,2023-07-15 11:28:56,2023-10-18 03:35:12,78.9518594802586,99.0032653703582,1.8303225822743,71.2438174661524
diesel,5391,2.48,2023-04-07 13:02:01,2024-02-17 00:10:34,76.7002564728445,94.6288083073102,2.80581059890771,66.1720026903566
diesel,7943,2.44,2024-08-08 12:06:38,2024-06-28 23:38:59,77.8530649860977,118.409107331219,3.04122154381323,89.2617754753164
diesel,8446,1.27,2025-01-15 03:28:21,2024-04-12 14:56:51,79.8409233026643,81.8475924552867,2.64749131055928,99.0941664047013
diesel,4919,1.29,2024-08-18 01:20:52,2023-11-30 04:57:06,73.3434580840834,106.578689363815,2.41641161021242,66.0143242618086
diesel,7735,2.58,2023-10-19 21:20:39,2025-01-16 05:00:22,71.9388163274613,79.4496005895336,4.4129989121378,85.6296923669057
diesel,8862,1.3,2023-01-25 13:01:59,2024-09-02 11:21:05,69.574247367211,115.980644083894,3.78593230227214,73.4935743087817
diesel,491,2.41,2023-07-12 20:15:07,2024-11-09 21:09:16,70.8729473501052,96.1293172658326,4.37940539760511,75.128746162353
diesel,9408,1.26,2024-02-09 17:24:34,2024-06-19 20:36:40,89.7454721265436,119.028748534712,4.69047268612151,74.0760607576113
diesel,8862,1.05,2024-08-05 16:12:31,2024-03-09 23:05:54,81.2233979036839,107.371191345333,4.26561699317253,71.3600923032018
diesel,7316,2.33,2024-08-23 03:44:29,2023-07-28 22:56:40,68.2446281689599,81.6516965490711,4.65776317615037,80.4852162794483
diesel,9408,1.07,2023-07-31 21:28:54,2023-02-02 17:06:31,68.3877102162821,121.369415981159,3.93046771375773,71.6904988358896
diesel,7098,2.88,2023-05-21 14:12:10,2024-08-29 12:31:45,77.4093303085925,123.268678996416,2.81300661169426,82.7045682577984
diesel,751,1.41,2024-11-20 02:16:17,2023-05-20 21:06:39,77.7363239868898,113.234297388988,5.0578141808208,79.4976189055086
diesel,255,1.42,2023-11-09 14:06:50,2023-03-11 07:07:00,77.7444191765868,88.5761820244567,3.41088786721887,77.6105195313359
diesel,6881,1.89,2023-10-28 20:48:38,2023-03-06 04:27:47,73.7252210322315,95.4097906846389,3.06440370123757,70.924363379584
diesel,372,1.1,2024-07-09 04:41:05,2024-02-21 07:17:29,74.3727286999855,102.181408261086,3.8220821241956,74.2322866943167
diesel,6732,2.57,2024-08-14 04:30:33,2023-12-31 06:48:43,76.6393976207968,89.4443440100285,3.08718908070349,87.5539122582576
diesel,9630,2.81,2023-05-22 12:46:00,2023-02-26 21:18:51,75.4294650314667,125.385198586948,3.58256961801057,85.0091718762438
diesel,4465,1.04,2024-03-17 21:29:00,2024-02-24 02:26:12,63.9034981362623,102.164897075891,4.34405392156347,70.2244475520145
diesel,4477,1.82,2024-12-21 18:02:17,2023-06-16 14:54:39,73.851001847124,59.4497792933896,4.34834173924613,80.9933230542923
diesel,5153,1.48,2023-10-30 16:18:11,2023-05-05 03:00:50,70.7429678286984,105.090337191343,3.10216993357437,87.5138712337179
diesel,2825,2.91,2024-12-23 01:55:18,2023-04-05 02:02:12,75.8760570945426,94.7776390477403,3.51229462705126,63.3059471887863
diesel,8406,2.67,2023-06-22 23:53:43,2024-07-05 03:44:17,89.9262950130171,98.8761016582233,5.07433300477024,85.4336019237993
diesel,3070,1.41,2024-06-12 14:25:23,2024-09-12 19:42:05,76.8374083273715,94.4707095132145,4.49640011773394,73.3737624105415
diesel,2886,1.85,2024-05-05 09:26:10,2024-02-09 16:01:03,73.432351569138,112.1056962491,6.07506503934854,85.7059866859316
diesel,1150,1.2,2023-07-20 16:08:24,2023-04-01 23:20:52,79.6090075098863,116.795316678301,5.18012817374153,72.3674084345748
diesel,1181,1.05,2023-02-09 16:08:26,2023-05-29 15:13:54,77.4134394360461,104.24579743388,5.14429306855994,61.9511789933548
diesel,4956,1.07,2024-03-23 08:27:38,2023-05-05 03:37:48,77.1004724522592,94.9103321929276,2.6121314495442,63.7245756211684
diesel,797,2.32,2024-07-19 02:21:52,2023-08-14 19:16:50,78.0342529660784,99.3799419278625,4.76386035163342,80.4808494666138
diesel,7438,1.08,2023-02-04 20:18:40,2024-11-04 19:37:18,85.2827178241477,100.293994248664,3.94689319830309,82.5972250172148
diesel,5049,2.21,2024-07-03 17:49:38,2024-05-04 02:18:40,69.3455578233704,87.9635494020274,3.44901819646175,70.9568337489559
diesel,816,1.22,2024-05-04 22:37:35,2024-06-23 00:30:32,77.3681603840573,108.683929728569,4.16801534053253,86.3859245877737
diesel,2751,1.15,2023-01-31 13:28:44,2023-05-15 12:42:15,70.3680943500923,106.900634857907,4.94521153461148,63.3847993773104
diesel,2644,1.91,2023-06-10 08:20:14,2023-07-18 02:24:55,77.7775632317112,123.10661859665,4.50083159100421,79.3392020135268
diesel,6997,1.14,2023-10-22 02:56:53,2023-10-11 04:07:21,70.4065674425695,118.830246704327,3.12152619865794,67.8898380023754
diesel,3029,1.01,2023-03-14 16:01:13,2024-12-29 02:45:54,72.9131659319746,89.714876236148,4.74245891359262,73.4816389219784
diesel,4540,2.98,2024-08-29 08:47:58,2023-10-19 10:06:04,73.5245504288105,112.304475617634,3.36241245792404,80.4739867131641
diesel,8624,2.34,2023-11-25 08:14:21,2023-02-25 08:20:59,79.8790835967236,85.7356992535829,4.21668311896429,71.3958663471605
diesel,5665,2.3,2024-10-14 04:30:59,2023-10-03 02:54:40,79.5922722197121,110.438981514113,3.69664993252287,76.1544445577018
diesel,3595,2.22,2024-08-15 13:55:46,2023-03-10 13:33:47,68.7714131177681,92.2507870185984,3.78113374826437,90.0629280921444
diesel,7291,2.07,2023-06-25 04:10:51,2023-03-26 19:47:27,75.2746705549993,84.6512016493662,4.76624297504051,74.2310813047685
diesel,4344,2.85,2023-06-29 13:34:35,2024-03-17 11:06:39,71.4521007262541,104.200680140461,2.9598062801841,88.3569211206514
diesel,1525,1.14,2023-11-14 04:21:17,2024-09-19 00:21:28,68.7074754466233,59.8814930776879,5.94519507427693,68.7029314534238
diesel,8521,2.56,2023-07-15 17:32:19,2024-06-20 06:22:40,73.9149147478781,73.7353663839216,2.1789139307055,85.2980417791528
diesel,8537,2.01,2024-10-31 03:04:27,2024-05-31 06:30:16,73.4575860577209,97.3376217433858,3.40233231674514,94.415686206579
diesel,6101,1.79,2023-02-15 21:46:25,2025-01-07 18:32:00,87.1335824317276,101.236626499523,4.37021188994174,55.2835549987271
diesel,5622,1.88,2023-04-30 07:17:04,2023-01-21 11:16:46,77.1647991268035,94.4602184476272,4.58431416643531,72.0310474452952
diesel,6312,2.12,2025-01-03 12:51:12,2025-01-03 00:10:57,68.1119124962288,76.308455519236,3.89952427942829,85.7707212718054
diesel,2829,2.91,2024-06-13 00:25:41,2023-03-04 12:50:29,72.1761299791453,87.7316223679224,3.94260929699846,77.9695461395701
diesel,3926,1.14,2024-01-09 19:27:16,2024-09-22 08:51:54,80.106916477147,105.868139908561,4.41055008532762,83.7114587337131
diesel,8722,1.56,2024-10-21 17:57:40,2023-03-25 03:52:52,85.4422138643496,108.726726559425,3.76893052254232,73.9601481328418
diesel,9509,1.02,2023-11-18 11:04:14,2024-10-10 17:26:10,67.0700834388102,99.7566532360609,5.39318125793491,80.865897874729
diesel,3321,2.56,2023-12-19 18:46:21,2024-06-28 22:54:17,65.6003780743048,117.352506715555,4.8393491142316,78.4432276460792
diesel,565,2.25,2023-05-10 22:04:37,2023-04-15 13:16:42,84.3548258768589,105.960955351889,4.87282435100564,91.6778206165981
diesel,4353,1.75,2024-05-10 05:40:46,2023-02-02 16:26:11,76.9480708868545,88.7881651906268,3.03384327662958,82.5442084330121
diesel,6701,2.7,2024-11-17 03:17:12,2023-06-08 14:56:22,70.6585363406182,95.7924691988257,3.9206115755943,83.376026620752
diesel,6941,1.21,2023-03-02 15:07:23,2023-12-26 12:16:52,77.6731454306122,78.9570076418822,3.6995340512793,75.8812303387753
diesel,9449,1.49,2024-09-09 02:48:06,2024-03-26 00:51:22,61.8212613049156,98.3779151441288,2.99439862431053,75.1239377592751
diesel,6355,1.55,2024-09-22 06:24:35,2023-01-16 22:47:39,75.0168775329858,116.68150928832,4.36016418394577,75.6744181218038
diesel,3767,1.81,2023-03-24 00:47:31,2024-08-04 22:11:14,76.6391058642154,110.279351270665,3.46235424222018,83.944521423783
diesel,7423,2.01,2024-05-14 07:09:48,2023-08-27 19:59:28,79.6213506976892,121.030139888787,4.65540382985024,75.7901551917974
diesel,7365,2.75,2023-04-21 14:30:14,2023-08-22 01:32:42,69.9305202385373,95.4567213430151,2.92980843710567,82.8977485689641
diesel,4320,1.8,2024-11-08 17:32:14,2023-06-10 12:07:06,75.4284358070168,120.191496917714,5.71904061284182,100.754007986454
diesel,5369,1.41,2024-04-07 11:01:48,2024-11-30 13:21:29,70.3728768697021,97.1004366032805,3.10366734140794,88.7112470343169
diesel,653,1.76,2024-08-08 17:43:03,2023-02-12 03:25:30,76.2769187783716,122.073776238548,4.21930233720044,76.7397646783216
diesel,2640,2.64,2024-01-03 13:57:44,2023-04-21 23:00:59,70.5232683881849,99.6721487883682,4.79185931038807,92.0121392216394
diesel,9154,1.51,2023-09-05 11:03:47,2023-07-03 13:37:32,72.9594958041989,110.608470607064,3.42935956979989,75.9192462697845
diesel,5839,2.01,2023-08-16 10:14:52,2024-12-31 03:36:24,70.0209230260489,122.126685464648,4.85246864343295,59.6187546482215
diesel,1520,1.53,2023-11-08 16:37:08,2024-05-03 08:52:02,78.2556812091183,97.0985855712819,2.77081640219958,69.919136890826
diesel,1910,2.72,2023-04-09 20:51:13,2023-04-08 12:09:14,79.2922555832833,103.275834813163,5.45211769918256,61.2920807897415
diesel,6241,2.82,2023-07-09 01:17:23,2024-11-27 18:28:28,73.8268971502129,119.332951378095,4.01414926496576,76.4848651595869
diesel,25,1.44,2024-05-11 11:59:45,2024-02-17 19:36:33,75.1911899748001,98.0049525410491,3.40358859203112,80.1841837918955
diesel,1429,1.13,2024-03-26 09:18:05,2023-01-13 11:37:28,67.7570429268323,80.1866157624076,3.70081822757257,96.7643731227528
diesel,3616,2.1,2023-12-28 02:01:34,2023-03-04 07:47:04,73.5016167599661,132.145105818774,4.80891926939272,83.2692737376416
diesel,218,1.34,2023-07-29 19:51:25,2023-01-06 02:11:57,74.7489769147913,92.953533034943,3.41554470814956,77.8089947119114
diesel,5994,2.43,2023-08-23 06:00:50,2023-07-13 11:11:34,88.1039654551499,102.381340764063,3.25064231057722,88.2940558118349
diesel,1329,1.98,2023-04-19 21:30:09,2023-06-06 18:50:08,69.4401648711292,117.340100041767,3.77846340241626,57.8886469099212
diesel,2709,2.67,2023-08-21 12:57:44,2023-08-21 11:51:47,82.3208861937622,90.872591444032,2.82303788723003,82.3561455810857
diesel,4700,2.96,2024-01-26 18:12:31,2023-07-10 16:41:30,79.984293867329,84.8819813016681,5.82054390794182,87.7086519388697
diesel,9005,2.69,2025-01-15 16:11:05,2023-03-22 08:39:08,76.4031820224507,103.806059451623,3.43360540878528,65.2141375422016
diesel,6373,1.09,2023-06-25 14:08:17,2023-04-05 00:52:15,83.7931024209757,73.1038540313142,4.8316167861804,91.4375404320693
diesel,2472,1.08,2024-08-21 22:00:12,2024-11-07 13:41:18,76.8605273630343,95.6814088469812,4.20947008364777,83.3849640749441
diesel,8691,1.59,2023-03-29 03:51:58,2024-10-02 09:05:29,76.9457959783397,103.675579964731,3.01546594951803,75.847120860992
diesel,4646,2.19,2023-03-03 03:34:57,2023-06-13 09:56:27,74.7343967349123,95.9507215476225,3.99404529078727,86.3278186610629
diesel,1593,2.09,2024-02-27 18:23:55,2023-06-04 05:31:15,81.1178444120931,76.8482358522138,4.78400277931075,102.706928578044
diesel,7935,1.64,2024-10-28 23:46:25,2024-04-02 01:09:51,80.4823461690544,123.91266934306,3.81173866491369,81.818662550585
diesel,8882,1.78,2024-05-13 07:58:01,2023-02-20 06:40:44,71.871613562519,101.553072309238,5.19311294585103,82.4822058630034
diesel,8569,2.72,2023-09-04 18:18:07,2024-01-10 22:13:16,68.4037640270062,121.467281766426,5.02151539278186,75.4063910045976
diesel,8297,2.51,2024-02-09 13:03:59,2023-12-14 13:33:08,73.9850968130217,96.0994562472933,4.91891485465833,71.5015563053521
diesel,6015,2.11,2024-07-25 20:16:45,2024-11-19 23:21:34,70.9998071780118,86.7998202746385,3.540343227727,88.3033581654425
diesel,4027,2.48,2023-09-13 15:46:58,2023-06-18 18:52:50,74.6823771269232,104.037713803827,2.92015755221851,71.4391617409113
diesel,6013,2.56,2024-04-25 23:37:42,2023-09-27 07:20:20,81.1871906734207,96.7631931050767,3.38641239463721,80.7156623721939
diesel,4225,1.88,2023-09-13 03:14:23,2023-02-24 02:22:25,72.7134917245661,82.3335781301296,4.19624094066672,75.2234255323488
diesel,2172,1.83,2023-09-01 09:40:52,2023-06-12 21:27:08,74.7858830934421,122.046763881812,4.54578671353236,84.7897982574639
diesel,982,2.24,2024-08-13 01:53:54,2024-04-02 20:54:00,75.290113674042,90.6659466565901,1.82842859523955,83.3366210528695
diesel,9834,2.46,2023-08-06 16:32:44,2024-06-13 19:58:50,79.2421544110264,72.3960042280665,3.99188679838825,90.375399442579
diesel,9058,1.21,2024-05-15 15:08:19,2023-07-19 08:20:14,63.765553330077,119.92249080936,4.15808922532318,74.8998360114525
diesel,4576,1.52,2023-09-09 10:06:31,2023-10-13 15:47:42,71.9664985261735,92.4355297628107,3.72245574368445,77.3012506470663
diesel,1946,2.57,2023-03-30 19:12:23,2024-11-21 22:20:47,76.0564184613974,90.8826416107656,5.29127383901588,70.2123628421769
diesel,1670,2.4,2024-10-23 11:52:58,2023-11-25 04:55:18,81.0003947821343,73.5191861945504,4.42178007425087,75.5570673992389
diesel,7941,2.67,2023-01-05 22:42:21,2023-09-17 22:18:56,72.540487762469,126.114122298955,5.3101919080809,83.7730049304485
diesel,1041,2.43,2023-10-13 04:06:36,2024-05-26 22:44:56,65.6172364697906,80.6577911918547,3.78403947964977,87.5698861664535
diesel,7299,1.14,2023-02-14 15:52:17,2023-10-13 00:32:51,78.0985572298307,100.876742210585,4.93747749250693,70.7783467582238
diesel,5848,2.35,2023-05-30 14:22:08,2024-08-05 04:56:28,71.8231880558719,113.689304838107,5.63506639452752,88.6960592010566
diesel,8150,1.1,2024-08-08 17:23:45,2024-10-20 09:56:46,69.0516667045482,106.325753995046,5.31169344927266,93.5563785880495
diesel,6090,1.96,2023-02-14 00:42:20,2023-01-26 06:37:35,71.8782730514339,99.1051853201171,2.90785840657127,84.134349032237
diesel,1493,2.52,2023-08-23 22:07:12,2024-03-30 07:58:52,74.0773732117208,74.4750121256888,3.74632392245762,98.7679581255807
diesel,2611,2.82,2024-12-08 21:58:11,2023-01-21 05:08:25,71.9762766773089,87.8541274634907,3.6548352945502,72.2621080089643
diesel,6234,2.97,2024-05-10 13:20:54,2023-04-26 09:17:17,63.9721697145047,102.817005070638,4.48925453507633,67.5534529668858
diesel,3493,1.46,2023-10-05 09:05:31,2023-05-19 00:02:13,79.4853309844357,88.1923889501951,4.68635355501453,62.2127975109572
diesel,9832,2.03,2024-03-25 09:59:36,2023-11-29 20:22:44,81.3743752063936,103.050391899982,3.16110732597426,94.9604431148918
diesel,5224,2.54,2024-04-11 21:44:03,2024-03-20 14:38:37,78.2576099566975,110.226151132227,4.06783851391694,86.5436565635406
diesel,4285,2.13,2023-01-15 12:06:14,2023-10-31 23:12:19,69.3115716478759,114.437543287002,1.98007266784386,79.4441532908954
diesel,6757,1.08,2024-03-22 07:04:00,2024-10-18 21:01:39,73.9925423302624,81.6073096328097,5.44194500580189,82.7996862631982
diesel,1827,1.52,2024-04-24 09:39:37,2023-08-23 03:06:40,74.9673934238527,132.949690824684,3.48762575932331,68.7451095270162
diesel,2130,1.19,2023-06-17 19:24:05,2024-10-30 13:15:46,77.9939719478096,111.512190168312,4.0558639398445,104.457519796168
diesel,5485,2.55,2024-02-26 15:05:14,2024-03-21 10:21:36,78.3417024435904,99.9742876949641,3.69035028601194,81.2922118197523
diesel,4091,1.08,2024-03-10 00:20:43,2024-12-05 08:33:43,71.3291310061075,116.34304874615,5.14602757501342,81.0939479460489
diesel,5456,2.26,2023-07-26 10:50:16,2024-08-27 21:34:10,75.4099777820678,135.48111658,1.16249355860262,87.2576662389869
diesel,7064,2.02,2023-04-02 01:01:29,2023-12-05 19:43:57,77.2864020230762,78.419198484147,3.98338965767409,84.8100923173671
diesel,6055,1.33,2024-03-23 22:25:40,2024-09-18 22:59:11,82.2791116107338,96.6210603626297,3.8941812425023,82.2388402427913
diesel,4458,2.31,2023-01-21 12:37:14,2024-02-18 10:13:23,78.5225326991236,64.3235251019001,3.54636361240832,72.0952554455469
diesel,5214,1.74,2023-07-08 23:13:13,2023-12-03 18:29:04,78.9452834368776,102.88977298972,5.72622654563563,84.71468357136
diesel,8750,2.15,2023-08-13 21:36:37,2024-07-25 13:29:36,75.4191331396468,105.480913628877,3.11267054114423,98.8202449647503
diesel,2632,2.83,2023-09-27 15:20:35,2023-06-07 15:08:50,82.0522957260175,99.4125682683586,4.77179617723566,93.4542004615498
diesel,9394,1.01,2023-05-31 08:30:01,2023-09-30 22:40:39,77.0488139797975,90.1819964350254,4.35625278870608,95.931866266394
diesel,8575,2.38,2024-09-07 01:33:11,2023-02-07 00:24:08,70.6945604491322,69.2572822571751,5.26151925253552,74.8878432356882
diesel,1558,2.44,2024-08-01 11:02:48,2023-10-07 11:59:05,82.016849850626,105.603005251177,3.33281091522249,70.1039517974142
diesel,1663,2.86,2024-04-13 01:36:52,2024-07-27 00:03:27,78.4895163626951,121.83151725873,3.26703110087624,78.7421307990035
diesel,9566,2.45,2024-09-29 16:06:37,2023-03-15 23:30:45,72.7847798943576,91.1347231639985,5.0960699074774,80.5572491228869
diesel,4232,1,2023-11-01 15:08:20,2024-06-26 02:56:06,72.6025351630038,106.600898935347,4.42532130833011,90.9419151847095
diesel,1904,2.78,2023-03-20 12:26:17,2023-12-02 04:02:50,76.4828777257038,76.4778352986992,2.45506265332324,63.0753537028518
diesel,6908,2.01,2024-09-08 07:17:57,2024-04-06 09:07:12,77.3159239763379,106.858195955388,3.46069498553673,95.2955031946061
diesel,4852,2.46,2023-07-16 01:52:09,2023-10-02 06:20:00,75.986461328156,94.0992655338302,4.38638265384806,78.4199210142101
diesel,3837,2.23,2023-11-23 19:19:02,2024-02-15 02:32:15,76.5565433672144,88.5637307409563,4.83776422154659,75.7311893005258
diesel,4679,1.55,2023-02-18 08:16:53,2024-04-19 02:06:45,83.4997868728819,88.594545381758,3.32076934680704,69.8789562473983
diesel,3745,2.53,2024-06-03 00:26:43,2024-07-18 07:16:12,80.3577157611744,94.0958262695049,1.08574401018306,63.4514332813423
diesel,841,2.72,2023-10-31 18:15:49,2023-12-15 01:10:17,75.9531779563251,105.736499735388,4.52322318573703,88.2317058396191
diesel,458,2.15,2024-08-04 04:28:15,2024-08-06 21:53:20,79.7065529038374,80.3175519820672,2.77967931005602,80.7331796718841
diesel,5026,2.88,2024-01-31 14:21:59,2024-10-02 20:30:54,69.8373804823623,94.0432700264822,1.98266120187759,67.1003910025895
diesel,9933,1.47,2024-08-25 03:53:10,2023-03-15 00:29:40,76.9896352497341,99.3779233300128,1.16767407501586,67.0492122793638
diesel,502,1.68,2024-11-21 01:19:10,2023-07-28 08:54:27,84.0465317486656,83.5144116320221,4.81398086019774,76.6421530070987
diesel,9405,2.38,2024-03-31 04:07:16,2024-02-29 00:24:13,73.9097705230381,126.949978025125,4.12861745040497,96.6902152528939
diesel,9722,2.19,2023-12-25 01:21:16,2023-04-12 05:34:03,70.7618303569046,87.1975677990799,3.77434361928775,77.404086486364
diesel,6150,2.01,2024-06-17 09:13:06,2024-12-19 00:42:15,71.7395555570347,89.9584462954976,5.38902436296276,64.9685704688189
diesel,4573,1.88,2024-08-07 08:19:56,2024-05-09 10:41:39,69.5518348132881,85.3253807526625,4.63732468302307,77.5425693591406
diesel,6544,2.28,2023-06-23 18:00:56,2025-01-07 22:58:58,71.0761904593615,126.977201307072,5.61630004272192,77.2727643025233
diesel,3636,1.17,2024-05-26 16:46:25,2023-12-02 22:43:30,73.1474595070499,108.293578428992,2.607264527833,53.0311335705843
diesel,3740,2.03,2024-12-30 00:26:05,2024-11-30 00:43:38,67.9721649041068,85.9511199063454,3.96544937604604,79.4570513348219
diesel,4097,1.21,2023-04-27 05:24:53,2023-01-07 00:09:33,75.078091669748,116.5934733829,2.38328662505199,77.6906546979132
diesel,1575,2.45,2023-08-31 12:31:28,2024-02-24 20:51:23,79.5113858689332,103.010480414333,3.77061766814453,86.9620636481342
diesel,9842,1.5,2024-09-19 04:08:18,2023-05-28 01:12:43,70.4612190992654,103.858801316673,3.75138414623332,98.4895609494535
diesel,858,2.37,2024-10-21 03:13:04,2024-04-09 01:17:16,82.5964196182088,94.8328418687132,4.62661363726307,91.2656502954776
diesel,8497,1.55,2024-07-13 10:34:45,2023-02-03 13:09:49,77.553960442638,88.7587601956454,4.0455638811419,77.3111130944517
diesel,6482,2.35,2023-11-10 08:03:06,2024-03-31 02:37:49,80.1529029281203,105.066491485819,4.62340713827992,68.9347409125833
diesel,81,2.67,2024-08-17 09:15:20,2025-01-15 16:09:55,71.7108272307393,91.8236915500661,4.70344013313889,105.733598032499
diesel,5472,2.55,2023-07-14 17:17:13,2024-10-17 10:02:16,79.2726261353331,127.251334443627,6.15492867738314,80.5921843401449
diesel,6859,2.75,2023-02-21 06:25:11,2023-05-04 01:07:57,69.5403304980234,80.9606334213534,3.68470334471388,80.1392929191295
diesel,4159,2.78,2023-01-18 00:48:37,2024-06-11 12:33:32,79.4512375041825,123.042351592824,3.05897729933362,79.7587491289
diesel,7426,2.93,2024-06-18 04:55:37,2024-08-20 08:43:21,75.8591966989677,98.330217268033,4.24608361531641,81.9808476076786
diesel,7634,1.71,2024-01-25 02:51:40,2025-01-01 10:56:19,77.7662560999239,104.486286010317,3.19771997286046,78.5563958807606
diesel,9845,2.79,2024-09-06 04:55:10,2024-12-04 03:31:53,69.1220269718757,112.497366499442,5.48196076843654,74.2633799311976
diesel,2477,2.12,2024-03-10 12:55:42,2024-04-13 09:23:48,70.524650788617,90.5462605749335,3.71678196105477,74.5314105875961
diesel,9800,1.19,2023-10-18 16:49:31,2024-08-06 22:02:04,77.9861410912669,112.96372577048,3.43442363212601,79.67246729784
diesel,9688,1.94,2023-05-10 17:36:26,2023-08-27 09:01:45,70.258259978879,59.3868421692823,3.52868427884888,74.5657522886624
diesel,9464,2.39,2023-03-09 04:11:31,2023-10-30 20:52:09,77.3160314604956,89.2001570016709,4.71841742347164,72.8715421732284
diesel,3106,1.64,2024-12-01 09:33:09,2024-09-24 08:17:59,68.1643109676988,86.139057889884,3.84225301676852,81.064302276919
diesel,1771,2.99,2024-07-19 14:34:26,2024-04-13 12:55:13,79.2408710633333,81.1974098144236,3.35833317986962,77.4502278257914
diesel,4109,1.24,2024-05-01 16:01:29,2025-01-21 08:35:05,68.8373834261575,96.7756774288157,5.66535191762353,95.0399298858269
diesel,9181,2.28,2023-07-22 00:03:49,2024-11-22 01:32:44,77.7614996883976,105.786249522725,3.14383015933825,53.4903019160699
diesel,5131,2.63,2023-08-08 17:37:40,2023-08-04 21:37:33,78.12815466823,110.53989997749,4.03556607403299,90.9150685192246
diesel,3740,2.03,2024-09-08 09:45:30,2024-01-17 04:52:15,71.5161409078521,103.613151358006,4.65230615161023,92.4608519249763
diesel,8969,2.58,2024-03-05 01:44:11,2023-09-26 00:33:41,77.9101328354236,90.0145980265968,2.36866488958293,59.2660976759185
diesel,3416,2.35,2024-05-23 13:36:46,2024-04-13 19:07:39,76.3022113166678,105.535246567378,4.48026050140593,76.5731240591965
diesel,943,1.74,2024-07-18 12:58:40,2024-01-08 11:24:19,72.3057907190363,101.864285422763,2.94489232451955,76.2855913400421
diesel,2962,1.8,2023-07-23 18:29:23,2023-08-27 15:15:58,69.957226579619,114.04084251904,4.822782780834,65.9248830528218
diesel,4731,2.44,2023-05-05 18:44:37,2024-03-17 09:23:17,65.1868715416371,111.654050543973,3.03734898808102,72.2218331240913
diesel,2462,2.83,2023-08-15 22:22:34,2023-01-19 14:29:26,76.7482502364985,100.457146208809,4.69276903184886,68.8942415453417
diesel,8451,1.85,2023-03-03 12:40:41,2024-03-26 08:16:52,67.1759861431897,86.5412049075812,5.10583306629471,97.5227044342362
diesel,126,1.93,2024-11-24 00:49:33,2024-09-06 11:27:49,75.4767209972065,90.2057476625188,4.86143652563281,89.3567839314746
diesel,5423,1.64,2023-01-15 02:35:58,2023-03-26 03:32:02,73.6827589195888,91.7531596054295,4.2513166482381,92.7155509499416
diesel,2331,1.76,2023-06-25 14:33:26,2023-11-24 19:17:32,78.395713877191,95.2710049912562,3.7686990570703,87.2167206404324
diesel,5110,2.85,2023-10-07 13:13:45,2024-04-18 11:22:49,73.4897725025507,104.020756413846,3.42358042366516,68.7094822878277
diesel,8481,2.37,2024-11-08 15:32:45,2024-05-21 00:13:06,73.3527610682645,110.727615851921,5.4710346908171,74.7547973372023
diesel,6975,2.65,2024-03-03 16:20:02,2024-07-24 16:26:29,78.6593535214415,99.2332196047693,3.30050477983236,84.8937456122792
diesel,5524,2.48,2023-05-30 10:18:14,2024-07-21 01:12:23,76.6752901454206,100.241871818507,2.96293392643,67.7787219110805
diesel,7807,2.41,2024-10-29 09:46:23,2023-03-30 13:58:35,76.5807797859139,102.149594575,4.66536893503283,87.1299843017239
diesel,2632,2.04,2025-01-19 19:02:03,2024-10-27 22:55:10,77.3463379490426,92.2614203030149,3.2038631968135,77.5967460184187
diesel,7052,1.53,2024-08-06 09:32:54,2024-11-22 23:56:39,67.3221393839645,86.1191161353557,3.04993650253387,76.251791924504
diesel,5738,1.81,2023-08-07 07:07:42,2023-06-07 23:47:14,78.7839433999349,73.6684315403394,2.55639573783024,87.1095996820349
diesel,2525,1.05,2024-07-12 19:32:22,2024-07-20 16:32:54,78.062343970068,89.5727596288469,3.51709016053948,84.4426331148604
diesel,4160,1.59,2023-11-05 12:27:40,2024-05-25 18:50:22,69.9165843571175,107.097181799017,3.91728497610351,76.3903383418092
diesel,8725,1.01,2024-05-14 13:02:10,2023-11-04 19:58:28,73.779597631629,89.4563284294065,4.2430917276607,91.5932980336425
diesel,6035,1.14,2023-11-11 20:54:05,2024-09-14 16:26:42,74.8034635618619,96.4328944386109,4.95130624429948,69.189366724001
diesel,5635,1.08,2023-11-23 06:59:04,2023-01-26 01:52:05,74.3275160779913,106.996469311185,4.52689792366579,86.1593560694426
diesel,4865,1.5,2024-04-16 23:29:33,2024-05-17 21:49:57,76.6692998328427,107.81034244634,3.80912778044682,85.9310125796838
diesel,5290,2.54,2024-12-20 04:28:02,2023-08-28 05:48:58,82.1568339091559,83.8070072175094,3.80180432362028,76.9045356068601
diesel,2161,1.55,2023-08-24 01:16:11,2023-11-30 18:48:31,80.4088336383641,114.955890346805,4.51015746891518,83.2613302224212
diesel,2551,2.1,2024-11-18 11:18:10,2024-01-14 11:31:48,68.438904032843,116.910251340332,5.27257016292857,67.488864236147
diesel,7201,1.68,2024-01-17 16:55:03,2023-03-21 18:54:09,78.1103499515302,83.0522521417216,4.1263141994832,89.240270192069
diesel,6964,1.63,2024-01-16 08:55:54,2023-01-31 20:14:29,81.644666597677,87.6424469553827,3.53086914578959,78.1509786355701
diesel,119,1.61,2023-09-24 21:53:57,2024-10-23 10:58:49,76.934042603446,117.866360247193,3.00713399891445,74.7727697948096
diesel,1566,2.6,2023-12-28 17:32:55,2024-02-23 06:01:42,80.4549021259298,97.7971971811705,2.55479473558777,90.4900922583689
diesel,2340,2.08,2024-03-09 15:08:04,2025-01-11 01:06:28,85.0613522285038,66.7033307882223,4.66626967204352,72.9565630945724
diesel,9854,2.52,2023-01-11 21:31:57,2024-01-26 03:28:53,80.1185477305349,79.0047774290097,4.57797852363956,65.9153870363644
diesel,5174,1.66,2023-08-04 09:13:32,2024-12-06 04:24:00,76.2465429782086,96.2594556224128,4.57736352510666,64.433708264761
diesel,6906,1.18,2024-03-06 08:38:37,2024-04-18 03:25:22,80.2254423704238,82.554360245731,3.87134055364794,86.0600995134564
diesel,5709,2.2,2024-04-02 20:26:19,2024-12-03 12:16:57,75.7244391654845,93.7986434404534,5.40693474589175,67.1957064750372
diesel,9749,2.46,2023-07-05 20:59:51,2024-12-20 05:32:59,75.1195152164248,100.485943205254,3.51588150541518,97.5479418198436
diesel,1317,1.59,2024-04-02 14:46:55,2023-07-05 13:08:23,73.2429288214313,121.933819060521,4.95526923720721,59.1807059211628
diesel,969,1.39,2024-08-27 23:09:22,2023-04-06 05:19:20,82.8170667941605,95.6431912565832,3.96125710501046,96.9645636829004
diesel,8572,2.04,2023-04-12 11:19:01,2024-10-21 20:10:54,70.90785667029,116.088126993591,3.39164923532066,82.1101746720262
diesel,6262,2,2023-12-12 13:27:32,2024-07-23 20:27:05,82.6618386233906,121.431402430552,4.59253030731776,79.0328688812961
diesel,224,2.88,2024-10-15 07:16:43,2023-09-26 09:05:07,77.4993206187019,121.514645040281,4.40963611868399,74.5508091319105
diesel,5365,2.37,2023-02-11 02:55:42,2023-04-22 05:11:52,68.0034691259903,104.271318900784,4.35697275926693,83.9913611435207
diesel,4283,2.83,2023-08-12 01:36:53,2024-03-15 23:48:47,76.8382464649571,70.5506627824154,4.0812784220562,79.6236529757515
diesel,6367,2.9,2024-07-28 14:52:06,2023-08-23 23:16:18,64.4998674617419,106.912372981058,3.96210691828317,91.0330188201652
diesel,4202,1.46,2023-06-27 14:42:33,2023-04-11 05:43:02,78.1275400841552,115.725998317203,6.38837199287044,81.1422764866204
diesel,3733,2.3,2024-01-08 12:19:16,2023-06-16 05:41:07,79.426157414945,98.7839934184687,5.18425664519617,81.5030176146188
diesel,6054,1.81,2023-02-22 21:18:22,2024-05-09 03:01:15,72.0382202217397,126.168758051129,4.72282689498551,76.3638778778614
diesel,8534,1.39,2023-08-07 18:19:14,2024-09-28 19:13:29,75.6177384797779,112.897503422012,4.11179915820339,79.4305437627893
diesel,8370,2.25,2024-10-13 14:38:21,2024-01-25 22:40:58,84.7707871687514,108.524100657292,5.00715720059667,83.0780176889206
diesel,8325,2.83,2024-03-12 09:17:38,2024-03-04 07:32:10,72.4712664786903,116.295710668088,4.51799477639145,62.8983160734338
diesel,6117,2.19,2024-03-28 00:45:02,2024-11-12 04:13:16,69.705462064717,105.000547768913,4.02620475277404,66.5181457789429
diesel,7854,2.86,2023-07-05 22:41:37,2023-05-24 14:43:25,82.408317012313,62.6078425090697,3.69643567473408,87.4326409402272
diesel,9235,1.16,2023-06-13 03:09:32,2023-09-26 00:34:42,84.812935952654,92.5129157279445,3.91908266233731,81.7086543812794
diesel,3016,1.94,2023-01-27 18:55:08,2023-03-17 01:50:57,75.0184783592392,117.957520408718,0.829574264121944,78.1601666364732
diesel,3605,2.25,2023-03-10 22:28:27,2023-09-06 18:39:28,80.0573151770418,87.8861298985256,4.21060083929764,80.1843393306539
diesel,5361,2.34,2024-02-24 09:51:16,2024-02-13 23:26:56,81.7073795776544,96.6479124214459,3.51152391988964,83.4758170536167
diesel,7865,1.01,2024-05-31 06:40:02,2023-01-09 03:03:50,71.2875788373081,84.3274552914539,5.59266999828288,74.6024031969064
diesel,6464,1.91,2024-01-11 16:39:44,2024-08-04 02:10:26,72.5734708231607,126.758838928027,4.01934407081175,72.2169527459769
diesel,9023,1.18,2024-08-25 03:06:36,2024-01-11 23:14:54,81.1543725657737,125.22238686127,2.81103658046504,81.9584525509768
diesel,7036,2.42,2024-08-17 20:57:43,2023-10-06 18:09:15,83.4250713935426,86.7419665728891,3.95011984587188,70.2162722238497
diesel,9109,1.87,2024-02-26 11:09:06,2024-07-17 19:14:14,77.8144043008718,102.209470005836,2.9538789149375,84.0825275571447
diesel,9118,2.18,2024-04-14 22:56:13,2024-12-01 12:54:56,70.6009282324897,89.7925892835393,4.47340741571247,62.9741639576216
diesel,9264,2.68,2024-12-16 15:35:27,2023-04-26 06:58:01,84.9353055584972,109.224169585471,4.29094736433949,90.2915563732564
diesel,5621,1.28,2025-01-17 12:56:04,2023-07-10 08:42:52,72.3451455109402,107.645246158635,4.95783963110827,84.7259748241304
diesel,8312,2.96,2023-03-03 09:07:42,2023-07-28 09:03:36,73.3243110941427,112.175583574199,3.20911820830543,82.5602973431388
diesel,9614,1.94,2024-09-21 03:11:35,2023-11-04 09:23:28,76.7116891724481,104.978776715618,4.03400809622815,89.8269098394551
diesel,9042,1.5,2023-09-15 17:02:28,2024-01-18 00:25:55,82.7708021035739,144.031093095827,2.63497820457336,96.6547444446258
diesel,4468,1.4,2023-09-09 04:42:28,2023-12-01 07:05:47,79.2698798827611,84.5811435248389,4.70149478192472,90.1437006501813
diesel,2046,1,2024-11-12 02:28:31,2023-01-24 17:26:49,77.0743275018096,74.3409496834523,4.51887118044012,61.5912576866836
diesel,1651,2.24,2024-12-03 00:19:21,2023-01-28 16:57:55,77.3164426505905,94.1036469894781,4.49580502102757,67.204230332643
diesel,6453,1.69,2024-09-12 05:22:40,2025-01-28 03:03:24,75.2175733432173,76.480176016596,4.00161903135694,73.7518142230432
diesel,5755,2.47,2024-07-20 05:43:09,2023-12-30 16:09:33,77.7906975725925,77.6130659499101,4.41477289078879,80.2609105021083
diesel,5380,2.66,2024-03-13 08:58:21,2023-09-17 23:53:12,62.3521996115285,84.9802801870305,5.6043391083086,85.1765902046912
diesel,8613,1.34,2023-05-20 19:01:18,2024-11-17 01:19:11,73.516962704651,86.1671664185256,3.71490574295799,72.7425618684653
diesel,612,2.9,2024-08-23 03:10:44,2024-01-27 16:13:02,76.2066096745839,85.6807284707491,4.13864518371009,81.8676676447708
diesel,3456,1.02,2024-03-10 11:36:30,2024-11-12 20:38:10,69.2449295819025,107.773284256681,2.91387370081859,72.4461706764668
diesel,3345,1.2,2023-06-11 03:50:41,2023-03-29 13:31:57,76.9316165890578,92.40716408372,3.13173903840167,73.8848219700805
diesel,2210,1.55,2023-05-30 17:57:22,2023-03-29 03:29:37,73.9776438950694,97.3072813769128,4.09781329309331,65.9333890315178
diesel,4554,1.08,2024-10-28 07:07:31,2024-04-11 06:14:36,83.7773784915775,113.413491617514,5.10393354670191,70.767667538891
diesel,6017,1.88,2024-03-31 18:30:57,2023-03-13 16:31:41,82.8650986260743,88.5051621282786,3.74371917574843,66.4831539438367
diesel,8379,1.74,2024-10-25 21:15:25,2024-06-14 12:57:54,72.6709721544092,96.0318115194292,3.76408347068788,70.2412674702267
diesel,1855,1.48,2023-02-03 00:53:07,2023-09-16 15:07:04,74.2458114421665,105.486399791394,3.59311475549563,90.5364179660784
diesel,142,2.17,2023-10-15 18:16:40,2025-01-09 17:08:58,74.630262171958,70.8764829906967,3.46524332915568,70.5060111116806
diesel,3851,2.65,2024-09-02 17:44:55,2024-07-08 04:50:27,72.7417026192019,64.2264173657413,4.29497145570882,106.323820648374
diesel,9462,1.9,2024-02-10 15:56:14,2023-07-13 18:39:31,75.9751249201406,105.191759931966,2.50274235482136,84.9331790088089
diesel,9125,1.58,2023-02-08 15:27:18,2024-12-30 01:04:13,71.2085896555621,107.380214208503,5.28093957666673,81.8483612369487
diesel,4472,2.16,2024-11-15 06:45:55,2023-02-01 20:34:30,69.3469233253124,130.963302022786,3.33457770187054,71.4164221981879
diesel,4769,1.02,2024-05-11 09:58:53,2023-01-05 02:33:24,78.1135561195013,102.371423138002,4.72190348543814,87.0030987940899
diesel,5742,1.01,2023-09-01 18:12:42,2024-07-20 12:05:48,78.1476479211091,112.296095758871,2.73000140260612,74.2436217376223
diesel,6933,2.49,2023-08-07 08:30:13,2023-03-09 09:23:19,70.9784212017,97.0679103462104,4.66884013054622,81.2200981464536
diesel,6741,1.03,2023-06-26 10:48:05,2024-02-04 15:53:31,79.476777153813,104.458408323776,4.6719446078145,105.600845382688
diesel,1942,2.36,2024-10-24 03:44:18,2024-09-20 16:05:50,71.8421113541733,125.008852626243,4.3842020720059,79.0394010027535
diesel,4033,2.35,2024-12-10 22:32:28,2024-05-06 10:06:58,76.2658261901899,68.1401077281155,3.00557147820021,91.4927332628568
diesel,2246,1.92,2023-09-12 15:14:24,2024-01-04 23:49:51,79.1017200630623,106.204243863575,4.24954818959808,72.9682357487411
diesel,9748,2.92,2024-12-20 15:10:02,2024-05-05 06:10:41,74.8319371764814,132.033800951161,2.81694381526561,79.6501150950304
diesel,2338,2.37,2024-09-15 22:09:38,2024-03-22 11:48:47,77.2737045607057,104.23051328814,3.74723674490381,97.7080063563551
diesel,8246,1.58,2023-10-05 15:24:57,2023-05-02 15:31:48,72.4178517805622,124.758594448493,5.02941310095533,73.7303294221223
diesel,303,1.04,2024-05-31 05:10:48,2023-05-12 23:48:00,74.0176670828595,90.5618177570584,4.79670192707074,98.1244855799693
diesel,5353,1.15,2023-10-09 22:31:20,2023-09-30 13:43:09,73.9707028455983,99.5192875875443,4.01518294254043,87.0775193545548
diesel,6221,1.6,2025-01-27 19:11:01,2023-05-02 20:32:42,71.2671082672988,100.502870535829,3.02519342407716,74.3753322410573
diesel,4208,1.78,2023-09-12 18:00:56,2023-02-07 09:40:39,74.1161291844211,66.7361338096184,4.64558771217419,86.3240773905552
diesel,9594,1.07,2023-10-14 08:36:16,2023-04-27 19:28:53,67.2569085056813,82.477332582247,4.01938123769803,89.7255444962673
diesel,9765,2.7,2025-01-25 19:00:01,2023-05-07 02:38:45,72.5442312642895,83.5468738092402,1.67968440176958,86.218099622172
diesel,9809,2.88,2024-12-02 16:08:35,2024-07-22 09:35:35,73.5756225331516,112.330991170488,4.78262982631652,64.2977528010954
diesel,2944,2.24,2023-09-25 16:31:30,2024-11-05 19:31:11,73.7191012375231,113.082296585261,3.97576716613031,72.7286282417513
diesel,2494,1.37,2024-04-18 22:15:04,2023-02-06 03:43:22,73.7925127706461,104.860546640598,5.20245124798307,77.524813644485
diesel,9073,2.05,2024-06-29 18:29:20,2023-04-12 20:51:28,74.6911790006994,112.361543452836,2.9047294811572,79.2556657089995
diesel,4130,1.73,2024-06-07 04:01:09,2024-08-11 04:43:39,77.3972075904303,97.5377588091734,0.823296186803999,86.2067209755068
diesel,6547,2.77,2023-01-11 11:09:49,2023-07-20 13:43:42,79.3725853706626,118.028975043093,4.27908385834519,81.7770100093325
diesel,4379,1.34,2024-05-19 17:06:26,2024-11-03 03:22:31,71.7511738657587,100.131826639481,4.29156367668197,66.646556412899
diesel,7510,1.53,2024-01-26 03:21:25,2023-04-23 20:12:37,68.9839957230543,100.867960711401,2.30932837239355,83.8019785100596
diesel,3563,2.16,2024-10-05 17:45:23,2024-10-24 10:58:38,69.7897779387845,96.0161105010638,3.02150045413339,86.1058574528382
diesel,7973,2.08,2024-01-17 09:02:08,2023-11-03 16:46:55,72.5639853940254,110.266757164546,6.7552177437199,85.5979044793104
diesel,8180,2.14,2023-01-09 06:16:37,2023-02-11 12:11:03,73.2403934109175,93.6820177508063,3.6943893858462,90.8078072555462
diesel,6631,1.6,2024-06-24 02:12:09,2023-04-04 14:16:01,71.1500196690127,114.646470657971,4.73095897637622,88.339221545489
diesel,5447,2.81,2024-01-16 11:30:50,2024-10-30 09:07:18,68.5194166787505,83.0177628892599,3.34934017263162,84.5918007922844
diesel,5705,1.82,2024-03-16 17:45:34,2024-08-06 11:44:27,72.7193958626291,83.5162561790771,1.90969710114684,79.2983428854135
diesel,1385,1.31,2024-01-12 01:30:50,2023-01-14 22:59:04,75.9071331005699,110.311401326898,3.82974175320409,63.3903906648401
diesel,6893,1.75,2023-11-08 03:09:44,2024-05-09 19:05:54,77.9751473291778,98.6718367812548,3.73439543971389,84.2961821913259
diesel,6587,1.35,2024-09-13 16:50:40,2024-05-12 10:33:54,72.2128847344584,93.1916287577031,3.60012176133163,82.0768768716311
diesel,5828,2.35,2024-05-04 17:28:29,2025-01-11 13:17:49,72.9350108892828,113.350865987132,3.88535916449361,82.7157883719537
diesel,6954,2.42,2024-07-14 08:28:01,2023-09-20 06:49:14,70.3665084557635,90.8910787887087,4.26426827164564,67.2325142417969
diesel,2513,2.79,2023-02-23 03:58:32,2024-02-20 04:40:20,74.8428041481261,96.9969811854945,3.84988304874619,69.1894345959174
diesel,5198,2.24,2023-02-04 19:47:04,2023-05-30 03:21:28,70.7578568290459,120.988419251067,2.73599383205264,90.531528533329
diesel,7071,1.98,2024-09-03 23:09:16,2024-05-09 11:33:48,77.865639066206,123.08713518716,4.48618479156194,79.6044484614335
diesel,6440,1.3,2024-12-31 22:44:17,2024-01-03 07:32:24,66.0706675403294,123.585973154055,2.05062824467758,86.8150069737262
diesel,1085,1.48,2024-05-10 17:56:23,2023-08-10 03:22:19,73.2018516377377,95.7681133459913,1.9496425427158,80.2831837613046
diesel,8034,1.65,2024-07-15 21:08:03,2024-07-18 04:00:55,76.5055366959587,118.460543574767,4.73918049470157,80.2975613949575
diesel,7084,1.47,2024-09-22 00:35:45,2025-01-15 17:04:57,75.9191725816125,85.7657075834698,4.50702027213536,89.38283805976
diesel,1957,1.81,2023-11-19 13:44:17,2024-10-22 07:33:00,88.4651683199025,86.3964568791691,3.94260463492596,74.8395527178263
diesel,6656,1.29,2024-07-22 21:18:24,2025-01-06 11:29:54,76.7490001228395,64.7431622106346,2.60455149524493,80.9612077694098
diesel,4938,1.73,2023-11-02 14:49:10,2023-08-12 05:01:15,69.97972701579,125.093023028478,3.29208905932592,75.3772471129496
diesel,3865,1.88,2024-05-04 03:12:29,2024-05-23 08:13:46,74.5226787645546,87.0403022638588,3.7372532523135,75.6550377256769
diesel,4283,2.26,2024-04-20 07:15:06,2023-04-04 15:38:35,66.1187683326677,98.1020113037941,2.40410603142589,76.9082787653136
diesel,8170,1.45,2024-10-27 10:10:26,2023-01-16 12:10:56,74.5970012535162,86.3451348710757,3.26097134197677,82.2213377163371
diesel,6310,1.28,2024-09-17 14:16:54,2023-03-08 01:22:49,70.8347197149962,110.427478724952,4.65233033817668,75.2125137833652
diesel,3980,1.35,2023-07-10 18:22:35,2024-08-05 22:37:22,79.5769513778008,94.3654950892399,5.42730536428922,92.5575612557352
diesel,17,2.77,2024-09-22 02:26:57,2024-12-01 00:11:02,72.2522986270223,80.4277466435058,3.58056524734145,71.053926977805
diesel,4177,1.13,2023-01-11 06:25:05,2023-10-05 17:08:00,74.4161704210238,106.624938462791,4.7564883543161,78.1312835583864
diesel,3198,2.38,2023-02-23 09:29:06,2024-01-23 02:25:45,71.822210792978,78.4940496278466,2.08593992941253,75.6026894172583
diesel,9298,1.45,2024-06-19 16:13:59,2023-03-20 03:14:52,83.6942567592667,87.4389141202676,4.65945124111361,94.4697788435373
diesel,1245,1.08,2024-12-25 19:55:41,2023-04-28 10:53:15,73.3937861694105,68.3966632806088,3.19605158527252,81.9655477651157
diesel,2029,1.69,2023-10-09 17:20:18,2023-10-04 06:59:35,84.162785217396,78.6406283170359,4.30734561670797,90.3184453946864
diesel,5093,2.68,2023-12-09 17:09:10,2023-05-10 09:22:50,79.0707588105913,102.677937545807,3.75224758176029,65.1443962696303
diesel,4071,2.07,2023-04-29 23:32:39,2024-12-11 21:50:51,77.4103336366769,70.5319594284561,5.32041400978383,82.6705026586926
diesel,4615,2.7,2024-07-16 01:50:01,2023-10-31 07:36:44,76.8436657365876,77.7828141306743,3.12556435166008,88.8963079562344
diesel,6495,2.14,2024-06-15 14:19:28,2024-09-22 21:40:34,76.9689864910813,99.9644662580079,4.62760629756183,80.8228398927543
diesel,7160,2.4,2023-01-04 08:52:41,2023-04-03 12:39:45,65.361637103272,91.8458965586042,3.72049253670347,90.6548037506535
diesel,8451,1.83,2023-03-15 18:10:39,2024-03-17 12:39:30,73.6055830292462,129.88054953939,3.84169452199034,74.8271154989963
diesel,1750,2.24,2024-08-17 04:22:05,2023-06-07 04:05:20,79.2257898559216,127.508448190366,3.81614610684079,94.0934744018558
diesel,5081,1.31,2023-07-09 00:09:01,2023-10-02 18:28:19,74.7555140826295,86.9811630587327,3.15432689550589,102.988981236193
diesel,772,2.49,2024-07-09 02:34:15,2024-05-25 08:22:41,67.9740507659821,108.357064276052,3.98590103409333,76.3716143956034
diesel,1288,1.8,2023-11-21 00:28:08,2023-02-06 05:11:20,74.7379777471127,111.239238353192,3.93735177787818,75.5449747859923
diesel,5497,1.19,2023-04-14 00:16:56,2023-05-01 00:12:57,83.5205275812775,91.037817129634,4.24124024840673,94.533844771177
diesel,541,1.37,2023-06-13 02:20:49,2024-02-17 01:13:17,81.2344585776736,77.5668769525269,4.08450514569286,95.7957214573071
diesel,2872,2.69,2024-03-29 13:36:33,2023-12-26 15:24:17,74.6899799531698,99.8155232603791,4.79799454961224,74.7713997284673
diesel,8776,2.04,2023-10-05 22:46:34,2023-04-21 06:47:33,79.7572463852904,97.4073148777883,4.92350861604737,75.7981318290414
diesel,5710,2.17,2023-09-10 18:31:50,2023-09-16 16:48:49,73.1674648981597,93.4635325454407,2.9493766781722,77.1821539113949
diesel,8544,1.84,2023-06-25 01:29:55,2023-09-18 16:32:39,66.4806420658664,106.634753022467,4.86877250059077,66.5554948896572
diesel,7462,2.58,2024-04-29 11:33:15,2023-09-24 14:50:47,70.3776700593522,88.739055894916,2.81366357289015,70.813480535158
diesel,8989,1.25,2024-04-24 08:45:20,2024-04-29 01:36:34,82.814443842541,82.7200367863129,4.58785588813774,69.9585923324793
diesel,9448,1.99,2023-05-27 00:09:55,2024-09-20 07:41:46,73.6300345908535,101.636244555247,4.61973878470287,72.3220243489587
diesel,6497,2.64,2023-08-27 20:14:29,2023-03-28 03:16:20,73.7830801031249,105.789551388533,2.0886831083375,79.6531511261322
diesel,4425,1.98,2023-12-03 09:51:41,2023-03-03 01:02:09,73.5008090186256,82.3503258414992,4.09297924652941,82.3421473253652
diesel,9292,1.47,2023-03-09 18:28:29,2023-01-28 12:00:54,84.520682947865,113.921359164866,3.53150388663968,95.5050049281408
diesel,5731,2.39,2024-08-22 16:37:05,2023-07-26 07:07:11,83.1297945768103,73.4427829333588,3.24123474206463,70.0164595926121
diesel,5263,2.75,2024-09-15 19:24:10,2024-06-10 22:49:26,86.0939011672407,91.3282981192654,5.35085233069901,89.8432239847658
diesel,2042,2.08,2023-05-08 06:14:01,2023-06-04 21:53:26,74.2047739479997,96.1298719570359,3.34632085936258,77.8601115577449
diesel,7736,2.05,2024-05-21 00:11:49,2024-12-28 13:36:40,76.4781224437355,90.4566443102211,3.19362307088195,79.5053629034757
diesel,433,1.83,2024-11-25 09:57:31,2024-08-26 15:28:36,67.416787252896,91.5240928967321,4.07569494000509,86.748194921666
diesel,3662,2.28,2023-11-15 07:19:36,2023-11-02 20:55:21,82.3846721305914,128.066117234622,4.68558974629842,68.772779784377
diesel,1147,2.22,2023-01-30 14:32:11,2023-01-16 01:42:48,69.1611022436603,87.2367386644165,3.85835141398987,83.8240974618405
diesel,4174,1.8,2023-08-10 07:46:55,2023-12-19 15:55:35,76.0838778188132,136.618325837079,5.16637054566925,81.6645220821306
diesel,1394,1.85,2023-05-23 14:57:22,2023-10-06 04:24:04,69.5134873618358,106.556901695966,4.53097566196409,84.9245126400815
diesel,2405,1.25,2024-06-20 04:41:58,2024-11-21 05:03:35,72.0556658663065,101.38082705968,1.82178868026857,82.8916864390782
diesel,3231,2.64,2024-04-28 02:49:51,2024-03-26 00:09:19,70.8136878447515,107.143605300815,3.47053303649299,104.553001399109
diesel,6532,2.43,2024-08-19 14:36:26,2023-10-06 10:32:25,71.9606236966209,137.948916238779,3.4381579006483,73.6226001574868
diesel,3082,2.47,2024-12-15 15:45:53,2023-03-10 08:36:58,72.3043864842551,85.0961049410283,4.47936095342942,74.6900304499818
diesel,5006,1.14,2024-07-03 01:08:42,2023-07-17 03:54:36,72.2586560253746,83.1937312159542,1.37518294362589,73.7685947357524
diesel,1459,2.08,2023-06-13 03:16:16,2024-07-28 12:14:29,79.1666695589015,88.6770070514212,6.54900970871772,74.4452288083975
diesel,273,2.41,2023-05-16 06:37:23,2024-12-08 21:07:23,69.4756860346874,100.482147204468,4.53102609489421,73.6261287269348
diesel,1169,1.34,2023-03-08 21:34:58,2023-01-25 20:02:23,76.1027071350693,74.1134331278114,4.14887680391769,91.8901653110755
diesel,9077,1.3,2023-01-06 12:05:37,2023-12-19 14:26:21,81.0897957615278,100.335088589779,5.18156771641915,94.2050424798986
diesel,4352,1.36,2023-08-25 09:54:49,2023-08-07 01:26:54,72.434018177433,125.403207001205,6.34365405281262,74.2925370625052
diesel,3834,2.69,2024-01-18 03:17:54,2023-02-04 02:53:14,71.410405546262,102.271110859372,4.8707466445884,71.6764442689577
diesel,7963,1.75,2024-11-24 16:34:58,2023-05-05 02:05:24,73.8473768740987,95.6097181153708,4.94881309647162,84.714155563864
diesel,8878,1.7,2023-12-15 11:35:28,2024-09-13 07:00:56,80.8986260418036,90.7275932697456,4.13069002446438,74.4777695571903
diesel,3305,1.52,2024-12-10 20:12:58,2025-01-19 04:21:42,75.9705381547668,113.477675568273,3.85847424663305,86.3293181775551
diesel,8667,2.7,2024-03-30 08:20:59,2024-03-01 21:49:19,72.343928526962,87.6125084014293,3.5242045559951,82.029230208513
diesel,3345,2.96,2023-02-10 04:44:03,2024-09-02 15:10:58,77.4193832559402,127.695938808989,3.17388800828546,64.8425588500277
diesel,5194,2.12,2024-11-29 23:45:17,2024-06-21 22:01:23,69.4885392508179,129.000396215715,3.3129859003005,95.4750520133006
diesel,7207,2.64,2024-07-29 16:01:45,2024-11-01 14:36:47,78.4067975522147,103.851261979927,2.64944403565702,97.9587767309552
diesel,1228,1.37,2024-09-27 06:09:34,2024-03-01 19:58:32,77.0430365385088,99.8272736788503,3.92412854931498,73.8721130951561
diesel,7182,1.99,2023-01-13 17:47:08,2024-11-30 05:28:53,73.4609576443056,115.459897123623,2.31533242277361,76.1229844006402
diesel,350,2.95,2024-11-14 02:14:11,2024-11-28 03:52:12,70.8070710077639,116.42197753341,4.19091652414371,82.8586539072491
diesel,3705,1.14,2024-02-03 02:49:54,2024-11-07 21:58:21,70.5665953885827,87.9101240341088,3.96366939195766,83.3445678998703
diesel,4404,1.56,2024-01-10 08:03:56,2023-01-08 21:36:23,77.6740866817296,92.1016730029495,4.14693529838669,86.5854427267283
diesel,5799,1.55,2024-12-08 02:05:33,2023-01-11 18:28:22,81.1449025124453,80.1647884797506,3.47786842998001,100.102045387664
diesel,8508,2.25,2023-02-14 21:27:35,2023-08-11 06:29:43,71.813461264856,106.135974075011,7.0768603701805,78.2305277250595
diesel,4113,1.05,2024-06-17 01:55:13,2024-01-23 11:16:11,77.2919335177574,109.999418251853,5.36011590018031,72.0170275546155
diesel,5528,2.55,2024-11-28 09:05:13,2024-11-07 18:23:31,64.5648649069897,79.7511154320809,2.75545749991528,66.2068077198547
diesel,3382,2.07,2023-03-30 21:49:20,2024-02-24 20:17:14,72.076911346714,93.1720164277576,4.2328680874269,72.6906996005808
diesel,2059,2.83,2024-08-23 12:08:37,2023-02-18 11:39:51,74.8447053356455,79.7911912362798,3.39199385706268,79.668730271262
diesel,9373,2.63,2024-10-05 20:35:55,2024-02-24 07:59:06,70.4515829150908,86.5180028463424,2.98552027329259,97.9455786351779
diesel,8438,1.85,2023-08-14 16:44:19,2023-07-02 05:53:10,70.317468126052,108.265255903394,2.65992792887607,74.8238870096383
diesel,7037,1.36,2024-08-10 13:47:13,2024-07-24 10:59:14,71.6611022176556,88.9977689998258,4.43221669075925,82.237879516389
diesel,8288,1.82,2023-03-11 18:26:47,2023-05-18 22:15:45,76.4609636416319,95.4876106595155,3.31861976493043,79.8357710392725
diesel,4572,2.69,2023-11-21 12:31:59,2024-04-21 04:40:30,74.0633549079681,75.5903240807903,4.9678260240252,91.8839327344808
diesel,8399,2.28,2024-11-10 05:56:52,2023-12-28 06:27:23,63.8088438333751,102.80485314587,4.99378221453044,105.269324258736
diesel,384,1.4,2024-12-04 14:41:10,2023-06-09 19:01:16,64.3964992368247,99.3359002023303,5.37391438521145,74.6913122707968
diesel,8421,1.39,2023-05-28 17:35:14,2024-09-29 16:35:01,71.9656741107141,89.0656112495026,3.1476132339259,75.1056055748178
diesel,9311,2.66,2024-05-14 08:48:29,2024-12-30 15:00:23,77.2884329302678,97.1647855347629,4.47536561069201,90.4416087706907
diesel,4547,2.9,2023-08-01 14:52:43,2024-01-05 06:24:07,61.2624757863738,102.704423207552,4.6324542166423,86.8189148962631
diesel,3001,2.04,2023-09-14 03:04:56,2023-04-22 16:11:03,72.5013491192419,87.7769777663598,3.52582182489604,98.4670732573603
diesel,8970,2.64,2025-01-10 11:30:04,2023-08-11 14:52:23,72.3687607174129,77.8560618399733,3.22822804260713,85.8392818532596
diesel,7919,1.08,2024-03-01 07:29:23,2023-05-09 12:22:32,81.9416888910422,127.083616490302,5.60952066577597,76.4070790921294
diesel,7582,1.41,2024-06-04 04:52:06,2023-07-23 22:11:17,73.0748909414357,90.5009094293459,4.22749587573205,85.9065483069231
diesel,9652,1.47,2024-04-23 14:31:14,2024-05-27 15:44:11,76.9149449237046,98.5485984521967,4.63596775071174,91.0870358058291
diesel,6607,1.95,2023-12-13 09:08:49,2023-12-25 19:39:43,75.7062857004373,115.162596025305,3.17792398817207,88.2048218119736
diesel,3443,1.4,2024-05-01 04:08:55,2024-05-11 09:44:44,64.347167600964,152.935827813557,2.78071553347781,85.072740311073
diesel,6409,2.75,2024-12-06 15:24:16,2024-10-28 02:50:07,78.8410360831587,81.332703251667,3.43055022550789,90.6667468958915
diesel,4711,2.48,2024-07-13 16:57:12,2023-09-13 22:05:53,76.0769825272814,106.747408205898,3.87597861261,91.6929559044567
diesel,7205,1.17,2023-05-24 18:51:09,2024-02-29 06:10:21,77.5413431983729,89.3867157205884,2.93577999318265,93.8215899103753
diesel,8997,1.16,2024-06-03 17:57:23,2024-08-13 03:07:53,94.6311885321816,91.9181454313493,3.99015519134962,86.4870988758964
diesel,6922,1.61,2024-07-07 13:14:06,2024-10-05 02:10:48,64.5794353025071,89.1968196848981,2.3114948119315,78.3288191968315
diesel,4385,2.14,2024-12-24 15:31:33,2024-01-19 01:38:25,83.6234832488055,83.1151754829912,2.87995257753013,81.4671368643332
diesel,2387,1.32,2023-06-21 09:32:14,2023-12-14 12:28:30,73.5627624029982,99.3806295732301,4.67091124827688,92.0650896650836
diesel,8662,1.34,2023-11-19 18:48:11,2023-08-02 06:00:08,76.436644522015,77.8824596942765,4.60379052027789,71.8306432901276
diesel,457,2.08,2024-09-01 03:58:55,2024-02-28 11:03:56,74.7724387734938,114.202113497678,3.60812323461313,83.686733088729
diesel,7460,1.14,2024-08-06 01:34:08,2023-12-07 14:10:42,72.8788183330098,100.825044040501,2.98223569092305,76.0666118767264
diesel,1302,2.62,2024-01-13 18:57:26,2024-06-28 15:37:54,72.1508353588062,106.336524593522,2.97259644847399,80.2874482293482
diesel,79,2.09,2023-12-10 10:43:09,2024-12-14 21:40:54,76.647543677865,93.0071708208067,3.62673175405869,92.784518626073
diesel,7522,1.21,2024-03-18 12:06:51,2023-06-30 08:43:49,67.4141315166416,94.4919409868238,4.64451849164529,81.910990680199
diesel,4797,1.69,2024-11-07 05:27:21,2024-09-28 08:44:52,78.7528958376088,104.31345857751,4.92824569134432,80.4643654815615
diesel,7341,1.23,2023-05-15 01:46:39,2023-02-18 07:48:20,72.9190279755737,82.5392405139126,3.50346826451803,66.4014385902008
diesel,1967,2.41,2023-03-18 15:19:11,2024-02-19 09:49:13,69.3496533047982,94.6301434838,2.84650757401522,87.4625356602722
diesel,8878,1.4,2023-09-06 19:14:56,2024-09-21 03:40:58,72.7499357100209,87.1057972918232,4.26784363786633,86.4548418114108
diesel,4918,1.72,2024-07-10 07:45:03,2024-11-05 05:44:37,81.2857460843129,86.6414678411348,3.17646502937415,101.632547233055
diesel,2601,1.58,2023-04-11 02:34:35,2024-12-01 21:08:48,72.3233245649189,68.3524263906154,3.4817473611388,76.92221765047
diesel,8702,2.61,2023-04-27 16:15:42,2024-10-02 19:22:39,76.7922680910481,120.0898988422,5.32527609043704,82.1915032766394
diesel,6248,1.88,2024-01-30 20:03:50,2024-01-04 09:05:52,71.3452186214226,89.7019187026935,4.82711542856577,82.4938368371076
diesel,9997,1.23,2024-07-27 01:27:25,2023-08-19 10:06:07,78.7896092496181,117.450640827453,4.15797431225145,95.7745327976348
diesel,7272,1.5,2024-09-19 02:37:08,2024-03-21 23:45:37,78.427538693951,116.031884820914,2.72808099888728,79.0470446761305
diesel,2605,2.81,2024-07-15 01:53:30,2024-08-24 00:30:55,84.2430441664821,80.7100044022526,4.21139656747066,82.7902152577034
diesel,9197,2.66,2023-10-11 19:04:40,2023-06-09 11:14:04,74.1221802725039,83.6738314649073,5.06265729078753,86.0789650971654
diesel,8849,2.52,2023-10-28 22:52:18,2023-10-10 14:54:35,78.3432740237895,138.407544390335,3.62436633423446,81.8660912315636
diesel,5855,2.97,2024-12-04 21:14:26,2023-10-01 21:10:40,75.4903376976947,126.263889128907,5.35111408998672,75.5356638544947
diesel,8906,1.57,2024-11-09 15:46:05,2023-03-02 05:47:21,81.4793589093151,99.5272223000784,5.29274528951821,81.9408999289831
diesel,7306,1.81,2024-03-01 07:58:26,2023-08-18 10:10:17,71.4058380619564,103.86059659626,5.66373283214347,90.7363174985977
diesel,3447,1.86,2023-02-15 13:18:52,2023-08-08 00:06:48,78.7250265643864,90.5373039557922,4.30524312653135,69.7348470058894
diesel,7495,1.11,2023-01-02 00:41:15,2024-05-13 15:25:17,74.0265135194166,106.485290713005,4.58739169980601,81.3296967414688
diesel,1262,2.33,2023-11-18 13:06:45,2024-12-02 11:54:14,74.6790591144575,89.2422714891629,5.41418728833109,72.9987918506083
diesel,8332,1.03,2024-04-22 13:55:00,2024-12-03 02:08:06,75.4587624222419,69.5146935355242,4.44739393706898,91.9504662892484
diesel,7887,2,2024-02-27 17:33:56,2023-06-15 03:15:18,76.2612019821334,80.1766632023342,3.49876589220979,64.7681309521623
diesel,5482,2.01,2024-05-11 21:37:51,2023-07-02 05:50:04,74.4188547843902,100.316391217759,3.55145716347214,74.4107815272841
diesel,9143,2.42,2024-08-22 11:29:05,2025-01-24 18:32:31,76.0735659158526,83.0339914674612,4.23855495377374,83.7721187506452
diesel,35,2.85,2024-08-21 13:19:15,2024-09-10 17:37:47,82.8905902878109,98.990838026297,2.70943857805378,95.6552402923434
diesel,8850,1.37,2024-09-14 03:48:57,2023-04-22 21:04:32,79.9272484280761,83.8800844085071,3.85674108463581,79.3424973892701
diesel,5143,1.9,2023-05-06 09:56:01,2023-12-12 16:34:29,79.3457729624845,88.2646911624701,5.09654711823025,74.448004733068
diesel,7047,1.75,2023-11-05 00:08:42,2024-02-24 12:45:13,72.7223023698807,112.797479596198,1.80874614883472,98.8115706944059
diesel,7559,2.65,2023-10-29 12:02:49,2024-12-31 10:26:25,70.5537958588584,103.712208214602,5.53448210179452,65.5198609958376
diesel,292,2.11,2024-04-21 20:51:27,2024-12-22 16:42:30,79.7765027911888,99.8550336802998,5.12237421870316,58.0119404337992
diesel,8389,1.94,2023-07-13 11:22:28,2024-11-15 10:19:32,79.380233962649,113.18445959606,3.54023538416952,84.4001445005333
diesel,9441,1.83,2024-03-09 13:59:33,2024-06-25 17:56:59,82.3633533787549,107.20912890021,4.54339082787181,74.9794577564739
diesel,2668,2.45,2023-10-16 07:14:59,2024-06-02 04:16:33,71.9800968701539,121.698449368771,4.00314772690633,69.7876718286929
diesel,8132,1.12,2023-03-04 06:44:25,2023-04-04 09:09:47,73.8522567231983,93.1021110652729,5.22999036843868,87.0835644729935
diesel,5686,2.53,2023-07-01 00:39:49,2024-05-16 02:35:13,66.8025791873728,93.5554753220874,4.98268314276994,82.438007137712
diesel,4009,1.68,2023-09-28 17:53:04,2024-12-22 18:28:47,73.0376444696956,80.4833610041298,2.59992927681699,74.3592136926327
diesel,7900,1.66,2023-12-07 18:30:18,2024-07-30 11:52:49,79.9828525528972,93.5652892394137,4.58726241346418,67.1969560132911
diesel,7559,2.4,2024-10-21 10:05:48,2024-02-13 01:31:15,72.667523103859,114.471548414537,3.79437214635675,88.7245732828014
diesel,20,1.8,2023-06-19 01:44:42,2024-02-10 23:46:34,78.2023989760041,119.499810583932,4.0828325705181,86.5020117795866
diesel,3979,1.55,2024-02-05 02:56:53,2023-09-24 22:49:27,74.0474844700109,114.4045775213,3.27182809903018,79.0082413622062
diesel,5268,2.56,2023-04-08 05:15:32,2023-07-15 09:17:22,76.6202851411078,73.0871220017585,5.74813706912084,98.4663699604767
diesel,1065,1.26,2023-01-13 08:44:33,2024-11-27 06:29:21,69.2615430509217,116.247178189911,5.04006181990258,69.2991523367385
diesel,7302,2.6,2024-03-01 11:41:09,2024-08-02 05:59:04,75.4260472481695,72.4222206509189,3.26022883602703,64.7447482907526
diesel,3721,2.4,2024-06-12 00:02:47,2024-09-27 12:45:03,60.0443201454964,113.471759861835,2.66538939308977,73.0809193011876
diesel,835,2.57,2024-05-26 02:52:30,2023-04-19 11:09:05,74.0655192091901,94.4832321014342,3.61432736902215,79.544139836445
diesel,8008,1.7,2023-09-10 16:59:34,2024-05-26 23:04:15,66.8476337814243,110.537999709008,4.43450264609131,82.4333944932269
diesel,9406,1.12,2024-07-04 23:11:56,2024-08-03 05:06:01,81.0299725827341,80.0132747815815,4.24020584394622,77.5876394214367
diesel,2714,2.74,2023-06-14 09:28:11,2023-06-07 10:11:15,78.8870367638226,117.567514490592,5.25313282476824,83.520553965143
diesel,6161,1.89,2024-04-26 17:38:30,2023-07-26 11:47:52,77.3333549098304,78.0253788084267,4.78991972218085,67.4846057580956
diesel,4129,1.18,2024-05-10 10:59:36,2023-05-19 19:30:34,82.6050311357969,89.9731763372023,4.96956902575291,94.4376460407326
diesel,7663,1.77,2023-02-12 18:37:06,2023-08-26 10:36:38,70.2554173958758,85.0285805834645,4.32685540061044,79.1784882160743
diesel,8053,2.25,2023-11-17 09:30:03,2024-07-23 02:05:09,83.7368159895778,73.6857272076625,2.61070126978901,91.1729583158813
diesel,7420,1.85,2024-02-16 19:14:02,2025-01-17 04:27:34,79.6609578213019,101.417913513827,3.8043014688531,83.427253463777
diesel,6680,2.51,2023-03-24 01:16:50,2024-04-23 18:49:25,73.8172235639053,127.091336767554,5.06008973990867,84.5675321915378
diesel,8544,1.34,2023-01-08 09:56:10,2023-01-27 16:52:29,80.6781007359147,140.0035783348,3.94847707147535,85.6976728023221
diesel,6918,2.57,2024-02-04 19:32:58,2023-06-24 11:31:04,69.4685324379418,101.457336806294,4.50309036862375,84.4770856001732
diesel,7943,2.09,2023-10-01 17:44:27,2024-09-13 03:03:47,70.8774291923616,116.750219126013,3.68125168475387,86.4272275986754
diesel,6310,2.98,2025-01-11 13:34:08,2024-10-20 10:01:53,71.9570513838015,103.481419568928,2.97018815145815,93.2915253013243
diesel,8344,2.61,2024-07-14 02:13:41,2023-03-03 01:22:34,72.3551114596799,107.483247921523,3.87665593595389,81.9652116970147
diesel,5675,2.36,2023-08-19 05:31:07,2024-12-12 22:51:23,69.7172117861987,94.8677702330914,4.30904744303265,87.0900375758851
diesel,9679,2.56,2023-07-14 23:38:36,2024-12-17 07:46:04,81.1154153354766,102.926153881339,3.34431228053856,79.1026430571277
diesel,2636,2.7,2024-03-20 06:16:25,2024-06-08 03:21:08,73.7057279981509,108.062180569096,3.76428875514333,94.4011721544947
diesel,8191,2.74,2023-04-22 00:06:09,2024-07-18 07:18:20,76.7625248417844,91.323104066855,3.06053675801402,73.2360769794073
diesel,1574,1.29,2024-11-21 04:53:32,2023-06-26 19:45:55,72.1482431679316,98.8375855016052,5.1192449175641,98.0094043291082
diesel,74,1.97,2023-12-15 13:34:11,2024-05-16 04:45:32,65.8969834972574,99.1235482150377,3.70554424241197,79.5984204935566
diesel,663,1.59,2023-07-25 05:08:57,2024-06-07 20:00:53,76.3502867919571,112.396049759958,5.45275554512618,65.6922489788195
diesel,433,1.11,2023-12-18 08:33:57,2023-10-26 10:07:54,65.4387251229011,84.0095174255848,5.52874785054091,81.2810441491079
diesel,8302,1.64,2023-03-09 02:24:35,2024-06-08 17:16:09,74.6568297695727,99.2268668708852,3.91895403527826,73.1894834252512
diesel,2863,2.31,2023-11-25 01:23:32,2023-11-18 05:19:37,68.158424805836,128.68008203579,2.99155126745265,88.4064354898872
diesel,2830,1.61,2024-07-24 07:43:51,2025-01-16 17:39:37,84.9363799961541,117.460902288789,1.91410212226666,73.4737602069761
diesel,7515,1.38,2024-10-25 18:48:39,2024-03-08 13:33:52,79.5568136108736,120.237685733331,2.52796292697321,75.5381656678522
diesel,9120,1.77,2023-12-30 06:05:29,2024-08-01 23:56:13,75.5287689563574,100.366477602671,2.62616517510134,61.1045926905447
diesel,6419,1.07,2023-04-18 11:12:19,2024-05-04 23:20:26,81.3185333882733,104.81496345529,5.37846962746151,75.4769368075092
diesel,9472,2.27,2023-12-24 21:14:52,2023-11-13 01:32:35,70.7684201126713,115.033542500544,4.11582458722695,55.7612067337104
diesel,9689,2.84,2023-08-07 02:14:01,2024-01-10 14:12:24,77.7173968933505,123.403832942964,4.38960452409199,64.1609717651428
diesel,8039,1.07,2023-10-29 19:24:00,2024-05-21 04:28:59,75.9990521685936,70.7259563067567,1.77957899106487,87.604146561443
diesel,7961,1.07,2023-08-07 11:23:52,2024-10-05 12:04:39,76.3201004066684,80.2683803942523,2.80203357078274,87.8580015865083
diesel,8832,1.47,2023-12-28 05:31:44,2023-02-18 16:21:38,81.3617675005338,119.64166152104,4.88707977644629,84.2545756178497
diesel,4456,2.57,2023-03-27 08:03:48,2023-10-17 04:29:01,78.662460513899,95.846659663468,4.28677411238259,70.3302385687079
diesel,5587,2.35,2024-10-17 13:49:46,2023-05-06 08:53:28,76.4436183141251,89.9241881611288,3.8527947213144,79.5228864385802
diesel,1912,2,2024-10-16 15:48:52,2023-02-02 21:47:03,66.7255628188585,81.1875851950659,4.56484235860012,79.9639746090943
diesel,4274,1.73,2024-12-16 12:49:41,2023-05-23 01:42:20,70.1997685236027,91.6747494768384,5.63579780613582,68.4163531080746
diesel,2284,2.36,2024-05-20 04:45:44,2024-10-02 02:37:05,74.3864553320214,78.9644607486426,3.77895753646295,95.0339830176715
diesel,3312,2.04,2024-08-14 16:19:58,2024-08-01 05:11:33,75.4668618713833,131.366414090987,4.06936980265807,88.7736229057567
diesel,3703,2.51,2024-03-29 22:15:15,2023-10-07 23:26:49,69.3489813766304,99.6634592202914,4.19259691873131,77.7903582617034
diesel,8798,1.17,2023-06-23 17:41:29,2024-10-09 15:44:00,87.0583833778921,99.1307418735592,6.39210963527399,80.2688583899453
diesel,1983,2.16,2023-11-15 23:03:31,2023-09-25 06:41:27,82.5819702762679,108.821150127517,1.90064373558097,82.0838280794755
diesel,5893,1.8,2024-11-21 01:44:50,2023-10-21 03:24:09,78.0105916019624,114.435177538999,4.68322301478881,59.5826513157571
diesel,4821,2.46,2023-07-04 16:00:31,2024-06-12 13:03:58,75.3601843064187,114.18832234832,3.88519775124094,77.528226174794
diesel,1045,2.71,2024-04-07 09:12:16,2025-01-12 17:42:02,73.9389551504942,116.104329158614,4.56677172618418,73.180157520022
diesel,1427,2.75,2023-01-25 02:54:07,2023-07-06 12:40:45,70.2404076998888,90.5373167381372,3.34262744600528,69.9837999010508
diesel,1256,1.18,2024-06-27 15:34:23,2023-11-01 09:49:03,75.3874025925943,95.5319979256471,3.95103496914155,77.1889970711405
diesel,8256,2.79,2023-08-29 17:35:17,2023-05-31 19:34:39,76.2887627007138,111.535474831634,4.7114105794655,97.9768652684952
diesel,246,1.15,2023-09-24 11:36:58,2023-12-12 16:41:42,68.7911971225919,92.0891640754057,7.11291020104384,86.4084286126701
diesel,2145,2.07,2023-09-08 06:31:02,2024-11-19 07:28:06,76.6708820862245,99.9234005195916,4.80803618940207,74.288210102172
diesel,1974,1.94,2023-01-27 06:45:49,2023-03-19 03:19:15,73.3864553320214,105.981456466372,3.15193440196949,65.8716887966558
