name,volume,price,created_at,updated_at,exchange_rate,demand_index,inflation_rate,crude_oil_price
ethanol,1006,1.81,2023-02-26 22:51:21,2023-05-06 01:54:19,71.6241086251281,83.2887796265037,3.13650639503507,84.9671415301123
ethanol,7955,2.46,2023-02-09 18:59:47,2024-04-17 04:43:49,74.2774066464224,90.5360374939332,3.96879651106092,78.6173569882882
ethanol,7425,2.8,2024-07-30 14:21:29,2023-07-16 22:59:51,71.0379003950002,85.8690972463863,4.01801687204445,86.4768853810069
ethanol,2243,1.4,2023-03-01 15:06:37,2024-12-18 12:17:55,73.4601923518048,91.7800627188829,4.47263034584341,95.2302985640803
ethanol,4889,1.03,2024-04-05 05:26:09,2023-04-24 04:18:05,65.5319266652311,96.7877453393322,2.63314163671917,77.6584662527666
ethanol,1871,2.63,2023-02-03 09:55:24,2024-05-07 22:45:31,76.0664685368647,112.557317294971,4.59256727384733,77.6586304305082
ethanol,3244,1.01,2023-07-13 00:19:01,2023-07-11 18:49:21,75.0060273768111,95.1826144194145,1.29560836839722,95.7921281550739
ethanol,9652,2.88,2023-12-20 09:15:15,2024-05-07 05:01:22,70.9145568446591,76.2156143984561,3.37011544763619,87.6743472915291
ethanol,7523,1.19,2023-06-06 00:33:03,2023-07-24 17:32:46,78.296228342162,117.101017697427,3.51172615754846,75.3052561406505
ethanol,2861,1.52,2023-11-27 14:08:54,2023-07-20 15:05:26,79.6878506881328,87.4436479957744,4.63332682607124,85.4256004358597
ethanol,5957,2.19,2024-09-19 12:39:48,2023-07-29 07:15:43,66.9622006781551,99.1191935934306,4.02263085267687,75.3658230718754
ethanol,3302,1.93,2023-06-16 18:47:33,2023-03-10 09:49:18,71.1863761071689,106.698047604111,2.59443694614371,75.3427024642974
ethanol,6848,1.63,2023-11-07 06:19:56,2024-09-08 17:31:30,71.1542882510635,102.994156276042,3.01500687418298,82.4196227156603
ethanol,8555,1.86,2023-09-08 04:57:55,2023-09-09 04:37:08,70.3004844944557,116.412693212822,4.19868000954741,60.867197553422
ethanol,3987,2.83,2023-05-26 21:54:06,2023-06-07 05:44:35,79.1473742096587,107.185047150891,3.92093265813544,62.7508216748697
ethanol,5689,1.28,2023-11-16 17:20:17,2024-12-18 01:52:34,74.030869306136,87.0803563045434,3.42087589036425,74.3771247075903
ethanol,3757,2.91,2023-10-14 18:23:10,2024-05-22 00:00:27,73.6774257934469,132.678432609875,3.51916621048802,69.8716887966558
ethanol,2581,1.65,2024-06-26 03:09:55,2024-09-10 13:39:34,64.9806881779662,102.915001950074,4.69616799715929,83.1424733259527
ethanol,2906,1.93,2023-05-28 20:07:30,2023-02-16 11:42:39,78.1770901510461,97.7898966006774,3.48230742713079,70.9197592447879
ethanol,5464,1.25,2023-11-12 14:27:01,2023-03-31 13:59:29,68.8037080257326,114.458881345834,3.91190875597093,65.8769629866471
ethanol,8072,1.74,2024-10-19 08:14:17,2023-01-31 11:18:22,75.2996631513316,103.741764188951,6.16993658808054,94.6564876892155
ethanol,732,1.69,2024-11-08 04:14:43,2023-04-15 00:56:47,76.386884689791,105.98842289409,2.57631736311608,77.7422369951347
ethanol,9940,2.58,2023-12-26 02:10:32,2023-03-05 10:35:52,81.8032929791933,137.38275997901,2.14815726842534,80.6752820468792
ethanol,1967,1.19,2023-03-23 05:08:17,2023-01-14 05:18:13,68.4558980044045,95.8731785761743,4.78358966479861,65.7525181378654
ethanol,9725,2.15,2023-06-29 11:49:59,2024-07-08 18:54:40,59.9024392208959,95.2335865897391,3.3213569387059,74.5561727547482
ethanol,5510,2.19,2024-07-11 13:02:35,2024-10-23 18:45:46,75.9192477237685,101.748677680187,3.68176247225738,81.1092258970987
ethanol,6211,1.27,2023-12-15 16:55:44,2024-11-29 22:40:21,84.0025559075543,116.072739033716,3.21884362186889,68.490064225777
ethanol,6784,1.36,2024-07-03 19:30:58,2023-02-05 23:04:33,81.1947317646972,77.401989547144,3.74019985923249,83.7569801834567
ethanol,7297,2.94,2023-07-14 06:58:57,2023-07-03 18:14:53,76.0482970763731,70.5166616278524,5.59853811209634,73.993613100812
ethanol,64,1.29,2023-12-06 14:46:31,2023-12-31 04:05:35,72.5418190718398,91.1932709406978,4.80212845861812,77.0830625020672
ethanol,3727,1.82,2024-12-27 00:22:24,2024-07-09 14:28:55,79.0356129831866,75.4911556141107,4.86222351188698,73.982933877706
ethanol,3987,1.88,2023-08-31 17:15:32,2024-08-20 14:44:58,70.1322690014777,93.6275297871154,2.58377294420735,98.5227818450894
ethanol,4203,1.84,2024-12-11 21:06:28,2024-03-25 02:48:07,77.3817888467811,107.537495441939,2.84884626344713,79.8650277526207
ethanol,9135,2.37,2023-02-20 08:14:45,2024-08-19 11:39:41,77.5273507958331,86.638767046716,1.16092134051457,69.422890710441
ethanol,3737,2.99,2024-09-15 10:50:47,2024-12-23 16:11:06,80.3010495374944,78.5976013482799,3.19061917891725,88.2254491210319
ethanol,7608,1.31,2023-01-27 13:55:12,2024-12-06 21:15:55,88.7983001945554,101.04005742573,4.95670318638566,67.7915635002898
ethanol,4929,2.69,2024-11-11 16:24:31,2023-08-03 19:16:13,76.9620798358938,112.938152269228,4.51694651574837,82.0886359500476
ethanol,2038,2.51,2024-09-25 16:05:26,2024-07-27 16:27:35,72.4551818714625,74.5753984222508,3.77848673704788,60.4032987612022
ethanol,8861,1.32,2023-12-25 18:41:38,2023-05-01 08:12:31,74.87212843904,112.30348597459,3.97769971628195,66.7181395110157
ethanol,8936,2.6,2024-05-01 23:45:15,2023-04-30 22:37:11,66.1546204755544,112.259593056075,3.31111445742459,81.9686123586912
ethanol,4371,2.03,2023-03-29 20:35:52,2024-03-02 21:10:34,71.5264343445547,114.311276532349,4.20475888240178,87.3846657999541
ethanol,3806,1.23,2024-02-02 07:21:39,2023-09-05 14:04:24,72.9535878094345,118.277203223075,4.76587827948061,81.7136828118997
ethanol,9599,1.11,2024-07-28 11:36:57,2024-03-18 11:25:55,72.379558010327,133.030208869894,2.38411321258953,78.8435171761176
ethanol,8166,2.87,2024-07-02 08:21:04,2023-12-15 20:23:42,75.7617743601686,94.6586192707142,4.29964768783735,76.9889630441071
ethanol,9554,1.49,2023-04-07 12:15:41,2023-05-22 13:24:37,70.887900338089,101.643573701168,4.93243487095467,65.2147800963257
ethanol,1150,2.73,2024-01-28 06:57:53,2024-12-24 13:51:05,80.6051533366224,93.7534235012796,3.58489971103663,72.8015579160529
ethanol,5651,1.95,2024-05-25 19:54:52,2023-03-28 23:39:32,75.001035324591,100.029652671337,4.70070061212058,75.3936122904021
ethanol,4357,1.86,2023-06-23 17:32:17,2024-01-17 07:12:17,74.9534983943069,122.993100334545,6.81465444447255,90.5712222621892
ethanol,3630,2.16,2024-07-12 16:39:01,2023-03-17 10:59:32,73.3605264174354,79.82478274104,3.89565720701311,83.4361828956846
ethanol,1813,1.07,2023-12-26 10:45:11,2024-07-04 02:33:00,75.7759534192949,87.0842549175164,4.39330705000532,62.3695984463727
ethanol,7661,1.15,2023-02-08 19:01:42,2024-03-06 02:02:28,79.1254913233382,120.657714047568,3.26194291633861,83.240839693948
ethanol,6407,2.74,2024-09-04 18:08:43,2023-09-22 05:06:02,70.6643489214455,115.300547603531,4.18125116260205,76.1491771958368
ethanol,4570,1.61,2023-12-08 20:02:16,2023-09-26 08:33:53,71.7094175546237,94.5530252977438,4.4602716249823,73.2307799969404
ethanol,1888,1.97,2024-09-20 00:57:03,2023-11-01 20:43:14,73.4813698561167,112.816030016811,4.19484234027014,86.1167628884087
ethanol,9580,1.73,2024-01-16 08:28:06,2024-10-31 21:19:38,68.2706453826339,105.118237637381,2.98030468029114,90.3099952249595
ethanol,3574,1.49,2023-10-15 23:30:03,2023-12-13 23:16:55,70.9037107013925,122.504119135015,4.20636177132545,89.312801191162
ethanol,6991,2.19,2023-11-13 00:37:31,2024-09-17 11:07:26,72.6188956322767,101.117643907402,5.46219593871764,71.6078247677736
ethanol,6114,1.37,2024-03-20 16:39:07,2023-04-05 11:34:55,79.3719459035636,115.384481708089,4.44863576451453,76.9078762414879
ethanol,3869,1.55,2023-05-19 14:49:19,2024-06-30 17:59:29,76.3128066450096,139.630178657389,4.96198718907184,83.3126343140356
ethanol,3034,2.82,2024-11-21 05:53:39,2024-02-06 03:07:28,75.9679495568377,108.971487325712,3.76298802998737,89.7554512712236
ethanol,2552,2.18,2023-07-04 06:54:20,2024-01-16 04:26:35,79.2544898108399,100.739922486923,4.74990023942371,75.2082576215471
ethanol,3306,1.29,2023-06-11 09:53:38,2023-11-07 05:32:07,74.313141058003,110.836704778315,4.27926783821653,78.1434102333618
ethanol,3274,1.83,2024-09-03 07:15:03,2024-02-13 22:25:24,76.9523242496445,94.5207871269417,3.04908927031277,68.9366502599397
ethanol,5327,2.26,2025-01-12 14:39:52,2023-05-09 07:50:05,74.4838912353375,135.819515582871,4.31852100479888,68.0379337591933
ethanol,6137,2.49,2024-03-17 00:01:36,2023-05-27 07:08:34,76.3268117469982,102.70106556544,3.00830333655969,88.125258223942
ethanol,5194,1.79,2024-05-11 20:07:43,2024-06-27 17:49:18,72.0862067119421,95.9060001966173,3.36711972511521,93.5624002857082
ethanol,9394,1.71,2023-10-01 13:06:46,2023-05-29 07:35:28,62.8059142086179,87.4646649246995,4.18932830729237,79.2798987841967
ethanol,9197,2.86,2023-06-27 17:28:57,2023-03-08 04:15:43,74.3286041890685,116.458302874097,4.29724427338012,90.0353289789202
ethanol,5251,2.54,2023-06-23 07:10:52,2024-07-10 19:02:02,82.1137406804997,113.007811192416,2.81076753492287,83.6163602504764
ethanol,5308,1.13,2023-09-20 01:17:20,2024-03-02 09:31:05,79.631077011208,92.5396844287886,5.05398577118288,73.5488024539488
ethanol,1542,2.51,2024-06-20 20:07:20,2023-09-08 16:25:59,79.8269874229559,108.646770176836,4.57200627830047,83.6139560550842
ethanol,1147,1.33,2024-03-28 18:40:13,2023-06-16 06:34:10,81.1806536090311,77.3716604768072,3.29527156438912,95.3803656646597
ethanol,1543,2.36,2024-06-04 18:36:43,2023-09-16 03:00:17,75.4432879548072,102.774558626097,2.46241520355082,79.6417396089005
ethanol,9920,1.02,2024-01-12 02:24:15,2023-01-08 17:01:58,75.986578537028,106.79134528115,3.85509542091857,95.6464365581401
ethanol,7639,1.42,2023-11-26 19:01:24,2023-08-05 14:52:58,71.9117405228283,125.609947143388,3.55405628613884,53.8025489591026
ethanol,8670,2.56,2024-01-03 03:24:30,2025-01-10 19:44:58,73.4196357198648,88.4377179590697,4.11314045705302,88.2190250437522
ethanol,6579,2.49,2025-01-03 11:14:55,2023-07-16 23:57:05,78.0788557488557,80.8247105679651,3.63688333884443,80.8704706823817
ethanol,9229,1.71,2024-10-13 08:12:13,2023-05-16 12:50:38,81.0194221858441,86.5685805861244,1.99254313925499,77.0099264953413
ethanol,7524,2.74,2024-11-12 15:40:31,2024-02-10 21:19:13,74.302768621595,79.9514724952762,3.61165306169884,80.917607765355
ethanol,855,2.33,2023-12-31 21:43:35,2023-09-16 20:05:12,72.7490536757429,120.049860366385,3.69438088893169,60.1243108539911
ethanol,7172,2.68,2024-06-07 23:16:24,2023-07-01 02:20:02,75.002639794283,123.229589425361,4.63366102477406,77.8032811216249
ethanol,5283,2.74,2024-02-06 09:58:37,2024-09-21 03:40:49,78.0060337446456,104.803248669232,3.30180032538895,83.5711257151175
ethanol,3465,1.42,2023-02-14 01:34:17,2023-12-22 03:23:30,67.7807259193323,118.319424185277,5.67867467337257,94.7789404474152
ethanol,8960,1.48,2023-07-31 02:47:51,2024-11-28 00:25:08,63.5190952343138,102.009375708704,2.08835944934824,74.8172978172635
ethanol,4894,1.94,2023-01-03 13:44:28,2024-12-28 14:05:39,72.2473157525421,98.5733252844885,5.31116749780262,71.9150639710681
ethanol,8650,2.5,2023-07-16 12:11:12,2023-02-18 04:56:32,68.8964378704292,95.0044357141936,3.7756810291219,74.9824295641546
ethanol,1430,2.28,2023-11-25 12:40:31,2024-04-05 12:51:21,72.4592990117635,95.3441351293365,4.85958487234356,89.1540211770207
ethanol,5974,2.6,2023-08-02 12:12:00,2023-03-20 23:12:48,74.2610984059127,76.7829766553645,4.07980148405873,83.2875110965968
ethanol,8685,2.29,2024-10-02 01:47:43,2024-12-16 14:49:16,72.7337579548849,103.96382145411,5.13955553602547,74.7023979623296
ethanol,7414,1.68,2023-07-24 03:32:40,2023-08-30 19:59:46,82.2623376723537,99.3949913467893,3.61263803544719,85.1326743311336
ethanol,8117,1.8,2023-02-26 00:05:14,2023-07-28 04:57:55,76.6337238230116,111.180410861168,2.90137957482219,80.9707754934804
ethanol,3836,1.41,2023-07-30 18:36:55,2023-04-16 01:09:06,76.5023717980541,101.402852446579,5.42050428727106,89.6864499053289
ethanol,6688,2.01,2023-02-22 07:09:21,2023-09-24 18:09:38,78.111035720217,97.5594444764636,3.88651935411786,72.9794690612265
ethanol,2312,2.95,2024-04-07 02:25:45,2023-04-17 05:13:47,69.3058344110962,86.9321045498855,4.22155847362421,76.7233785340223
ethanol,7520,1.05,2024-01-29 09:19:01,2023-02-07 22:05:22,80.1955589371013,101.082298552326,5.2347519140448,76.0789184686784
ethanol,7255,1.66,2023-06-28 10:59:17,2023-12-11 16:51:18,74.6211785673227,111.073558462242,2.96804475790557,65.3648505186788
ethanol,6229,1.4,2023-02-22 20:25:06,2024-05-21 13:53:06,78.3524030862061,82.8499151337421,4.59549089763926,82.9612027706458
ethanol,4535,1.43,2024-05-12 16:22:36,2024-10-12 05:33:31,69.6407138347992,101.312106305211,3.41010524353711,82.6105527217989
ethanol,9640,1.91,2025-01-26 16:36:45,2023-12-26 10:33:27,67.2312061699197,103.495644272942,3.86783064435563,80.0511345664246
ethanol,332,1.62,2023-05-19 06:44:51,2023-06-09 20:00:07,79.0894482901252,89.229028245726,4.07227896538429,77.6541286662485
ethanol,2010,2.95,2024-04-14 17:55:41,2024-10-08 02:04:43,76.8820476304876,91.18215542638,2.49977813855306,65.8462925794959
ethanol,2184,2.15,2023-06-21 11:41:09,2023-07-30 19:55:05,70.4897422282125,103.459162731493,3.22116295717957,75.7935467723464
ethanol,5793,1.52,2024-11-13 05:30:40,2024-04-27 02:39:46,70.6516845936265,82.9986847256107,5.35107289241314,76.5728548347323
ethanol,7252,1.72,2023-10-08 05:16:37,2023-01-30 18:29:54,80.6271739220739,105.248855728741,4.8861911885848,71.9772273077838
ethanol,433,2.68,2023-12-28 07:05:31,2023-12-21 18:09:12,69.0529405356634,86.569684395112,3.93736042267277,78.3871428833399
ethanol,5481,1.41,2024-01-03 21:45:22,2023-11-23 19:44:35,83.2133647662798,115.942805395498,4.24312345851289,84.0405085681454
ethanol,2942,1.54,2023-09-27 11:33:38,2024-12-21 14:21:22,70.4968963267607,135.067416180825,3.70575749436354,98.8618590121053
ethanol,3117,1.57,2024-09-18 12:46:05,2023-06-08 18:01:13,78.1919596280419,87.0886479744727,5.35658338582798,81.7457781283184
ethanol,9403,1.39,2023-05-15 07:55:04,2024-10-20 11:06:25,73.3569076212551,108.01311793562,3.79964742220584,82.5755039072276
ethanol,9916,2.01,2024-08-15 01:52:32,2023-03-26 00:05:48,78.0159371554117,89.0988714267697,4.23184209213485,79.2555408423383
ethanol,2886,2.26,2024-07-02 04:00:23,2023-05-03 06:43:27,72.279429989429,115.614312606967,5.14603014414207,60.8122878470096
ethanol,5993,2.73,2024-07-07 05:58:24,2025-01-12 23:25:39,74.1860354696385,81.0211238637218,3.22262851515409,79.7348612455078
ethanol,9155,1.62,2024-01-09 22:05:06,2024-11-02 13:41:24,75.2045958769786,107.208801376416,5.55878918449689,80.6023020994103
ethanol,949,2.58,2023-05-28 21:08:21,2024-10-17 11:49:37,69.9890627210926,86.9051654966597,2.46953859025662,104.632421124853
ethanol,5585,1.9,2024-08-01 21:38:09,2024-10-09 00:41:29,78.7041217271006,96.8952311635245,5.6296421311128,78.0763903521888
ethanol,6530,2.19,2023-12-05 13:40:42,2024-12-19 04:16:01,72.4339321676421,84.5346208727904,3.62732441604803,83.0154734233361
ethanol,2243,2.85,2024-12-17 03:18:08,2023-05-26 05:05:16,73.8570004232999,112.335257063436,3.75730125217472,79.6528823029476
ethanol,4978,2.01,2023-01-14 05:11:08,2023-05-14 16:47:13,70.0282531269574,87.4452946834062,2.10998982881706,68.3132196238047
ethanol,9998,1.82,2025-01-28 01:54:16,2024-09-25 07:53:00,62.1883317060235,108.279463889977,3.54520528262231,91.4282281451502
ethanol,8938,1.63,2024-07-27 21:39:11,2024-08-08 01:08:18,74.0448611869992,94.838529576065,2.96019346897312,87.5193303268678
ethanol,1269,2.32,2023-06-27 01:03:01,2025-01-01 01:49:56,87.0630771080646,98.2829144230171,3.39235365462653,87.9103194704305
ethanol,4004,2.25,2023-06-02 15:40:44,2023-02-20 21:25:46,78.9230214394901,102.216338611002,3.86268903421112,70.9061254520526
ethanol,4786,2.69,2023-02-03 11:40:29,2024-08-26 13:00:15,74.903698101328,88.5726299251173,4.95779161447291,94.027943109361
ethanol,6616,1.55,2024-02-01 18:09:53,2024-09-06 12:18:28,73.6855458539587,103.155506703113,4.20760335140063,65.9814893720772
ethanol,3586,2.17,2023-05-22 22:53:19,2023-12-06 22:45:49,75.1123294640602,122.955018465316,4.30767665340111,85.8685709380027
ethanol,3694,1.31,2023-07-12 11:35:51,2023-05-12 23:48:32,77.7355955758761,88.3285782125093,2.90448061115444,101.9045562581
ethanol,699,2.16,2024-07-16 00:59:13,2023-05-10 14:22:51,69.0959359234558,117.577152149108,3.11924591039727,70.0946367486931
ethanol,9877,1.42,2023-04-08 04:38:49,2024-03-18 07:56:25,80.5716084733444,122.471464502317,5.79872501835131,74.3370227039723
ethanol,384,2.71,2024-08-17 05:41:54,2023-05-28 19:09:50,78.5769065772062,87.7576751645793,3.26479896523675,80.9965136508764
ethanol,5535,2.68,2023-05-13 11:57:11,2023-01-27 06:15:24,78.5909286285397,78.1741809236417,5.6562082520573,74.965243458838
ethanol,9682,2.7,2024-02-15 12:36:53,2024-07-19 23:28:08,77.1923786940486,104.529413502576,3.75693880111913,64.4933656893387
ethanol,8111,2.52,2024-12-18 15:56:48,2023-05-14 23:55:03,75.09808328847,91.7888871584969,4.0022879361435,80.6856297480603
ethanol,8077,1.09,2024-07-07 03:18:19,2024-02-26 16:20:14,78.3643061798341,128.029048287445,5.07036516022993,69.376962862739
ethanol,4323,2.87,2024-08-08 11:47:45,2023-11-22 02:46:29,77.9590706687069,100.522113107497,5.27189242193866,84.7359243063518
ethanol,8387,2.28,2024-09-26 00:33:32,2024-06-15 23:29:20,73.2297964452949,87.9670088794723,3.88918743972091,70.805757657662
ethanol,672,2.89,2023-07-13 22:23:50,2023-02-03 13:57:40,72.1319911355155,82.7926073348243,3.61175694647846,95.4993440501754
ethanol,5805,2.18,2023-11-30 10:13:37,2023-04-04 16:41:04,75.5092814763099,116.348574386362,3.94407955147779,72.1674670766376
ethanol,5961,1.5,2024-05-15 17:54:38,2023-11-05 18:02:44,82.7451007574759,91.4322403887372,4.33795752823212,76.7793848379432
ethanol,7865,2.42,2024-12-30 04:43:32,2023-03-08 15:32:44,68.8044646217305,100.657431991906,4.89130368686976,88.1351721736967
ethanol,5663,2.03,2024-05-19 09:50:13,2023-08-11 11:01:20,67.6623736712378,114.337041176687,4.00422985899415,67.6913568356604
ethanol,6908,2.73,2023-02-10 00:54:13,2024-03-20 04:13:56,75.8238042061826,92.7361247210375,4.61888629802315,82.2745993460413
ethanol,3364,2.84,2023-07-17 22:20:39,2023-02-11 00:59:22,75.2544385092801,99.3110675688976,5.63835973227094,93.0714275428243
ethanol,956,2.7,2023-03-27 06:22:00,2025-01-04 18:55:14,75.866708321852,99.7514738526622,4.38130961226478,63.9251676543877
ethanol,7270,2.7,2024-01-11 22:04:52,2023-04-08 16:27:33,76.2197659895425,110.249867672741,4.31165285600478,81.846338585323
ethanol,6897,1.19,2023-06-25 17:54:38,2024-06-27 21:46:21,73.883988726826,108.861165032655,2.48108917490993,82.5988279424842
ethanol,6632,1.99,2023-04-10 17:52:00,2024-11-10 22:09:05,82.4493171930104,96.6982940311776,1.36926986317094,87.8182287177731
ethanol,7612,2.17,2023-10-22 10:22:05,2024-02-12 01:52:23,66.9954801076174,100.954735922448,4.38837572923017,67.6304928912192
ethanol,3570,1.35,2023-12-16 09:58:56,2024-04-26 17:25:14,70.8575148760988,94.4233148271477,3.90517576871913,66.7954338691572
ethanol,5951,2.71,2023-11-06 18:22:59,2024-03-16 22:26:09,74.4837261992548,77.8358138962083,3.48521732508526,85.219415656169
ethanol,8331,1.58,2024-06-03 08:41:01,2024-11-12 01:16:52,66.7840559442292,103.864012860972,4.24353020418635,82.9698467323319
ethanol,1178,2.64,2024-04-30 23:57:34,2023-10-28 15:39:47,74.1207279778397,128.382876412496,3.93959627080309,82.5049285034588
ethanol,412,1.86,2024-04-17 16:55:01,2024-09-17 15:39:56,83.3073508286401,86.7442128896341,5.1277802506339,83.4644820949698
ethanol,7360,1.47,2024-04-25 01:47:02,2024-02-28 09:50:13,75.1044324414798,88.4045543559595,4.08611086825898,73.1997527842151
ethanol,6631,2.85,2023-02-28 12:54:53,2024-05-17 22:23:52,76.1535045285934,86.9390834253439,3.25307671492983,82.32253697161
ethanol,1330,2.99,2023-09-06 04:00:09,2025-01-04 19:12:05,68.6991761741371,110.868876680847,4.99016623895929,82.9307247329868
ethanol,3757,2.19,2024-11-21 13:50:30,2023-04-07 07:46:14,71.9181929598026,106.727281812947,3.7828689250538,72.8564858197363
ethanol,7872,2.93,2024-04-27 07:21:30,2023-01-06 14:11:45,73.1240180983803,97.6219346137532,4.52653668367231,98.6577451114476
ethanol,7330,1.13,2023-01-04 06:44:53,2024-04-28 08:04:21,73.4114245162188,86.2297140754155,3.5225892938072,84.7383292091179
ethanol,2503,1.38,2023-06-13 06:12:11,2023-07-01 04:30:42,81.4082189750188,101.385651874599,3.35017311450256,68.0869650279735
ethanol,7319,2.56,2024-08-18 04:13:41,2023-08-22 17:18:54,77.7884553036256,76.5306680899629,4.0841682301857,86.5655360863383
ethanol,4667,2,2023-02-12 02:29:35,2023-04-13 01:07:29,69.4427102153148,102.151398502862,4.01282864354369,70.2531832977268
ethanol,6586,2.55,2023-07-29 19:18:25,2024-07-03 07:25:24,76.23252389216,113.072865791319,4.47982703536683,87.8708460374245
ethanol,3801,2.42,2024-11-05 17:17:23,2023-04-04 22:37:02,77.4911087424839,81.2320129504948,3.73135424669026,91.585955790074
ethanol,5420,1.86,2023-04-02 16:32:06,2024-02-15 03:52:51,80.7007451926063,77.012225847555,2.1636402162296,71.7931768164829
ethanol,1751,2.6,2024-07-01 16:06:13,2024-04-13 20:38:16,82.9027034328419,123.691568375423,3.56722611641161,89.6337612924432
ethanol,6975,2.15,2023-08-07 23:59:14,2023-06-29 18:50:44,69.9245290408607,90.8236054074312,4.79381846714382,84.127809269365
ethanol,3427,1.55,2023-04-05 18:18:05,2024-09-14 09:33:41,70.9457124439483,117.039217689157,3.70262392075689,88.2206015999449
ethanol,3387,2.81,2024-02-06 11:12:42,2023-07-31 04:00:35,68.7121107054269,97.6900350220325,3.75361659748545,98.9679298265395
ethanol,8594,1.47,2023-06-09 07:37:39,2023-05-27 07:17:19,73.8299007044651,97.5706777458801,4.98637650590594,77.5461188399713
ethanol,1853,1.62,2023-09-12 15:02:03,2024-03-28 12:23:37,77.3317918722317,106.57619049245,3.28802677274108,72.4626383564251
ethanol,2119,1.58,2023-06-08 11:41:04,2023-08-07 18:25:47,79.9366725829455,86.7400171488034,2.4571967817571,71.1048557037448
ethanol,1374,1.1,2023-01-03 06:16:32,2024-10-03 23:37:27,74.6202448817874,101.987457152435,3.83936888047451,71.8418971503456
ethanol,8297,1.06,2024-12-02 12:36:44,2024-10-07 05:40:30,73.4007623837258,94.2776587776386,3.51582604875126,79.228982905859
ethanol,3104,2,2023-11-20 11:07:04,2024-12-23 20:31:46,75.7587899612437,80.1925983489245,3.03375368024675,83.4115197481664
ethanol,8303,2.29,2024-01-16 09:12:54,2023-11-11 08:45:34,70.8242854918499,105.062231120896,3.82462154410131,82.7669079933002
ethanol,9873,1.85,2024-07-22 23:35:33,2023-11-20 09:28:01,85.4476936084739,96.0503828968313,4.49150564724678,88.2718324903602
ethanol,5803,1.77,2024-08-19 20:54:04,2023-10-02 14:45:49,66.9616948644097,97.6446275733294,3.99071143843218,80.1300189187791
ethanol,7454,1.55,2025-01-16 11:30:09,2025-01-29 17:02:00,75.9237028944786,81.8475858487876,4.30698107268624,94.5353407715732
ethanol,9666,1.4,2024-03-16 22:03:13,2023-12-11 11:03:56,85.1180310961482,123.871005516442,5.81340769851542,77.3534316676204
ethanol,3221,2.31,2024-07-22 00:58:46,2024-05-28 17:22:54,75.0339992228,113.150712795792,3.65712113844244,107.201691665896
ethanol,4576,1.52,2023-12-31 00:50:21,2023-12-18 18:57:05,74.0498048249925,114.46233826258,4.27834863464467,86.2566734776501
ethanol,5355,1.24,2024-10-15 01:08:06,2023-04-24 02:23:01,73.2127728859479,95.4183294633748,3.49078663740087,71.4284244358372
ethanol,7680,2.68,2023-04-15 14:44:34,2024-07-06 23:47:58,74.098041591188,74.0622566574487,3.15364028011303,69.2910750193889
ethanol,6880,1.14,2023-06-01 16:43:21,2024-03-21 23:03:47,81.8642423733827,129.293760737343,3.41509234658223,84.8247241524319
ethanol,2376,1.19,2024-05-28 04:07:26,2024-02-24 05:35:35,63.9406904433525,99.083537379912,3.52124142847831,77.7653721467415
ethanol,4134,1.86,2024-10-05 19:37:56,2023-02-27 01:08:27,82.6671685064816,88.7680030596992,4.35947579754713,87.1400049409209
ethanol,2122,1.39,2023-02-03 12:32:35,2023-08-05 11:43:44,67.8802142377493,106.252023617247,6.34907578670076,84.7323762457355
ethanol,8955,1.46,2024-06-28 00:01:37,2023-10-28 13:46:47,73.6667383538279,117.506811820049,3.28395656372416,79.2717108734313
ethanol,4138,2.53,2023-12-27 09:36:54,2023-04-08 10:45:50,72.8537778985067,99.654241658718,3.58337469438454,71.532062819316
ethanol,6286,2.22,2024-10-02 13:41:41,2023-12-05 09:14:53,77.9427663488536,119.178627519091,3.93687698688875,64.8515277531414
ethanol,3644,1.09,2023-01-28 05:09:12,2024-09-04 22:42:15,67.0093782405813,116.244999077753,4.39579884870975,75.5348504793298
ethanol,5216,1.74,2025-01-27 10:52:52,2023-04-21 01:33:44,77.3108633304097,83.8542821889691,4.26355081195479,88.5639879432347
ethanol,2938,2.61,2024-01-26 13:44:40,2024-04-27 04:16:33,85.1215481164343,89.8931484151079,5.28409579394812,82.140937441302
ethanol,2318,1.2,2024-03-27 18:05:15,2024-06-15 06:26:51,68.184129977036,114.363057449197,1.57360792946479,67.5426122128801
ethanol,5946,2.45,2023-11-29 02:41:23,2024-04-08 22:32:43,75.948530838052,59.3108115428434,1.61307012980433,81.7318092585118
ethanol,4530,2.7,2023-11-12 13:39:24,2024-03-04 02:44:31,71.690089111017,97.7581646025252,3.50412182798985,83.8531737972884
ethanol,6677,1.73,2024-08-02 16:41:50,2024-06-13 09:31:46,77.1294360309652,78.5375319756299,5.09730018754371,71.1614256379887
ethanol,1338,2.22,2024-10-25 05:39:51,2024-08-29 15:10:04,75.0957388870788,92.8516929784971,2.4343519683944,81.5372510594553
ethanol,5560,2.65,2024-11-28 12:42:16,2023-05-05 06:39:37,71.7925654547785,95.5176986645619,0.992367660306243,80.58208718446
ethanol,3685,2.93,2024-07-28 20:54:35,2024-12-29 04:08:48,77.4393614243554,94.6263343313874,4.57117940621921,68.5702970216938
ethanol,1066,1.61,2024-04-21 10:03:06,2023-11-05 14:44:07,84.0217405489337,91.7160812183109,4.24365722370272,83.5778736034828
ethanol,3364,2.07,2023-01-08 13:03:28,2024-10-28 05:10:23,74.0454810413635,83.5428452555678,2.90979159320057,85.6078452636824
ethanol,3489,2.26,2023-08-05 07:49:31,2024-04-07 22:36:23,78.5987897107409,134.37866900228,3.01446039927907,90.8305124317528
ethanol,5568,1.41,2023-11-19 23:58:53,2023-12-05 13:01:00,68.5336352106442,128.01193006242,3.03025628036533,90.538020520349
ethanol,2346,1.4,2024-11-17 16:25:57,2024-04-05 00:42:01,70.21781811591,82.5690126961558,4.11053531747394,66.2233063204291
ethanol,2707,2.8,2023-12-13 23:10:49,2024-10-15 09:13:24,77.3620313894019,123.731751269554,3.37368472381699,70.6217496008488
ethanol,846,1.54,2023-01-27 03:29:41,2023-08-06 03:09:54,82.4205801426798,94.0080176429072,4.49406391897552,85.1503526720866
ethanol,7337,1.27,2023-04-27 01:19:11,2023-06-30 07:51:04,76.7780667439283,101.937812099976,1.14537333709561,85.1378595091221
ethanol,4793,1.21,2024-02-16 18:07:31,2024-09-01 22:23:51,73.4347098473842,99.0508906015463,3.1431481348722,85.1504768630605
ethanol,8324,2.32,2024-12-24 02:25:24,2023-08-01 06:07:56,74.9964570271168,90.1037703811905,2.87394603908895,118.527314906547
ethanol,2520,2.13,2024-01-11 20:14:21,2023-01-07 03:48:35,68.7479613301514,114.757785154092,3.74365932162751,85.7089051069317
ethanol,1298,1.48,2023-04-15 18:06:05,2023-04-17 10:03:53,78.0225766317768,101.88829795865,3.46195224150986,91.355656401806
ethanol,8596,1.97,2024-02-20 22:43:22,2024-05-06 23:07:38,79.411665311617,92.8517286517114,4.79784377989577,89.540017634932
ethanol,1359,2.94,2024-04-11 12:40:21,2024-03-10 09:15:34,72.7395483358346,80.4311583429929,2.14066322833994,86.513912513058
ethanol,5643,1.94,2024-04-01 23:11:14,2023-10-31 14:59:45,72.6497892612025,86.5960747942132,4.04549147633075,76.8473075535966
ethanol,5590,1.73,2023-02-08 19:19:45,2023-05-09 18:38:45,76.3293911482602,75.3792982659685,4.55833642321171,87.5896922049327
ethanol,443,2.36,2023-04-16 04:33:28,2023-11-22 16:28:58,72.816401319797,100.183353226228,5.85664743656196,72.2717478546243
ethanol,8611,2.51,2024-02-23 12:01:53,2023-01-03 14:55:08,74.6693369268709,82.0500161157341,3.51823402890653,77.6318139325999
ethanol,2448,1.37,2023-12-30 23:02:37,2023-05-30 09:50:25,85.4986089458326,96.0165923122219,4.32445860435252,75.146364521709
ethanol,2135,1.38,2024-02-23 23:19:15,2025-01-14 03:01:32,73.76487149627,120.551527804156,2.19613720743764,80.8187413938632
ethanol,8030,2.4,2025-01-13 03:43:30,2023-03-02 22:21:04,73.2082992398939,117.989493593824,1.60804379568698,103.146585666735
ethanol,4677,1.16,2023-07-29 00:51:04,2023-04-17 14:33:04,71.7622909718242,99.5158465884607,4.8447743757817,61.3273480740825
ethanol,764,1.27,2023-04-04 19:00:54,2023-06-22 15:21:01,78.7209598574997,98.6937291078528,3.99443970635193,86.8626019037451
ethanol,7092,2.08,2023-02-20 00:16:39,2023-03-12 20:03:58,74.0938791339095,128.198118241315,5.17851268979842,63.8728412881035
ethanol,6326,2.07,2024-10-05 07:32:10,2024-09-21 21:02:27,71.7531348083929,107.811341805381,2.62659711103025,75.2806813421057
ethanol,3066,2.51,2024-11-10 03:55:15,2024-10-11 18:39:13,81.6065201613651,95.0829031018522,4.51990213952875,90.8895059696737
ethanol,6595,1.06,2023-09-09 14:29:38,2024-03-18 21:57:39,82.0980150225682,78.6097282431932,5.86881784054385,80.6428001909546
ethanol,3424,1.74,2024-08-12 23:05:42,2023-12-11 02:44:43,71.9978821713065,105.908098272471,4.41970560835727,69.2225522207069
ethanol,6696,2.9,2024-02-06 08:04:28,2023-07-08 09:13:03,65.6673002431969,112.439856588743,4.27658150559105,72.8469629074003
ethanol,9749,1.4,2023-08-27 00:13:27,2025-01-19 13:21:16,80.0375684491846,90.5252271322953,4.00855608082435,86.7959774893468
ethanol,5246,1.7,2023-07-18 01:12:24,2024-12-03 17:20:18,71.5768508712,104.36804132707,2.42911854287409,72.6963336828286
ethanol,6372,1.49,2024-02-11 16:39:41,2024-11-17 08:09:37,78.9531279958138,94.5464005762746,5.35557293571035,82.1645858958198
ethanol,8872,1.3,2023-09-15 20:14:54,2023-07-25 07:05:02,65.1494809114408,97.239514012015,3.38914236019493,80.4557183990381
ethanol,3250,1.64,2024-11-03 06:16:35,2024-06-16 13:34:58,79.4629866914966,62.682669136565,4.50448325638302,73.4839965239418
ethanol,8706,2.16,2024-09-29 04:32:20,2024-01-06 23:47:36,68.9441403535961,96.673278944258,2.43696569342875,101.439440893253
ethanol,4032,1.82,2024-06-24 06:23:22,2024-02-08 22:52:20,78.6538205953326,114.540539536121,2.82054033549222,86.3391902231801
ethanol,3525,2.74,2024-11-23 00:15:56,2024-03-01 06:21:41,75.0713653391822,90.5289616665016,5.43508739922224,59.7485741334239
ethanol,3467,2.73,2023-07-09 20:20:43,2024-09-12 02:09:47,70.2303029030168,100.78789552323,3.65269771104216,81.8645431476943
ethanol,7065,1.5,2023-08-13 08:36:01,2023-03-14 15:50:10,72.9648184353661,88.6607393996212,5.45327547604255,73.3821353523161
ethanol,1983,2.42,2023-05-10 20:02:48,2023-09-09 03:59:59,78.4315922847835,105.406625144392,3.92176934094148,88.5243333479622
ethanol,6892,1.53,2023-10-31 02:11:43,2023-03-27 04:44:59,75.5294722655762,96.7521520369574,2.15810222704214,72.074792615673
ethanol,258,2,2024-02-18 22:23:17,2024-09-08 05:00:37,77.9220649023624,85.9113768897699,4.89206759973172,78.852635585331
ethanol,3430,2.62,2024-11-07 09:19:27,2024-06-26 02:46:17,84.8822029225774,119.988272014977,3.41010768224439,85.0498727898046
ethanol,491,1.7,2024-07-27 10:19:56,2024-12-09 03:44:03,67.1787919414447,113.933980202983,4.69868881351704,88.6575519417012
ethanol,101,2.83,2024-09-20 13:55:06,2023-06-19 12:07:30,83.0860628748431,90.9263985410774,4.02521086754008,67.9970359294422
ethanol,5538,2.24,2023-02-01 05:41:18,2023-11-13 07:01:48,75.5217796876161,107.466824641267,2.45688177205713,76.6549876415905
ethanol,1634,1.88,2023-12-07 15:49:54,2024-04-30 16:27:43,70.5060797583844,108.061180042306,4.16429476537057,75.2505468883904
ethanol,2768,1.37,2024-06-09 01:02:44,2023-12-18 09:35:07,68.3484318713051,109.634518525168,6.1962231421528,73.4667076742629
ethanol,3095,1.55,2024-10-19 21:30:20,2024-05-18 15:58:34,74.0543980461148,74.5861615600738,4.49298645851446,97.654542402811
ethanol,9730,2.42,2023-07-09 01:11:24,2024-04-25 18:01:58,79.6082505596223,115.099098115489,3.94248224699454,84.0498171096096
ethanol,7499,1.79,2024-02-05 23:39:46,2024-03-05 12:45:32,74.3622543981123,91.454515556114,5.0753434019569,67.3911604566495
ethanol,7703,1.69,2023-09-19 04:59:58,2023-06-06 12:02:55,82.5557746512367,94.632580998381,4.21066846520311,89.1786194705478
ethanol,9655,2.11,2024-06-09 19:46:49,2023-01-19 16:03:46,67.7441215497422,139.568226283903,4.20953423026279,101.221561970126
ethanol,9922,2.31,2024-02-20 15:05:22,2023-07-07 14:31:52,74.9395552607697,104.528100710815,2.9083748278409,90.3246526055115
ethanol,6686,1.9,2024-11-02 20:14:37,2023-03-27 11:32:24,68.7380327779344,94.2051628682924,4.2338480257896,64.8063003404599
ethanol,2204,1.2,2024-12-12 16:19:19,2024-10-12 09:24:53,76.8181594131249,66.9205844086614,5.03544341641694,75.1576592713375
ethanol,9264,1.35,2024-10-07 03:41:37,2024-02-27 05:39:38,79.4344369504865,120.846462009195,3.16393784789998,92.6691114918662
ethanol,8711,2.77,2024-03-27 00:40:27,2024-04-25 11:15:48,72.8961910315947,79.821854937871,5.42449582124695,72.9233053438122
ethanol,7767,1.65,2023-07-12 01:09:59,2024-06-02 23:40:38,61.9789307168643,84.9484164475074,3.90829397585487,84.4381942814623
ethanol,7985,2.56,2024-03-06 22:32:15,2023-08-22 12:50:01,75.9947407339825,95.0297155136823,3.11223048846146,87.7463405342934
ethanol,9667,1.78,2024-07-01 05:01:26,2025-01-23 22:46:51,77.1836927586676,121.246176875504,4.99763207692025,70.7306952842192
ethanol,9139,2.64,2023-08-03 13:08:52,2023-01-15 19:04:40,77.0214737748085,111.598599799986,3.71320576426173,79.404746439382
ethanol,8759,1.35,2024-12-18 09:23:58,2023-03-21 21:52:50,81.1789109591108,97.6324373523961,4.75951488748611,47.5873265993093
ethanol,8744,1.67,2023-04-19 18:54:11,2024-07-29 13:14:39,69.6447316017548,104.624380954582,3.70824136774146,69.7561235866571
ethanol,4287,2.47,2024-08-10 00:35:09,2023-08-28 15:18:48,78.4010805272523,90.9942146069334,3.9401738564701,77.4743184860684
ethanol,7705,2.45,2023-03-29 21:42:20,2023-11-19 04:13:15,80.9625375623899,102.09480534348,4.49356020433429,67.5221681803515
ethanol,601,1.02,2023-06-14 02:23:48,2024-10-04 02:10:49,66.1070620799674,101.100051171672,4.29089705759001,96.3241130393164
ethanol,5719,1.02,2024-10-30 21:46:05,2023-02-17 09:50:25,76.5982591295949,114.53154843522,2.00446821954826,65.6985862203937
ethanol,8319,1.13,2024-03-11 01:12:59,2024-03-31 21:21:49,72.4791008449616,114.507671836584,2.87875625990561,75.5995551330302
ethanol,8166,1.39,2023-05-21 10:58:05,2023-03-04 19:47:14,74.5923866344918,107.409660733085,4.92940998479082,81.3074057728609
ethanol,9607,2.75,2023-03-04 04:47:33,2024-01-30 05:03:44,76.7383824176917,94.5647866368085,3.86786341109845,94.4127328906612
ethanol,1559,1.62,2023-01-10 00:55:11,2024-12-30 04:12:35,72.5638571794322,111.127334415852,3.47626869722858,65.6413784882056
ethanol,1787,2.28,2023-06-24 02:33:49,2024-07-06 06:07:43,71.6214596041919,98.6204730069543,2.64142598474253,91.6316375215496
ethanol,5470,1.79,2023-04-08 12:08:40,2025-01-05 13:04:15,75.1707620874401,83.771284469303,2.92026367872415,80.1023306101959
ethanol,5906,1.22,2024-06-26 20:24:33,2023-05-23 14:37:45,69.563770305686,93.9506831213359,1.97820136003805,70.1849134895205
ethanol,2074,2.75,2023-11-22 18:56:40,2024-10-19 09:48:14,69.5708743555741,101.267904756765,3.89871928129847,84.6210347426327
ethanol,4716,1.26,2023-08-01 04:14:18,2024-04-10 23:33:58,78.3968664147825,113.653236754971,3.40156241941895,81.9905969557347
ethanol,1820,1.39,2023-12-18 14:13:44,2024-06-08 20:12:32,69.2560298242067,97.2470774176427,3.03341210901468,73.9978312284121
ethanol,2836,1.11,2023-07-03 01:43:26,2024-03-29 22:49:14,78.3315625045461,81.8620193314059,3.93187657483205,80.6980208499002
ethanol,1642,2.8,2023-09-01 18:30:20,2024-10-01 04:02:38,77.3129564642698,100.851125249452,4.36397063085274,76.1468640313824
ethanol,8968,2.26,2024-09-29 08:53:49,2024-07-30 23:48:58,66.370966356047,101.701840600848,6.09319793220995,81.1351734525125
ethanol,6308,2.4,2023-12-22 11:34:05,2024-05-05 18:26:17,71.6121767383217,102.787564433541,2.48811658043679,86.6213067452105
ethanol,248,2.36,2023-01-26 01:47:39,2023-02-08 06:41:27,80.9705470152369,113.798072739316,5.15938104330052,95.8601681614535
ethanol,4895,1.41,2023-07-25 14:17:44,2023-12-28 10:46:58,70.0941723443016,115.283848601348,4.97310156101507,67.6218450117315
ethanol,6922,1.37,2023-12-12 21:55:22,2024-09-13 11:34:44,72.6779786884531,91.086836914275,3.2209072606233,101.330333746563
ethanol,2793,2.33,2024-10-18 01:44:21,2025-01-18 06:33:18,77.3103044662595,90.7578481292659,4.20323595458603,60.479122004775
ethanol,117,1.74,2024-07-19 14:19:02,2023-10-11 22:12:13,78.916952546413,84.3970193356679,3.54236675066238,78.4821490496442
ethanol,2671,1.38,2023-09-21 21:54:12,2023-02-02 20:33:28,73.7423055697775,110.482235054207,4.18568858041874,85.8831720648458
ethanol,8115,2.12,2023-06-26 01:22:14,2023-10-02 16:39:47,72.0124490265418,121.732301625066,5.50913101340455,82.8099186773503
ethanol,4362,2.47,2024-04-27 01:36:36,2024-12-09 18:51:33,82.1118493084925,95.2737710813662,4.60560623263131,73.7730048017941
ethanol,8833,2.1,2024-04-19 16:37:57,2023-03-28 01:43:37,83.6944983189879,96.3785415291251,4.50860837323344,77.9187774964273
ethanol,423,1.56,2024-07-11 02:04:25,2023-10-26 12:00:01,79.894290253909,122.001738353485,3.56969068004536,75.0699906534117
ethanol,589,2.84,2023-03-23 21:48:40,2023-10-24 11:00:35,75.4265907128251,107.583367798225,2.51594333507567,74.1063524305579
ethanol,9942,1.26,2023-04-15 19:47:56,2023-06-29 17:47:23,70.9586713917954,106.543535572016,3.79153178945959,88.4960209702103
ethanol,1498,1.86,2024-05-24 12:15:18,2023-09-29 01:45:36,70.8477779672172,82.1362524103941,5.20660815486392,83.5701548596505
ethanol,6827,1.61,2023-04-22 03:04:30,2023-07-30 07:53:47,77.6125705263288,110.180921039191,2.47283214341035,73.0709040473935
ethanol,1549,1.21,2024-01-31 21:48:44,2023-02-19 19:01:05,77.0919911044434,86.0629548923536,2.94491063182331,88.9959987543325
ethanol,2177,2.54,2023-06-06 05:31:54,2024-09-23 11:46:13,82.0079929647322,82.9896972109756,4.12626773623407,83.0729952087661
ethanol,794,2.22,2024-05-19 03:45:17,2024-02-20 10:04:00,78.2522504626807,94.7984263484993,3.01534521515274,88.1286211883896
ethanol,5990,2.15,2024-08-21 05:53:24,2023-10-18 22:25:12,67.4845984912009,91.2131091482697,3.20747655288479,86.2962884192361
ethanol,9079,1.06,2023-10-17 00:18:34,2025-01-11 03:26:11,80.2597380886146,96.6760045842244,3.57640141827182,71.7100498907793
ethanol,4216,1.89,2023-05-12 08:37:48,2024-08-14 19:00:01,70.0096968634279,78.3852754821262,2.63438259580985,74.3981895980303
ethanol,2546,1.33,2025-01-13 16:41:02,2024-09-06 18:48:28,73.0801436402383,114.382244597015,3.02587815378363,87.4729360512326
ethanol,8738,1.36,2024-12-01 00:17:39,2023-01-08 23:18:33,76.2510010312585,116.915294417746,4.70342791678731,86.1037026543347
ethanol,3097,1.59,2023-12-08 03:31:32,2024-08-18 16:00:15,84.9783374489198,70.7898628878878,2.69263021776904,79.7909840603585
ethanol,5706,2.41,2024-03-10 18:57:50,2024-01-15 07:42:40,90.5495927800268,114.676867084998,2.40212786550516,81.1732738330878
ethanol,5188,1.39,2024-02-21 09:12:40,2024-11-30 22:29:40,78.0336152956809,87.8420705526756,3.36997502046611,92.7766489578843
ethanol,3684,1.05,2023-08-04 05:51:17,2023-10-13 18:11:47,74.0840169063981,112.854633054742,4.73195550250985,74.0842861116417
ethanol,6484,2.79,2024-02-10 19:36:21,2024-12-26 20:57:03,77.6725282424028,98.9733026100038,3.80307819200311,85.4709738117004
ethanol,7315,2.73,2024-02-08 02:59:34,2024-04-23 18:37:40,79.4382771293692,100.431633461215,3.53541892188438,77.9780734756611
ethanol,4423,1.83,2024-03-17 23:04:56,2023-03-23 09:17:15,73.396661872214,97.2235352586817,4.04435879751561,77.8231879677278
ethanol,8171,2.26,2024-02-19 07:30:21,2023-01-15 02:10:28,83.9760567795616,118.181938063502,2.25429256714035,90.9877685198719
ethanol,6074,1.4,2024-04-30 00:15:44,2024-05-15 07:18:08,76.150353795957,81.4061798121246,4.49470565377503,88.2541634898803
ethanol,1952,1.82,2023-03-09 23:14:33,2024-12-12 06:03:26,77.488715445457,109.117605081025,4.38343503140364,88.1350963600064
ethanol,3252,2.85,2023-08-02 17:53:31,2024-04-19 01:02:03,78.3296212602723,116.519952473343,3.59069152590428,93.0547880715433
ethanol,6318,1.48,2024-01-28 02:25:37,2024-01-09 15:17:17,77.1079330530723,110.745101208106,5.00592451179642,80.2100384163276
ethanol,9373,1.93,2024-07-16 04:37:17,2023-08-25 17:46:44,79.1947025023481,134.870483714851,2.87250390104696,86.8195297129497
ethanol,4210,1.39,2024-04-17 19:53:00,2024-05-31 07:26:18,71.9137340672654,92.0657985591295,5.12790899325357,76.8973324340654
ethanol,5308,1.15,2024-06-20 13:23:59,2023-08-05 10:07:39,72.2084912302698,114.359572338903,4.15449366559525,83.2416635248844
ethanol,2999,1.18,2023-10-25 16:45:52,2023-03-30 03:23:35,69.4992288351415,98.4086404698787,3.66344741012183,78.6985694563232
ethanol,5513,1.29,2023-10-27 11:01:17,2024-02-27 17:53:33,77.1975061531011,118.50109114529,3.98012636463169,80.9699596499272
ethanol,9304,1.49,2023-12-31 22:21:43,2024-12-11 02:05:10,78.8946825175606,99.8846650641795,3.89273523418906,85.9515702543691
ethanol,1540,1.69,2025-01-15 07:29:10,2023-03-14 01:22:27,77.2888643307594,94.181863272063,5.22028289641772,71.8177931676653
ethanol,7848,1.93,2025-01-28 00:55:33,2023-12-06 19:50:06,83.3724621667377,119.591083058074,2.92332087252899,100.923872756855
ethanol,4713,2.89,2024-04-09 06:38:30,2024-04-09 00:04:51,74.9720199058548,92.6265709147161,3.2374807608534,69.939826185003
ethanol,3986,1.95,2025-01-12 01:37:10,2023-02-19 22:45:18,78.3437082779626,78.8091136164917,5.03630289207248,67.8581138721227
ethanol,7154,2.8,2024-05-16 15:28:52,2023-02-24 09:14:04,69.5414956193034,92.2472967523926,3.40446506481614,91.5811087350007
ethanol,1111,1.55,2024-11-16 07:00:51,2023-10-07 01:36:20,73.064501487628,109.285494198828,4.90053307733159,87.9166269396294
ethanol,3221,2.63,2024-10-08 19:43:39,2024-12-11 09:28:57,78.4776887878289,120.880581273806,5.69943598300871,86.2411981705216
ethanol,2990,2.45,2024-02-28 15:02:24,2023-06-05 14:51:15,79.2455105537157,101.666940629448,3.59820497305837,86.2834550926428
ethanol,2640,2.04,2023-07-16 11:37:02,2023-10-07 23:40:07,73.5301652616791,119.77295600851,4.68136232657531,79.8775322715309
ethanol,2052,2.44,2024-03-15 03:05:00,2023-09-09 19:44:54,74.6420037407097,79.6273761778361,2.84630771866014,71.0274562851417
ethanol,9405,1.48,2023-12-26 03:30:40,2025-01-05 02:02:03,67.410631266596,93.3510480277315,4.75473329806781,80.7580455819373
ethanol,3882,1.05,2024-05-23 07:28:57,2023-12-07 07:56:17,73.214853995967,95.6713732426885,4.19942398598677,73.2283828848789
ethanol,4209,2.32,2023-05-17 05:35:53,2024-09-09 14:33:37,79.4519158175989,98.2816085879122,4.47303828216022,89.7511973341775
ethanol,7504,1.2,2024-04-26 01:38:39,2024-10-07 13:28:02,77.8760250805328,101.261415823753,3.35442792796461,78.5294261849786
ethanol,8678,1.96,2024-05-01 09:04:42,2023-10-04 05:54:17,77.5033286069061,110.363664360883,2.33891658443283,71.7450280320749
ethanol,8989,2.55,2023-07-15 03:58:28,2024-01-06 03:30:27,75.2488684359048,93.3278974274427,4.50325206474951,76.7861415834701
ethanol,1712,1.9,2024-11-18 12:54:08,2024-02-19 16:47:44,75.0353157931409,102.085430304297,1.93659684752055,84.1293145427563
ethanol,5342,2.62,2024-03-19 23:03:01,2023-05-31 10:48:22,71.6983943026328,99.3231566451392,3.68264950775747,74.3627544719603
ethanol,1795,1.05,2023-04-16 09:36:15,2023-07-30 23:02:42,78.4941421010127,86.1116514416327,4.94118186641997,71.7777960443357
ethanol,5681,1.46,2024-02-29 11:36:35,2024-10-21 02:55:10,77.104864721947,98.2949996637785,4.19189773587304,82.4368721149191
ethanol,185,1.48,2023-04-15 23:26:14,2023-05-02 18:58:56,77.460094239964,97.8451070515432,5.94834264478981,82.4496657110872
ethanol,9470,2.57,2024-03-12 12:49:30,2024-06-22 17:21:01,72.3698257866621,97.5237915249543,5.02510915258177,74.9305682462887
ethanol,8214,1.64,2023-08-18 16:40:47,2023-07-05 07:40:45,64.2332854006438,100.476391848722,3.34610161167442,75.2896169438168
ethanol,9224,2.11,2023-02-04 14:58:31,2024-06-29 20:11:59,80.4857635587685,101.135103109201,4.02731337985144,82.3204993735764
ethanol,5620,1.67,2023-12-14 17:12:09,2023-10-16 07:39:01,72.605812719958,93.5155723133901,3.95262929745556,65.5191565850268
ethanol,4511,2.24,2024-04-04 21:59:18,2023-07-27 10:51:29,70.6861211797844,119.090721009569,2.41782323665387,65.9253622562345
ethanol,820,2.81,2025-01-28 22:52:12,2023-02-27 00:13:05,78.46739455957,82.4577905619548,3.05960108351565,72.8155577874756
ethanol,5282,1.71,2023-10-28 17:35:34,2024-12-12 08:14:57,73.0399368004044,89.1854483729516,3.43923909302014,77.8655284828815
ethanol,4886,1.92,2025-01-02 08:17:44,2024-09-28 06:22:21,80.2996819202331,141.699454363353,1.96377949714406,83.1090756559801
ethanol,9368,1.91,2024-01-03 08:10:13,2024-12-09 07:21:22,78.0850297478835,84.4301296751616,4.04749346825164,94.7535621694955
ethanol,2761,1.07,2024-06-18 09:52:02,2023-12-22 08:55:55,78.4178466160024,79.6936798793536,3.75092815534696,88.5765962320202
ethanol,8946,1.22,2024-01-16 02:34:26,2024-07-12 06:48:40,68.1702214439973,111.017151175018,2.32710609868843,78.4006147003657
ethanol,4686,1.72,2023-01-02 04:31:09,2024-05-17 10:53:10,81.059719926932,68.8432021933919,4.40421286527733,79.8098379209731
ethanol,5705,2.37,2023-10-27 21:29:11,2024-06-04 06:13:57,76.3062526561693,96.4708913504134,4.71587274469096,69.9747063536219
ethanol,9657,2.37,2023-04-26 23:57:10,2023-10-30 20:42:00,73.153614303769,132.187373876147,4.22703447886489,79.8148686400761
ethanol,3363,1.78,2025-01-18 06:45:15,2024-12-10 21:24:09,75.7169423367113,76.825961167699,3.67593182479103,77.1134136107986
ethanol,8505,1.33,2024-03-23 16:59:16,2024-08-16 14:50:13,66.1188238355084,70.2705327139193,4.59144215175185,83.2271856033809
ethanol,5186,1.07,2024-01-24 04:45:11,2023-12-21 20:57:15,77.0432640574034,77.5122819706345,4.68022036047669,71.7276905644768
ethanol,8246,1.9,2024-01-25 05:43:09,2024-11-13 03:07:54,69.8531424590896,113.475393525205,4.30740356971969,85.1934651424117
ethanol,1846,2.85,2024-09-29 02:28:47,2023-02-04 12:05:15,68.2366485707823,116.871650799787,3.17538774956524,95.3273891300258
ethanol,9000,2.32,2023-05-07 06:47:07,2024-04-28 04:36:55,67.3882040689105,92.3111680453224,4.27660076551118,78.9123985154314
ethanol,4485,2.15,2023-03-18 17:25:50,2023-09-05 08:39:31,80.5634418749496,110.248186060016,5.19548065082548,84.0171172209894
ethanol,4884,2.84,2024-01-10 13:00:43,2024-02-29 19:43:51,71.8536830315361,120.85382991268,3.40337094138827,86.9014399171111
ethanol,2175,1.64,2023-04-15 06:55:43,2024-10-20 00:17:52,82.6686385495825,126.810196216447,6.09793933913243,75.9877952811416
ethanol,6751,1.35,2024-07-15 09:28:21,2024-04-27 06:55:15,72.3209926847385,96.3049707823023,3.47436906601462,82.2409248181042
ethanol,3509,1.17,2024-05-04 06:06:29,2024-11-26 08:58:44,66.4632102120353,65.4779242349502,4.03240701334014,80.1259240078179
ethanol,7921,2.29,2023-03-13 02:44:03,2024-09-13 04:51:23,69.4173778002567,87.6868161638547,3.32751440399366,80.9767609854883
ethanol,57,2.95,2024-06-01 13:40:10,2023-02-09 10:35:12,81.1790581000347,93.5979370759711,4.22327083592026,72.2699021614453
ethanol,913,1.57,2024-10-26 19:52:46,2024-03-21 23:17:16,74.2205091103167,96.1159180513241,2.25777830736473,80.2451017425894
ethanol,2253,1.67,2023-05-26 12:54:08,2023-04-08 15:06:22,72.258563517547,97.1821089848692,3.45395820118328,84.9799829124545
ethanol,4794,2.23,2023-05-30 23:11:44,2024-10-07 00:32:55,75.8000911292639,116.78341896896,2.90787879965143,94.5114360779504
ethanol,9910,1.43,2023-05-08 04:47:42,2024-12-19 05:59:10,77.5089136808377,119.116426400314,4.13533834789229,89.5927082608521
ethanol,5870,1.48,2023-05-15 01:47:35,2024-04-25 16:43:55,80.5869940795123,97.4248951911282,4.99444737550891,101.531824575116
ethanol,9878,1.17,2024-06-26 16:12:20,2023-11-28 00:07:10,82.2424961494646,116.477273140777,4.64600618711455,72.3265243711195
ethanol,7609,1.23,2023-11-07 18:19:43,2024-08-14 14:31:09,73.2011567710546,105.364920499466,1.62834063914111,88.7232063672068
ethanol,6144,1.47,2023-07-08 18:41:51,2024-09-12 07:03:31,68.3697615695898,100.967589592939,6.04206965292788,81.8334200573835
ethanol,9178,2.57,2024-06-29 13:20:24,2024-04-19 05:10:41,72.9326741943836,113.598162356649,4.29527994062087,101.898029332177
ethanol,1756,1.36,2023-10-24 15:19:31,2024-03-14 19:59:36,76.3014025329144,101.083780723569,3.223500859507,71.9170171464485
ethanol,2914,2.63,2023-11-25 05:46:13,2024-11-06 08:02:51,70.181205368947,130.867167656466,4.15712791899094,71.6027815781922
ethanol,5070,1.3,2023-02-13 16:37:55,2023-03-19 14:35:43,70.2142454255248,78.4238324980816,4.17618982250269,74.0060735455598
ethanol,385,2.39,2023-04-30 10:08:55,2023-04-01 11:38:04,76.7189394077494,92.2724365136197,3.33315128304844,58.7610427569019
ethanol,1333,2.79,2023-11-13 02:23:29,2023-12-29 12:37:08,74.7567382421478,98.1022165456908,4.19791666734208,74.7424497831924
ethanol,9611,2.38,2024-11-02 15:56:56,2023-06-09 18:03:17,75.1639849770579,106.59179035687,3.39252771237969,72.408673384463
ethanol,7086,1.34,2023-06-26 11:28:47,2024-12-19 16:13:01,71.2075233264997,119.019407306546,3.59563800730998,81.5039378647621
ethanol,2885,1.65,2025-01-16 18:50:25,2024-11-21 10:16:33,73.8479964289712,99.6340214914576,3.31372086424492,83.4175597577716
ethanol,8906,1.41,2023-02-21 09:36:50,2024-06-08 03:39:32,70.3788342786585,78.6665552574069,2.56732871026035,98.7617083921589
ethanol,2960,1,2025-01-23 22:09:20,2024-08-06 06:34:49,79.4509920556239,112.637708446825,4.14583647021538,89.5042383818605
ethanol,2433,3,2024-03-09 21:04:37,2023-10-08 18:46:35,80.1762466736188,111.324381492129,4.58529943651634,74.230963443376
ethanol,8456,1.89,2023-08-03 07:21:20,2024-09-15 09:41:49,65.7690606888095,70.8721201093089,4.51488359607637,71.0158532865164
ethanol,9511,2.23,2023-11-17 01:13:04,2023-01-12 09:52:25,70.3524456990379,99.942937994938,4.81992525263523,84.9191917150651
ethanol,4087,1.12,2023-06-25 02:40:49,2023-08-01 05:07:08,67.5173537245496,76.1478725397955,4.32434021001487,66.7976679297936
ethanol,9260,1.49,2023-09-24 07:58:19,2024-04-27 10:45:59,71.7498803279655,90.0302335374691,3.4672745017831,98.3145876585435
ethanol,1665,1.51,2024-07-09 18:39:57,2023-09-05 22:53:19,74.5828101510482,86.457866095558,4.83966386443119,91.7944012072129
ethanol,7029,2.63,2023-09-29 09:07:41,2023-08-28 11:59:20,67.7517739015074,112.13897047363,2.64248246015806,75.308243478953
ethanol,7281,2.6,2023-05-02 17:20:07,2024-05-18 17:33:12,70.3907009343734,101.752452612583,3.09932861748752,62.8686547090912
ethanol,6123,2.93,2024-06-13 15:20:27,2024-12-18 19:27:31,69.9802131395925,80.7161349886596,3.03579992857676,93.5387237416541
ethanol,8350,2.23,2024-12-14 21:15:38,2023-07-13 14:31:02,76.0363366469947,113.20098944436,5.08005605913931,78.8546015474738
ethanol,9015,2.91,2024-09-19 14:05:52,2024-04-27 16:23:53,75.3467216851813,78.4929126410738,4.94278851414008,92.3781631197346
ethanol,6628,2.86,2024-01-22 04:42:46,2023-04-30 10:56:33,71.3913122333137,104.951706857064,4.48730523704499,64.0557234120563
ethanol,1166,2.74,2023-07-22 17:16:48,2024-01-20 20:46:52,75.884104360697,87.7898399606267,5.0719298652118,74.0062497704623
ethanol,2749,2.25,2023-02-01 19:27:55,2024-06-09 14:42:35,72.2665995770637,94.5148437620422,3.12071721758801,80.0524369971818
ethanol,3106,1.15,2024-06-09 06:38:08,2024-05-10 07:01:58,73.6417244483697,107.564061220576,4.34859511986098,80.4698059376474
ethanol,2590,2.49,2024-02-19 09:05:17,2023-07-28 16:00:45,83.3672604514927,107.821740985893,3.87482557161684,75.4993452852076
ethanol,4256,2.35,2024-06-27 09:13:21,2023-09-11 13:53:39,81.7023052589517,120.054536103339,4.84688210388491,86.228499323475
ethanol,3443,1.25,2024-10-08 09:41:14,2024-06-07 16:33:35,68.502093815362,98.7661945049282,3.8847757674478,69.3237957061741
ethanol,7913,2.08,2023-02-16 10:41:58,2023-12-25 15:58:47,79.1486620893959,104.59676294445,3.61505711158992,78.5762051497871
ethanol,1748,2.28,2023-07-14 07:33:39,2023-01-13 02:12:07,79.056982772458,93.4339401639351,4.54090851856099,81.202956317119
ethanol,681,2.79,2023-07-08 06:53:35,2024-03-25 11:14:48,69.2586835562369,102.729848239342,4.87616916719123,85.1443883405875
ethanol,9658,2.25,2023-05-09 01:32:31,2023-09-21 05:19:31,79.0938882187743,106.592290720128,3.3316548051532,87.1161487808889
ethanol,8403,1.48,2024-01-12 16:21:51,2023-12-07 07:21:06,82.6896595920628,98.5253522881844,3.93892432864762,68.7535790816213
ethanol,7905,2.67,2024-07-12 06:19:54,2024-01-28 03:37:51,69.3872759687779,72.9437427386126,2.94155936635835,64.6588582926438
ethanol,500,2.17,2023-09-06 01:33:22,2023-09-05 06:39:22,70.4124858949287,104.972063444963,1.50193898250706,92.7767682189851
ethanol,2626,2.29,2024-08-21 07:24:24,2023-06-03 22:57:54,80.0883073342175,105.468422160332,4.20045963141373,83.3231401197959
ethanol,7584,2.87,2024-04-08 03:02:53,2023-04-22 09:40:40,76.3574765541282,89.7973978547807,4.60890535625463,72.5151346344345
ethanol,5119,1.06,2023-12-22 22:51:48,2024-06-08 16:24:48,77.7573813761976,80.7341944589123,4.26206680908673,95.5115197552252
ethanol,5092,2.15,2023-08-15 21:33:18,2024-07-15 01:09:12,76.7029460820025,122.138187257559,2.05043828224563,81.1567463429286
ethanol,7444,2.31,2023-12-11 05:52:34,2024-04-08 20:18:05,76.9534796046407,107.371682663416,3.64915056992353,91.7929718406383
ethanol,9490,2.07,2023-10-15 19:59:16,2024-08-13 19:12:21,68.3676393584446,96.5637845361744,1.78165223994892,80.6751848141011
ethanol,7900,2.58,2024-04-29 16:34:38,2024-12-03 18:05:23,80.2365885331072,82.9445067527877,5.36970110765419,100.60747924882
ethanol,2948,2.33,2024-12-25 21:44:10,2023-01-16 11:06:40,80.8479499621389,87.6727775736798,2.91394541788191,97.553408424432
ethanol,416,1.5,2023-02-01 02:31:15,2023-04-07 02:46:12,73.8530462796599,119.538855951793,5.2554036094599,77.5103585152093
ethanol,4421,2.29,2023-11-24 11:28:41,2024-06-12 08:48:28,74.7826152509307,102.064929113021,4.94586964368415,89.7157095095436
ethanol,613,2.01,2024-02-17 21:21:41,2024-11-18 00:33:17,67.3444624872214,91.7411939949894,3.09940964746394,86.4537594958515
ethanol,6458,1.28,2023-07-12 19:08:06,2023-12-06 02:22:22,77.5712737800892,107.64533846837,2.86721504873226,93.6863155753235
ethanol,7573,2.57,2023-10-08 16:27:15,2023-05-28 17:26:04,77.8602872085707,87.7840271883052,4.35037021638634,70.350765394199
ethanol,4042,2.39,2023-09-18 11:22:26,2023-09-15 22:30:33,74.6890449150035,122.512645454206,3.15567596281693,86.8605145999844
ethanol,1973,1.79,2024-10-13 12:52:56,2023-10-19 23:47:37,80.6217667993525,120.292008023451,4.10248464215821,90.5842448684959
ethanol,2973,2.35,2024-12-23 17:58:07,2025-01-13 02:25:57,73.3296138451003,93.0013889319584,3.51717240919308,62.4126051357689
ethanol,8657,2.91,2023-07-23 21:28:25,2023-03-23 10:19:42,77.823029629468,90.5699462945371,2.21884158553437,68.1674148733423
ethanol,831,2.34,2024-02-01 18:47:38,2024-08-28 23:05:06,69.9016783065394,60.7280020196158,1.76953198087554,59.607678222399
ethanol,5480,2.94,2023-08-23 05:44:24,2023-05-14 10:06:40,74.8822392456288,77.7762884267295,4.2266842484946,77.3059316555544
ethanol,5767,1.69,2023-12-24 16:25:29,2023-12-21 10:02:50,74.1282287104858,79.9079533756337,3.43844225366937,87.1754225579596
ethanol,7927,2.37,2024-06-01 08:36:05,2024-09-14 08:21:44,76.1265396102047,102.027855114811,3.44691018308587,95.0235705209603
ethanol,3822,1.44,2023-02-19 00:16:04,2024-01-03 07:47:08,73.1523653558332,95.1064944333796,4.69586383909379,80.7409478041978
ethanol,9456,2.15,2023-06-11 16:50:31,2024-07-27 11:12:07,74.3426370216417,79.8199676887714,5.17344227663245,96.2861554557129
ethanol,5848,1.37,2023-10-28 16:51:22,2023-02-26 19:02:18,79.1302358572075,95.7825393630317,3.72745527863819,66.1989854178511
ethanol,4336,1.87,2023-10-26 07:47:39,2024-10-06 07:30:00,72.8161788138089,107.58005721471,3.65940129309014,62.9661756064485
ethanol,2260,2.84,2025-01-15 00:52:58,2024-08-15 12:24:53,66.9671144963066,107.917590248734,4.50014303311388,79.4445230110338
ethanol,119,1.98,2024-01-27 10:41:31,2024-01-04 15:33:46,83.7479195210271,71.5049457871168,2.64306443030042,83.8406544893931
ethanol,8769,2.98,2023-01-21 11:25:29,2023-06-14 04:46:48,81.9072703934524,98.0760477927425,4.2231530547477,79.6730525190591
ethanol,6730,2.96,2024-07-31 15:43:17,2024-03-11 22:27:58,68.5386865244719,79.2498883454258,4.55188597182215,59.3255789996012
ethanol,5085,2.62,2024-05-26 01:52:28,2024-01-01 02:01:59,78.448539026226,113.525930457104,4.68023020841763,79.1087996048721
ethanol,5143,2.5,2024-09-07 17:19:43,2024-01-30 20:23:19,72.4851261472433,111.762196245302,2.06324729749754,66.9553049949515
ethanol,782,2.75,2024-05-05 23:11:41,2024-06-01 01:38:27,76.3174360766553,86.5295916051331,3.23864473019106,86.6967254883004
ethanol,2206,1.49,2023-08-15 12:37:21,2024-11-14 11:53:14,76.4711206450675,88.509321963994,3.12173674717653,83.6659824609685
ethanol,5248,2.32,2024-10-05 12:40:16,2024-03-03 05:46:47,73.8279609984184,93.0809942425254,4.09988695440921,70.6012021367264
ethanol,2781,1.45,2024-11-19 03:08:27,2023-06-19 12:50:50,71.081171672068,66.2080990790299,4.48074457976798,74.8613308266331
ethanol,3803,2.8,2024-12-21 09:37:41,2024-09-06 00:48:12,71.5472947384187,105.039522601609,5.49671040744598,69.4078647811105
ethanol,322,1.15,2024-11-16 13:53:15,2023-05-23 13:19:27,70.4190404225938,95.907331804898,3.50503451963193,79.3732090272683
ethanol,1123,1.89,2024-03-01 07:58:38,2023-01-10 10:32:04,70.8408889588478,114.552626238518,3.50242750169079,89.5514232050124
ethanol,8106,2.38,2024-11-01 14:14:59,2024-10-09 13:28:52,74.6641085497532,83.5238617305617,5.14967201887875,70.1427395366446
ethanol,4113,1.37,2024-06-06 02:06:50,2024-11-10 21:19:45,71.4212000544463,90.713155776251,4.29657693853031,85.0404651551784
ethanol,3780,1.49,2024-05-05 19:19:28,2024-12-10 22:54:47,78.4102603285631,77.4021211294133,5.26765151118797,74.6974238162756
ethanol,9553,2.72,2024-01-11 03:09:18,2023-08-26 09:12:15,82.4362307766796,84.9356415475862,4.28872800300984,72.0712716773766
ethanol,5931,1.59,2024-04-18 20:16:25,2024-11-11 07:36:58,72.0997337931498,82.2702700589767,2.84288338128673,78.9296964004544
ethanol,7719,1.15,2023-06-09 22:01:17,2023-09-09 23:38:24,76.1970225026769,114.939605182697,2.66687164522219,69.6475767758063
ethanol,7815,2.97,2023-04-11 12:34:32,2024-05-16 04:41:04,77.4984255515147,89.5260722687291,2.44848775094107,74.4635069465282
ethanol,1900,2.6,2023-06-29 04:30:05,2023-10-07 19:15:42,77.3600113545964,101.862635271169,4.66205183475847,68.0212210741115
ethanol,3850,1.95,2024-04-22 23:01:15,2023-01-07 10:28:43,75.3797763395804,94.2885489420729,5.18859682308701,99.6472513291639
ethanol,270,2.73,2024-05-05 09:12:22,2023-08-15 23:17:27,78.7134120917986,80.9580210098078,5.84936214138638,80.3526355197173
ethanol,8552,1.79,2024-08-09 17:10:02,2023-06-16 15:34:06,77.4112447634033,97.4754936524254,4.84310533232324,73.0027449200742
ethanol,993,2.89,2024-09-05 04:18:35,2023-03-14 21:38:46,68.8116878883635,108.986549977954,5.16283857753499,82.1397991073422
ethanol,6192,1.86,2024-12-05 09:56:58,2024-02-06 17:27:04,79.3457803219464,81.8836091118497,3.41998366734632,78.8767195030917
ethanol,9912,2.74,2023-09-20 16:59:20,2023-07-13 23:50:10,79.4364541863337,112.136691860971,2.84358418325614,77.7903040046678
ethanol,1316,2.09,2023-09-04 03:44:04,2023-05-02 01:34:12,71.1835694791071,87.2541861778346,4.85007933241755,86.1416670004343
ethanol,3597,2.64,2023-10-12 01:12:26,2024-10-16 09:27:36,75.189689177238,92.7552411089074,4.4176807522394,87.5750771004731
ethanol,5154,1.58,2023-07-13 19:56:53,2024-11-09 07:40:33,78.4166449640554,107.960246845151,4.10744437434089,74.6949885238947
ethanol,5634,2.75,2023-07-04 20:05:20,2023-12-03 02:25:10,73.9534309021032,90.0484576417077,4.38737148063299,74.2418175935532
ethanol,9202,2.33,2025-01-10 11:36:29,2024-05-26 18:19:19,80.3648902388301,100.563622890038,4.32318548245821,77.2494830284836
ethanol,6740,1.38,2023-10-11 19:19:34,2023-10-15 13:48:26,86.8193624730968,95.2796375681786,5.28381685985356,56.9807883526442
ethanol,2633,1.56,2023-08-20 13:44:33,2023-07-16 06:19:51,71.0700698368251,101.940520100557,5.29498558481696,64.8480893780145
ethanol,6332,2.57,2024-02-08 03:13:17,2024-02-25 13:15:41,68.0947769842311,64.2889134171475,4.54422035234035,93.6687426744452
ethanol,1267,1.72,2023-06-10 19:57:58,2025-01-02 07:10:13,76.5190929780244,72.5547727718788,4.84580287256293,96.4496771350128
ethanol,7649,2.43,2024-03-13 05:41:31,2024-04-15 01:05:02,78.6078125256307,109.239505090703,4.51406255242478,77.5096396044362
ethanol,8360,1.05,2024-01-28 04:44:55,2024-09-25 04:25:23,73.8456681307762,115.557721084736,3.53883026796538,85.7655696305577
ethanol,9873,1.74,2023-08-18 19:37:46,2023-09-07 03:03:16,82.2663033166052,86.3426994470272,4.75656467491314,83.1125015454354
ethanol,2853,1.2,2024-07-17 16:08:16,2023-04-02 03:09:54,68.3069710013838,96.339574717433,2.60550493114074,110.788808084552
ethanol,4563,1.34,2024-09-28 14:46:53,2023-04-29 21:12:05,78.4645931151581,104.420788793535,5.05389155229588,91.1957491143458
ethanol,5616,2.57,2024-06-26 20:25:28,2024-12-13 02:16:05,71.9706958962055,110.398264024881,2.80547706023397,78.7208240851923
ethanol,6852,1.36,2023-06-26 19:25:31,2024-05-01 13:41:13,83.5968895310365,69.5848409249373,4.28580328679473,70.4445955939957
ethanol,269,2.4,2023-08-23 09:23:57,2023-10-12 22:33:52,84.9625767658406,86.7093962953243,3.15484604157384,63.9355367974243
ethanol,6565,1.34,2024-06-23 16:03:37,2024-07-10 23:23:46,71.1667170610833,95.0113093022519,4.55338898307443,82.0346363586722
ethanol,9734,2.2,2023-08-17 20:28:41,2023-07-11 01:26:06,72.2522143204571,110.547102958541,3.96607477407209,72.436492547157
ethanol,2122,2.92,2023-12-07 10:52:25,2025-01-20 05:22:16,79.297939434899,137.476457255822,2.40524404183667,65.7774629040233
ethanol,7510,1.56,2023-02-27 12:17:35,2023-12-14 06:41:24,73.0643467510524,96.5799140978542,4.42069963101848,73.5342711575747
ethanol,9689,2.7,2024-11-12 19:43:14,2024-03-16 14:00:12,74.7729439103388,78.8953380684402,3.42207922316729,69.1845199638561
ethanol,163,2.65,2024-12-20 04:06:42,2023-09-19 08:59:57,75.1269421027121,106.034021158019,4.88114672081337,96.8714163507256
ethanol,2606,1.72,2024-10-10 15:04:36,2024-09-18 08:40:59,65.4016342190117,119.814936843111,4.00132568873441,88.8163975694945
ethanol,8154,2.6,2023-11-14 17:10:22,2023-03-28 19:52:58,74.9308112695288,101.620211814693,4.39542098538804,79.9202735868338
ethanol,6212,1.38,2024-09-21 17:56:20,2024-10-15 13:37:21,71.5513611296791,86.4002718226856,3.04243104498479,94.7994413889003
ethanol,6444,1.38,2023-03-13 21:37:21,2024-11-12 18:02:51,72.5343858880011,114.3699091222,3.41066776857264,80.7736830764762
ethanol,6159,1.8,2023-12-29 12:14:41,2024-03-20 12:30:58,82.2181600173441,109.953184277477,3.54136136389892,71.3871579867174
ethanol,9960,2.76,2024-12-21 14:00:37,2023-08-30 02:29:51,68.7174655286037,84.6087873370656,4.85670248024256,95.2312407726966
ethanol,5228,1.69,2024-09-08 08:39:29,2023-08-02 22:31:20,79.0660259337399,105.721384263015,5.67737708780549,85.3891004368466
ethanol,7697,1.05,2023-07-15 07:39:02,2024-06-06 01:38:23,73.605185348341,114.958983514883,3.19482824825712,69.6275384567354
ethanol,972,2.13,2023-10-20 17:52:10,2023-03-24 05:50:51,73.6011991575208,117.728350638383,5.07684814465768,78.0966132191639
ethanol,6668,2.87,2025-01-10 18:15:41,2024-12-16 20:41:07,78.9518594802586,99.0032653703582,1.8303225822743,71.2438174661524
ethanol,3916,1.33,2024-08-28 14:12:10,2023-04-14 11:37:03,76.7002564728445,94.6288083073102,2.80581059890771,66.1720026903566
ethanol,7111,2.24,2024-09-22 00:00:50,2023-09-06 22:20:46,77.8530649860977,118.409107331219,3.04122154381323,89.2617754753164
ethanol,1764,1.3,2024-05-27 01:02:30,2024-02-06 14:40:42,79.8409233026643,81.8475924552867,2.64749131055928,99.0941664047013
ethanol,6837,2.15,2023-09-17 02:51:50,2023-01-27 19:18:07,73.3434580840834,106.578689363815,2.41641161021242,66.0143242618086
ethanol,3593,2.68,2023-12-02 01:38:25,2024-09-22 15:41:29,71.9388163274613,79.4496005895336,4.4129989121378,85.6296923669057
ethanol,52,2.63,2024-09-10 09:26:00,2023-04-20 15:08:01,69.574247367211,115.980644083894,3.78593230227214,73.4935743087817
ethanol,2767,2.73,2024-01-10 18:12:15,2024-10-01 08:50:57,70.8729473501052,96.1293172658326,4.37940539760511,75.128746162353
ethanol,2913,2.65,2024-12-08 00:22:52,2023-01-06 23:16:56,89.7454721265436,119.028748534712,4.69047268612151,74.0760607576113
ethanol,7809,2.21,2023-09-22 09:29:40,2024-02-24 20:04:51,81.2233979036839,107.371191345333,4.26561699317253,71.3600923032018
ethanol,2428,1.91,2024-08-27 12:19:21,2024-09-16 11:23:53,68.2446281689599,81.6516965490711,4.65776317615037,80.4852162794483
ethanol,2869,1.49,2023-06-16 19:31:39,2023-07-12 21:54:46,68.3877102162821,121.369415981159,3.93046771375773,71.6904988358896
ethanol,8398,2.19,2024-01-27 19:26:11,2024-10-07 22:55:51,77.4093303085925,123.268678996416,2.81300661169426,82.7045682577984
ethanol,5284,1.56,2024-05-11 19:02:22,2023-02-28 08:39:28,77.7363239868898,113.234297388988,5.0578141808208,79.4976189055086
ethanol,3717,2.41,2025-01-08 04:22:11,2023-11-05 09:10:10,77.7444191765868,88.5761820244567,3.41088786721887,77.6105195313359
ethanol,6846,2.42,2024-01-29 14:15:25,2024-11-10 08:45:02,73.7252210322315,95.4097906846389,3.06440370123757,70.924363379584
ethanol,1689,1.16,2024-09-23 21:03:09,2023-03-03 06:05:27,74.3727286999855,102.181408261086,3.8220821241956,74.2322866943167
ethanol,9080,1.91,2024-11-05 03:18:02,2024-08-25 18:13:31,76.6393976207968,89.4443440100285,3.08718908070349,87.5539122582576
ethanol,4662,2.84,2024-02-06 01:11:20,2023-02-14 18:25:38,75.4294650314667,125.385198586948,3.58256961801057,85.0091718762438
ethanol,6768,1.36,2024-12-29 20:45:01,2024-03-16 18:45:55,63.9034981362623,102.164897075891,4.34405392156347,70.2244475520145
ethanol,2114,1.76,2024-02-16 16:31:49,2023-02-03 10:53:32,73.851001847124,59.4497792933896,4.34834173924613,80.9933230542923
ethanol,9447,1.31,2024-02-27 07:10:10,2025-01-26 19:03:47,70.7429678286984,105.090337191343,3.10216993357437,87.5138712337179
ethanol,9283,1.14,2024-11-12 02:58:30,2024-07-17 23:44:05,75.8760570945426,94.7776390477403,3.51229462705126,63.3059471887863
ethanol,864,2.06,2024-08-05 01:08:05,2023-11-09 04:02:01,89.9262950130171,98.8761016582233,5.07433300477024,85.4336019237993
ethanol,8950,2.97,2023-10-21 19:33:18,2023-05-19 07:55:49,76.8374083273715,94.4707095132145,4.49640011773394,73.3737624105415
ethanol,3541,2.4,2024-03-10 10:38:55,2024-05-09 17:50:38,73.432351569138,112.1056962491,6.07506503934854,85.7059866859316
ethanol,5053,1.14,2025-01-23 17:33:08,2024-12-13 05:02:45,79.6090075098863,116.795316678301,5.18012817374153,72.3674084345748
ethanol,4138,2.48,2024-08-23 01:48:52,2023-05-17 08:16:17,77.4134394360461,104.24579743388,5.14429306855994,61.9511789933548
ethanol,6540,2.22,2024-09-27 19:07:46,2025-01-11 16:13:50,77.1004724522592,94.9103321929276,2.6121314495442,63.7245756211684
ethanol,8892,1.09,2023-01-23 15:23:14,2024-01-27 08:37:40,78.0342529660784,99.3799419278625,4.76386035163342,80.4808494666138
ethanol,6554,2.57,2023-09-29 07:54:09,2023-04-01 21:06:15,85.2827178241477,100.293994248664,3.94689319830309,82.5972250172148
ethanol,7081,2.54,2025-01-04 21:43:04,2024-05-23 23:12:46,69.3455578233704,87.9635494020274,3.44901819646175,70.9568337489559
ethanol,9877,1.22,2024-01-20 18:29:47,2023-06-17 22:02:55,77.3681603840573,108.683929728569,4.16801534053253,86.3859245877737
ethanol,3332,1.8,2024-08-15 19:17:58,2024-06-26 04:55:10,70.3680943500923,106.900634857907,4.94521153461148,63.3847993773104
ethanol,7118,2.18,2024-01-15 19:37:50,2024-11-10 03:59:14,77.7775632317112,123.10661859665,4.50083159100421,79.3392020135268
ethanol,7241,2.14,2024-12-28 08:13:49,2023-12-05 22:12:54,70.4065674425695,118.830246704327,3.12152619865794,67.8898380023754
ethanol,3878,1.46,2024-03-17 23:07:48,2024-10-10 21:47:05,72.9131659319746,89.714876236148,4.74245891359262,73.4816389219784
ethanol,389,1.87,2023-02-14 15:20:08,2023-06-05 20:31:38,73.5245504288105,112.304475617634,3.36241245792404,80.4739867131641
ethanol,2988,2.37,2024-06-14 01:10:57,2023-12-25 14:46:54,79.8790835967236,85.7356992535829,4.21668311896429,71.3958663471605
ethanol,9187,1.48,2024-03-29 05:29:58,2024-03-03 02:26:36,79.5922722197121,110.438981514113,3.69664993252287,76.1544445577018
ethanol,6987,2.61,2023-01-25 21:42:53,2024-08-29 21:45:05,68.7714131177681,92.2507870185984,3.78113374826437,90.0629280921444
ethanol,5132,1.55,2023-07-11 10:25:35,2024-03-17 22:38:52,75.2746705549993,84.6512016493662,4.76624297504051,74.2310813047685
ethanol,7715,2.11,2023-12-27 15:47:57,2023-05-07 04:20:51,71.4521007262541,104.200680140461,2.9598062801841,88.3569211206514
ethanol,3309,2.86,2024-10-20 19:46:06,2024-09-30 00:56:08,68.7074754466233,59.8814930776879,5.94519507427693,68.7029314534238
ethanol,1239,2.54,2023-03-08 00:26:46,2024-09-27 08:15:45,73.9149147478781,73.7353663839216,2.1789139307055,85.2980417791528
ethanol,2015,2.59,2023-07-03 04:36:37,2024-04-15 03:56:52,73.4575860577209,97.3376217433858,3.40233231674514,94.415686206579
ethanol,4327,2.26,2025-01-05 16:32:18,2024-01-12 03:42:33,87.1335824317276,101.236626499523,4.37021188994174,55.2835549987271
ethanol,5798,1.79,2024-06-07 16:29:51,2023-06-28 04:28:20,77.1647991268035,94.4602184476272,4.58431416643531,72.0310474452952
ethanol,239,2.51,2023-01-10 21:17:00,2023-02-10 11:15:10,68.1119124962288,76.308455519236,3.89952427942829,85.7707212718054
ethanol,4358,2.6,2023-07-01 18:59:57,2023-03-22 19:18:46,72.1761299791453,87.7316223679224,3.94260929699846,77.9695461395701
ethanol,4310,1.27,2023-05-03 00:30:51,2023-06-15 01:22:09,80.106916477147,105.868139908561,4.41055008532762,83.7114587337131
ethanol,2949,2.78,2024-05-11 09:21:09,2024-06-02 18:25:50,85.4422138643496,108.726726559425,3.76893052254232,73.9601481328418
ethanol,3553,3,2023-04-25 13:20:54,2024-03-02 07:07:04,67.0700834388102,99.7566532360609,5.39318125793491,80.865897874729
ethanol,8410,1.22,2023-04-03 07:27:12,2024-11-25 22:51:34,65.6003780743048,117.352506715555,4.8393491142316,78.4432276460792
ethanol,2854,1.77,2024-01-08 17:26:50,2024-02-01 18:56:06,84.3548258768589,105.960955351889,4.87282435100564,91.6778206165981
ethanol,1001,1.71,2023-10-02 21:22:28,2024-03-27 08:14:54,76.9480708868545,88.7881651906268,3.03384327662958,82.5442084330121
ethanol,1816,2.79,2024-04-10 01:20:19,2023-07-16 00:19:43,70.6585363406182,95.7924691988257,3.9206115755943,83.376026620752
ethanol,1802,2.07,2024-07-29 04:37:53,2023-05-20 00:23:11,77.6731454306122,78.9570076418822,3.6995340512793,75.8812303387753
ethanol,9508,1.22,2024-05-31 12:11:43,2024-07-14 00:25:58,61.8212613049156,98.3779151441288,2.99439862431053,75.1239377592751
ethanol,928,1.11,2024-04-15 13:08:15,2024-12-08 08:48:24,75.0168775329858,116.68150928832,4.36016418394577,75.6744181218038
ethanol,9883,1.84,2024-04-26 18:47:54,2023-02-22 20:38:05,76.6391058642154,110.279351270665,3.46235424222018,83.944521423783
ethanol,5426,1.29,2024-02-14 04:31:30,2023-06-05 10:05:36,79.6213506976892,121.030139888787,4.65540382985024,75.7901551917974
ethanol,2802,2.39,2023-11-15 10:57:35,2023-03-31 01:04:55,69.9305202385373,95.4567213430151,2.92980843710567,82.8977485689641
ethanol,3044,2.2,2024-02-06 17:03:29,2023-06-07 06:20:52,75.4284358070168,120.191496917714,5.71904061284182,100.754007986454
ethanol,2412,1.86,2024-08-25 16:48:13,2023-07-02 10:09:06,70.3728768697021,97.1004366032805,3.10366734140794,88.7112470343169
ethanol,888,1.77,2023-10-01 12:37:40,2024-01-05 02:39:46,76.2769187783716,122.073776238548,4.21930233720044,76.7397646783216
ethanol,78,2.46,2023-11-22 08:42:33,2023-02-21 00:44:46,70.5232683881849,99.6721487883682,4.79185931038807,92.0121392216394
ethanol,6141,1.94,2023-09-16 02:08:41,2023-04-09 20:31:08,72.9594958041989,110.608470607064,3.42935956979989,75.9192462697845
ethanol,132,1.34,2023-05-17 18:49:52,2024-07-07 17:03:27,70.0209230260489,122.126685464648,4.85246864343295,59.6187546482215
ethanol,4758,2.08,2023-03-01 01:19:18,2023-06-27 09:39:11,78.2556812091183,97.0985855712819,2.77081640219958,69.919136890826
ethanol,5122,1.73,2023-04-28 13:24:11,2024-04-01 18:22:03,79.2922555832833,103.275834813163,5.45211769918256,61.2920807897415
ethanol,9824,2.4,2024-03-20 19:58:32,2024-05-12 08:12:17,73.8268971502129,119.332951378095,4.01414926496576,76.4848651595869
ethanol,1464,2.02,2023-04-24 20:37:26,2023-11-22 11:15:37,75.1911899748001,98.0049525410491,3.40358859203112,80.1841837918955
ethanol,5681,2.14,2023-01-24 16:44:45,2023-03-11 22:52:37,67.7570429268323,80.1866157624076,3.70081822757257,96.7643731227528
ethanol,4121,2.77,2024-08-10 12:27:02,2023-04-08 19:07:08,73.5016167599661,132.145105818774,4.80891926939272,83.2692737376416
ethanol,9043,1.28,2023-03-16 06:00:01,2024-12-17 14:14:38,74.7489769147913,92.953533034943,3.41554470814956,77.8089947119114
ethanol,3728,2.2,2024-10-31 17:19:50,2024-03-10 03:15:44,88.1039654551499,102.381340764063,3.25064231057722,88.2940558118349
ethanol,586,1.95,2023-10-14 23:23:15,2023-09-11 04:21:10,69.4401648711292,117.340100041767,3.77846340241626,57.8886469099212
ethanol,3087,1.96,2024-11-01 08:17:06,2024-07-13 05:01:14,82.3208861937622,90.872591444032,2.82303788723003,82.3561455810857
ethanol,5333,2.9,2024-02-12 07:24:51,2025-01-13 23:24:15,79.984293867329,84.8819813016681,5.82054390794182,87.7086519388697
ethanol,1993,2.51,2023-06-11 10:25:24,2024-05-02 19:50:03,76.4031820224507,103.806059451623,3.43360540878528,65.2141375422016
ethanol,8211,1.07,2023-10-16 11:47:05,2024-08-26 06:20:35,83.7931024209757,73.1038540313142,4.8316167861804,91.4375404320693
ethanol,1299,1.5,2024-04-08 21:22:47,2023-01-31 19:18:09,76.8605273630343,95.6814088469812,4.20947008364777,83.3849640749441
ethanol,4409,2.02,2023-04-19 00:53:52,2024-05-14 13:48:38,76.9457959783397,103.675579964731,3.01546594951803,75.847120860992
ethanol,9868,2.6,2024-02-10 12:38:41,2024-11-22 01:56:46,74.7343967349123,95.9507215476225,3.99404529078727,86.3278186610629
ethanol,3554,1.28,2023-02-06 20:04:49,2023-08-25 20:28:42,81.1178444120931,76.8482358522138,4.78400277931075,102.706928578044
ethanol,7232,2.76,2023-05-01 19:24:38,2024-12-04 23:29:25,80.4823461690544,123.91266934306,3.81173866491369,81.818662550585
ethanol,3433,2.52,2024-04-17 20:14:57,2023-10-27 00:36:46,71.871613562519,101.553072309238,5.19311294585103,82.4822058630034
ethanol,1768,2.27,2023-10-18 20:42:13,2024-08-04 05:27:53,68.4037640270062,121.467281766426,5.02151539278186,75.4063910045976
ethanol,4845,1.7,2024-11-22 03:25:16,2023-03-13 03:02:20,73.9850968130217,96.0994562472933,4.91891485465833,71.5015563053521
ethanol,5449,1.8,2023-03-20 21:36:53,2024-02-17 08:52:59,70.9998071780118,86.7998202746385,3.540343227727,88.3033581654425
ethanol,7938,1.25,2024-07-01 18:15:53,2023-06-21 11:55:38,74.6823771269232,104.037713803827,2.92015755221851,71.4391617409113
ethanol,341,1.43,2024-02-14 01:53:21,2023-01-29 18:59:50,81.1871906734207,96.7631931050767,3.38641239463721,80.7156623721939
ethanol,7641,2.85,2023-12-16 11:19:02,2023-08-05 22:05:23,72.7134917245661,82.3335781301296,4.19624094066672,75.2234255323488
ethanol,2788,2.29,2024-10-18 05:56:19,2024-10-16 00:53:38,74.7858830934421,122.046763881812,4.54578671353236,84.7897982574639
ethanol,2484,1.38,2024-04-11 21:31:00,2024-01-25 13:37:45,75.290113674042,90.6659466565901,1.82842859523955,83.3366210528695
ethanol,9824,2.27,2024-05-28 07:40:39,2023-02-02 15:49:27,79.2421544110264,72.3960042280665,3.99188679838825,90.375399442579
ethanol,4084,1.37,2024-09-18 19:58:23,2024-05-14 01:53:59,63.765553330077,119.92249080936,4.15808922532318,74.8998360114525
ethanol,9417,2.13,2024-06-04 15:55:28,2024-04-17 22:57:25,71.9664985261735,92.4355297628107,3.72245574368445,77.3012506470663
ethanol,3287,2.34,2024-09-14 13:03:01,2023-06-28 12:09:04,76.0564184613974,90.8826416107656,5.29127383901588,70.2123628421769
ethanol,3684,2.97,2024-08-06 23:31:29,2024-08-18 17:27:52,81.0003947821343,73.5191861945504,4.42178007425087,75.5570673992389
ethanol,5490,2.46,2024-06-25 03:09:13,2024-11-28 20:02:06,72.540487762469,126.114122298955,5.3101919080809,83.7730049304485
ethanol,245,2.89,2023-03-24 07:23:26,2024-08-10 07:17:07,65.6172364697906,80.6577911918547,3.78403947964977,87.5698861664535
ethanol,999,2.73,2024-10-31 15:48:09,2023-10-28 16:15:04,78.0985572298307,100.876742210585,4.93747749250693,70.7783467582238
ethanol,7891,1.36,2023-09-04 04:20:16,2023-11-12 18:22:11,71.8231880558719,113.689304838107,5.63506639452752,88.6960592010566
ethanol,609,2.2,2023-07-14 00:13:01,2024-03-07 18:34:53,69.0516667045482,106.325753995046,5.31169344927266,93.5563785880495
ethanol,7168,1.66,2024-09-06 02:37:21,2023-10-14 18:30:07,71.8782730514339,99.1051853201171,2.90785840657127,84.134349032237
ethanol,7619,2.57,2024-09-27 12:30:34,2023-10-23 09:17:23,74.0773732117208,74.4750121256888,3.74632392245762,98.7679581255807
ethanol,962,1.28,2024-06-05 23:39:03,2023-06-11 09:50:37,71.9762766773089,87.8541274634907,3.6548352945502,72.2621080089643
ethanol,1143,1.92,2023-09-02 08:12:53,2023-01-22 21:51:12,63.9721697145047,102.817005070638,4.48925453507633,67.5534529668858
ethanol,2545,2.62,2023-04-03 06:25:32,2023-09-07 15:11:37,79.4853309844357,88.1923889501951,4.68635355501453,62.2127975109572
ethanol,9325,1.04,2023-04-03 00:32:21,2024-06-23 03:38:28,81.3743752063936,103.050391899982,3.16110732597426,94.9604431148918
ethanol,6125,1.97,2023-02-10 02:28:49,2024-04-10 16:30:29,78.2576099566975,110.226151132227,4.06783851391694,86.5436565635406
ethanol,7746,1.88,2024-07-02 21:10:11,2023-06-28 21:25:46,69.3115716478759,114.437543287002,1.98007266784386,79.4441532908954
ethanol,4328,2.69,2024-01-12 03:51:20,2024-09-05 16:48:34,73.9925423302624,81.6073096328097,5.44194500580189,82.7996862631982
ethanol,677,2.2,2023-01-07 20:49:54,2024-01-30 21:14:36,74.9673934238527,132.949690824684,3.48762575932331,68.7451095270162
ethanol,8886,2.18,2023-05-09 18:00:32,2024-04-12 18:29:03,77.9939719478096,111.512190168312,4.0558639398445,104.457519796168
ethanol,6715,2.81,2024-07-27 19:07:07,2024-08-27 17:29:53,78.3417024435904,99.9742876949641,3.69035028601194,81.2922118197523
ethanol,9108,1.66,2024-05-13 12:48:52,2025-01-25 01:16:43,71.3291310061075,116.34304874615,5.14602757501342,81.0939479460489
ethanol,2598,2.3,2024-09-20 13:36:24,2024-02-28 18:44:43,75.4099777820678,135.48111658,1.16249355860262,87.2576662389869
ethanol,5346,1.67,2023-03-23 12:20:03,2024-04-20 15:01:33,77.2864020230762,78.419198484147,3.98338965767409,84.8100923173671
ethanol,4584,1.6,2024-07-20 06:08:35,2023-03-02 13:21:36,82.2791116107338,96.6210603626297,3.8941812425023,82.2388402427913
ethanol,2283,2.51,2024-08-26 20:38:35,2024-05-08 14:17:55,78.5225326991236,64.3235251019001,3.54636361240832,72.0952554455469
ethanol,7920,2.55,2023-07-17 20:08:02,2023-11-13 10:58:21,78.9452834368776,102.88977298972,5.72622654563563,84.71468357136
ethanol,4753,2.01,2023-01-08 00:32:51,2023-02-10 00:57:40,75.4191331396468,105.480913628877,3.11267054114423,98.8202449647503
ethanol,2200,1.17,2023-12-07 19:03:51,2023-11-19 03:06:04,82.0522957260175,99.4125682683586,4.77179617723566,93.4542004615498
ethanol,3938,2.12,2024-11-09 13:05:58,2024-02-06 22:13:04,77.0488139797975,90.1819964350254,4.35625278870608,95.931866266394
ethanol,4994,2.59,2024-10-03 13:51:05,2023-04-13 12:06:09,70.6945604491322,69.2572822571751,5.26151925253552,74.8878432356882
ethanol,2083,2.11,2023-08-18 05:50:10,2023-06-16 10:34:45,82.016849850626,105.603005251177,3.33281091522249,70.1039517974142
ethanol,5908,2.75,2023-12-02 10:36:28,2024-02-27 11:59:48,78.4895163626951,121.83151725873,3.26703110087624,78.7421307990035
ethanol,5469,2.96,2025-01-28 08:18:31,2023-01-25 06:28:13,72.7847798943576,91.1347231639985,5.0960699074774,80.5572491228869
ethanol,1469,1.76,2024-01-31 20:14:46,2023-04-04 22:16:33,72.6025351630038,106.600898935347,4.42532130833011,90.9419151847095
ethanol,5492,2.9,2023-02-11 07:42:03,2023-11-25 12:21:51,76.4828777257038,76.4778352986992,2.45506265332324,63.0753537028518
ethanol,5757,1.86,2024-01-10 18:46:20,2024-04-28 03:37:42,77.3159239763379,106.858195955388,3.46069498553673,95.2955031946061
ethanol,9495,1.78,2025-01-07 04:09:19,2024-11-05 18:17:23,75.986461328156,94.0992655338302,4.38638265384806,78.4199210142101
ethanol,2048,1.44,2024-08-22 07:17:58,2023-11-09 15:02:30,76.5565433672144,88.5637307409563,4.83776422154659,75.7311893005258
ethanol,2650,2.07,2024-02-21 02:02:14,2024-03-15 20:14:33,83.4997868728819,88.594545381758,3.32076934680704,69.8789562473983
ethanol,8627,2.08,2024-11-04 03:41:55,2023-04-16 10:08:58,80.3577157611744,94.0958262695049,1.08574401018306,63.4514332813423
ethanol,2576,1.39,2023-03-01 07:03:57,2024-11-09 00:51:23,75.9531779563251,105.736499735388,4.52322318573703,88.2317058396191
ethanol,6944,1.57,2023-11-03 15:16:59,2023-05-30 17:08:33,79.7065529038374,80.3175519820672,2.77967931005602,80.7331796718841
ethanol,3082,2.07,2024-09-13 02:01:12,2023-10-28 04:01:58,69.8373804823623,94.0432700264822,1.98266120187759,67.1003910025895
ethanol,1197,2.69,2023-02-24 23:41:27,2024-12-24 20:08:56,76.9896352497341,99.3779233300128,1.16767407501586,67.0492122793638
ethanol,2827,1.41,2023-02-13 17:49:10,2024-11-07 22:38:20,84.0465317486656,83.5144116320221,4.81398086019774,76.6421530070987
ethanol,7717,1.06,2024-02-23 00:27:30,2024-03-16 01:51:47,73.9097705230381,126.949978025125,4.12861745040497,96.6902152528939
ethanol,214,1.09,2024-02-07 14:47:35,2024-04-12 10:29:19,70.7618303569046,87.1975677990799,3.77434361928775,77.404086486364
ethanol,1085,2.15,2023-04-23 16:57:19,2024-04-30 01:15:17,71.7395555570347,89.9584462954976,5.38902436296276,64.9685704688189
ethanol,4533,1.58,2024-07-10 20:10:53,2023-12-12 15:12:48,69.5518348132881,85.3253807526625,4.63732468302307,77.5425693591406
ethanol,3572,1.45,2023-08-05 14:45:52,2024-04-03 13:13:04,71.0761904593615,126.977201307072,5.61630004272192,77.2727643025233
ethanol,2694,1.96,2023-10-07 13:02:20,2024-05-16 04:44:06,73.1474595070499,108.293578428992,2.607264527833,53.0311335705843
ethanol,3184,1.53,2023-11-19 22:42:17,2023-11-20 10:58:51,67.9721649041068,85.9511199063454,3.96544937604604,79.4570513348219
ethanol,5266,1.12,2023-02-15 09:12:43,2023-04-28 07:46:27,75.078091669748,116.5934733829,2.38328662505199,77.6906546979132
ethanol,3115,1.56,2024-09-13 14:59:27,2023-10-02 20:22:49,79.5113858689332,103.010480414333,3.77061766814453,86.9620636481342
ethanol,5054,2.08,2024-06-23 10:39:28,2024-12-17 21:04:02,70.4612190992654,103.858801316673,3.75138414623332,98.4895609494535
ethanol,1654,1.74,2024-05-03 03:58:20,2024-01-07 10:06:22,82.5964196182088,94.8328418687132,4.62661363726307,91.2656502954776
ethanol,2230,1.56,2023-06-02 10:23:31,2023-10-24 20:45:26,77.553960442638,88.7587601956454,4.0455638811419,77.3111130944517
ethanol,7762,2.83,2023-09-17 18:35:07,2025-01-12 13:39:15,80.1529029281203,105.066491485819,4.62340713827992,68.9347409125833
ethanol,1465,2.79,2024-10-21 18:36:11,2024-09-10 06:54:29,71.7108272307393,91.8236915500661,4.70344013313889,105.733598032499
ethanol,3305,1.32,2023-05-21 15:15:00,2024-10-23 16:47:34,79.2726261353331,127.251334443627,6.15492867738314,80.5921843401449
ethanol,3879,2.16,2023-05-14 08:32:22,2024-10-21 23:14:05,69.5403304980234,80.9606334213534,3.68470334471388,80.1392929191295
ethanol,77,1.44,2023-05-24 08:30:04,2024-10-25 05:13:13,79.4512375041825,123.042351592824,3.05897729933362,79.7587491289
ethanol,5254,1.73,2024-12-08 10:12:11,2024-04-10 02:25:28,75.8591966989677,98.330217268033,4.24608361531641,81.9808476076786
ethanol,5042,1.91,2023-11-24 07:13:14,2024-07-19 13:55:32,77.7662560999239,104.486286010317,3.19771997286046,78.5563958807606
ethanol,3173,1.34,2023-10-09 16:35:17,2024-03-06 23:09:59,69.1220269718757,112.497366499442,5.48196076843654,74.2633799311976
ethanol,5004,1.44,2024-10-30 00:40:08,2023-06-18 04:33:47,70.524650788617,90.5462605749335,3.71678196105477,74.5314105875961
ethanol,908,1.97,2023-05-15 18:49:05,2023-07-06 11:01:09,77.9861410912669,112.96372577048,3.43442363212601,79.67246729784
ethanol,6792,1.31,2024-01-04 15:59:29,2023-07-30 17:27:35,70.258259978879,59.3868421692823,3.52868427884888,74.5657522886624
ethanol,8592,1.34,2024-08-11 03:49:59,2024-11-22 23:29:45,77.3160314604956,89.2001570016709,4.71841742347164,72.8715421732284
ethanol,6247,2.68,2023-05-01 23:48:50,2023-03-01 21:11:06,68.1643109676988,86.139057889884,3.84225301676852,81.064302276919
ethanol,6405,1.89,2023-06-27 19:06:47,2025-01-16 03:14:40,79.2408710633333,81.1974098144236,3.35833317986962,77.4502278257914
ethanol,7952,2.55,2024-03-13 03:30:32,2023-08-29 02:58:19,68.8373834261575,96.7756774288157,5.66535191762353,95.0399298858269
ethanol,8449,1.3,2024-09-18 10:48:39,2024-12-16 16:41:51,77.7614996883976,105.786249522725,3.14383015933825,53.4903019160699
ethanol,1451,2.41,2023-05-04 09:33:11,2023-01-24 10:47:16,78.12815466823,110.53989997749,4.03556607403299,90.9150685192246
ethanol,327,2.08,2023-11-24 09:41:09,2024-10-23 21:15:38,71.5161409078521,103.613151358006,4.65230615161023,92.4608519249763
ethanol,7273,2.26,2023-11-27 02:18:10,2023-05-01 06:19:02,77.9101328354236,90.0145980265968,2.36866488958293,59.2660976759185
ethanol,2552,1.4,2023-09-15 05:08:19,2024-04-24 19:20:57,76.3022113166678,105.535246567378,4.48026050140593,76.5731240591965
ethanol,4664,2.86,2024-09-19 00:02:27,2024-10-20 14:30:03,72.3057907190363,101.864285422763,2.94489232451955,76.2855913400421
ethanol,8920,1.05,2023-05-22 00:46:17,2024-02-12 21:43:48,69.957226579619,114.04084251904,4.822782780834,65.9248830528218
ethanol,4049,2.76,2023-08-26 06:38:52,2023-02-11 00:22:24,65.1868715416371,111.654050543973,3.03734898808102,72.2218331240913
ethanol,3754,2.84,2023-11-17 12:55:52,2023-12-17 04:34:34,76.7482502364985,100.457146208809,4.69276903184886,68.8942415453417
ethanol,5184,1.09,2023-07-02 22:06:12,2024-09-11 21:34:22,67.1759861431897,86.5412049075812,5.10583306629471,97.5227044342362
ethanol,1036,1.9,2025-01-07 23:15:38,2023-08-03 22:01:55,75.4767209972065,90.2057476625188,4.86143652563281,89.3567839314746
ethanol,2245,2.64,2024-07-14 04:04:18,2023-06-17 16:23:44,73.6827589195888,91.7531596054295,4.2513166482381,92.7155509499416
ethanol,2087,1.75,2024-09-15 17:17:16,2023-01-23 23:33:46,78.395713877191,95.2710049912562,3.7686990570703,87.2167206404324
ethanol,1879,2.17,2024-04-29 20:15:05,2023-04-18 21:12:05,73.4897725025507,104.020756413846,3.42358042366516,68.7094822878277
ethanol,9100,2.74,2023-08-14 06:43:02,2024-10-07 12:33:14,73.3527610682645,110.727615851921,5.4710346908171,74.7547973372023
ethanol,9909,2.17,2023-08-02 03:29:49,2024-09-13 08:33:29,78.6593535214415,99.2332196047693,3.30050477983236,84.8937456122792
ethanol,9569,2.89,2023-08-25 04:40:57,2023-04-01 12:35:56,76.6752901454206,100.241871818507,2.96293392643,67.7787219110805
ethanol,9908,2.95,2024-11-04 03:50:59,2023-01-23 00:30:38,76.5807797859139,102.149594575,4.66536893503283,87.1299843017239
ethanol,1323,1.69,2023-02-11 01:08:12,2024-02-16 17:33:22,77.3463379490426,92.2614203030149,3.2038631968135,77.5967460184187
ethanol,6877,2.93,2023-08-20 02:48:59,2024-07-16 06:46:19,67.3221393839645,86.1191161353557,3.04993650253387,76.251791924504
ethanol,1693,1.6,2023-07-31 04:28:26,2024-03-10 07:30:07,78.7839433999349,73.6684315403394,2.55639573783024,87.1095996820349
ethanol,859,1.2,2023-05-18 12:09:57,2024-08-14 01:18:12,78.062343970068,89.5727596288469,3.51709016053948,84.4426331148604
ethanol,5190,2.36,2024-06-12 15:46:32,2023-08-31 23:38:13,69.9165843571175,107.097181799017,3.91728497610351,76.3903383418092
ethanol,1367,2.29,2023-05-01 02:32:13,2023-10-03 13:13:28,73.779597631629,89.4563284294065,4.2430917276607,91.5932980336425
ethanol,7019,2.8,2024-11-06 21:59:41,2024-09-04 00:12:16,74.8034635618619,96.4328944386109,4.95130624429948,69.189366724001
ethanol,391,1.14,2024-01-14 09:27:50,2024-05-22 15:59:17,74.3275160779913,106.996469311185,4.52689792366579,86.1593560694426
ethanol,2966,1.18,2024-12-26 15:25:18,2023-06-19 14:56:59,76.6692998328427,107.81034244634,3.80912778044682,85.9310125796838
ethanol,6554,1.86,2024-03-29 19:43:03,2023-12-13 15:58:18,82.1568339091559,83.8070072175094,3.80180432362028,76.9045356068601
ethanol,9286,1.13,2024-09-17 14:57:46,2023-02-16 05:26:36,80.4088336383641,114.955890346805,4.51015746891518,83.2613302224212
ethanol,375,2.51,2023-09-10 00:09:53,2023-10-06 11:24:05,68.438904032843,116.910251340332,5.27257016292857,67.488864236147
ethanol,4070,1.3,2023-08-29 01:18:09,2025-01-16 17:59:35,78.1103499515302,83.0522521417216,4.1263141994832,89.240270192069
ethanol,9078,1.4,2024-04-02 05:02:16,2023-03-03 06:46:17,81.644666597677,87.6424469553827,3.53086914578959,78.1509786355701
ethanol,1990,1.54,2025-01-22 21:22:25,2025-01-18 09:47:41,76.934042603446,117.866360247193,3.00713399891445,74.7727697948096
ethanol,6321,1.97,2023-05-07 20:33:53,2025-01-14 21:10:25,80.4549021259298,97.7971971811705,2.55479473558777,90.4900922583689
ethanol,7406,1.27,2024-09-26 17:22:53,2024-06-12 20:55:54,85.0613522285038,66.7033307882223,4.66626967204352,72.9565630945724
ethanol,133,1.12,2024-05-15 01:34:39,2024-08-24 08:29:19,80.1185477305349,79.0047774290097,4.57797852363956,65.9153870363644
ethanol,5116,1.87,2024-09-13 11:02:17,2024-04-05 12:14:26,76.2465429782086,96.2594556224128,4.57736352510666,64.433708264761
ethanol,1254,2.67,2023-03-17 20:06:58,2023-12-21 10:05:44,80.2254423704238,82.554360245731,3.87134055364794,86.0600995134564
ethanol,7216,2.24,2023-06-11 03:29:27,2024-08-19 15:09:12,75.7244391654845,93.7986434404534,5.40693474589175,67.1957064750372
ethanol,4423,2.43,2024-10-25 17:14:37,2023-10-04 06:39:54,75.1195152164248,100.485943205254,3.51588150541518,97.5479418198436
ethanol,8025,1.03,2023-12-02 12:11:00,2024-08-28 14:46:55,73.2429288214313,121.933819060521,4.95526923720721,59.1807059211628
ethanol,2125,1.83,2024-07-28 15:50:32,2023-06-19 13:58:50,82.8170667941605,95.6431912565832,3.96125710501046,96.9645636829004
ethanol,2174,2.05,2024-02-25 19:25:14,2024-02-23 00:06:06,70.90785667029,116.088126993591,3.39164923532066,82.1101746720262
ethanol,4409,1.6,2024-01-28 17:39:10,2023-11-21 12:59:50,82.6618386233906,121.431402430552,4.59253030731776,79.0328688812961
ethanol,3798,2.88,2023-07-07 00:59:21,2023-11-13 08:43:21,77.4993206187019,121.514645040281,4.40963611868399,74.5508091319105
ethanol,7593,2.74,2024-07-30 05:17:47,2024-08-21 13:20:33,68.0034691259903,104.271318900784,4.35697275926693,83.9913611435207
ethanol,9501,1.71,2023-02-09 10:13:32,2023-01-18 11:34:36,76.8382464649571,70.5506627824154,4.0812784220562,79.6236529757515
ethanol,160,2.55,2023-05-07 09:31:26,2024-02-17 20:12:45,64.4998674617419,106.912372981058,3.96210691828317,91.0330188201652
ethanol,3718,1.37,2024-06-11 07:10:43,2024-10-18 12:01:20,78.1275400841552,115.725998317203,6.38837199287044,81.1422764866204
ethanol,2582,2.93,2023-09-30 14:48:34,2024-01-20 11:52:12,79.426157414945,98.7839934184687,5.18425664519617,81.5030176146188
ethanol,2554,2.63,2024-05-31 00:58:21,2025-01-15 03:57:56,72.0382202217397,126.168758051129,4.72282689498551,76.3638778778614
ethanol,2779,2.65,2023-02-21 09:41:23,2024-02-07 12:36:19,75.6177384797779,112.897503422012,4.11179915820339,79.4305437627893
ethanol,3285,1.37,2023-04-18 21:42:35,2024-06-07 10:58:18,84.7707871687514,108.524100657292,5.00715720059667,83.0780176889206
ethanol,5414,2.62,2024-04-07 00:46:51,2023-01-18 03:31:42,72.4712664786903,116.295710668088,4.51799477639145,62.8983160734338
ethanol,5822,2.38,2025-01-04 22:54:57,2023-10-06 02:32:17,69.705462064717,105.000547768913,4.02620475277404,66.5181457789429
ethanol,9508,1.81,2023-05-15 20:19:13,2024-06-30 13:59:50,82.408317012313,62.6078425090697,3.69643567473408,87.4326409402272
ethanol,7829,2.03,2023-01-15 09:08:58,2024-06-12 09:26:22,84.812935952654,92.5129157279445,3.91908266233731,81.7086543812794
ethanol,7268,1.42,2024-03-09 06:34:48,2024-06-05 12:10:56,75.0184783592392,117.957520408718,0.829574264121944,78.1601666364732
ethanol,7023,1.32,2024-10-28 20:44:38,2023-09-03 22:20:46,80.0573151770418,87.8861298985256,4.21060083929764,80.1843393306539
ethanol,611,2.74,2024-11-09 02:06:28,2024-06-27 00:29:24,81.7073795776544,96.6479124214459,3.51152391988964,83.4758170536167
ethanol,9348,2.34,2024-11-28 21:52:37,2024-12-24 20:24:35,71.2875788373081,84.3274552914539,5.59266999828288,74.6024031969064
ethanol,8809,2.57,2024-12-27 23:54:33,2024-12-26 15:38:10,72.5734708231607,126.758838928027,4.01934407081175,72.2169527459769
ethanol,2235,2.66,2023-02-27 13:53:57,2024-10-06 18:04:16,81.1543725657737,125.22238686127,2.81103658046504,81.9584525509768
ethanol,539,1.81,2024-11-24 06:20:09,2023-04-26 14:53:12,83.4250713935426,86.7419665728891,3.95011984587188,70.2162722238497
ethanol,8850,2.94,2023-08-21 22:39:28,2023-12-07 22:49:11,77.8144043008718,102.209470005836,2.9538789149375,84.0825275571447
ethanol,6808,2.51,2025-01-01 23:18:15,2024-04-07 04:08:47,70.6009282324897,89.7925892835393,4.47340741571247,62.9741639576216
ethanol,1945,2.03,2023-02-05 18:45:20,2024-03-14 00:29:39,84.9353055584972,109.224169585471,4.29094736433949,90.2915563732564
ethanol,3914,1.64,2023-04-07 01:35:05,2023-11-11 05:08:17,72.3451455109402,107.645246158635,4.95783963110827,84.7259748241304
ethanol,7875,1.13,2024-12-16 07:10:52,2023-10-16 10:41:18,73.3243110941427,112.175583574199,3.20911820830543,82.5602973431388
ethanol,605,2.18,2023-09-19 03:32:39,2023-01-17 05:11:09,76.7116891724481,104.978776715618,4.03400809622815,89.8269098394551
ethanol,7809,2.35,2024-06-02 12:32:25,2024-05-25 23:25:14,82.7708021035739,144.031093095827,2.63497820457336,96.6547444446258
ethanol,6570,1.58,2025-01-02 01:26:29,2024-05-29 22:29:53,79.2698798827611,84.5811435248389,4.70149478192472,90.1437006501813
ethanol,1121,2.23,2024-05-05 11:23:27,2023-10-08 09:25:48,77.0743275018096,74.3409496834523,4.51887118044012,61.5912576866836
ethanol,5521,1.65,2023-08-18 02:18:40,2024-04-19 22:34:53,77.3164426505905,94.1036469894781,4.49580502102757,67.204230332643
ethanol,8942,1.09,2023-11-09 22:57:57,2024-09-19 05:39:45,75.2175733432173,76.480176016596,4.00161903135694,73.7518142230432
ethanol,6529,2.51,2023-08-30 16:45:09,2024-04-26 03:41:58,77.7906975725925,77.6130659499101,4.41477289078879,80.2609105021083
ethanol,7147,2,2023-11-03 14:27:11,2023-08-25 00:43:42,62.3521996115285,84.9802801870305,5.6043391083086,85.1765902046912
ethanol,1607,1.38,2024-03-31 20:50:58,2024-09-16 12:18:12,73.516962704651,86.1671664185256,3.71490574295799,72.7425618684653
ethanol,1095,1.35,2025-01-25 05:02:32,2024-07-25 07:18:57,76.2066096745839,85.6807284707491,4.13864518371009,81.8676676447708
ethanol,2387,1.7,2023-12-03 21:57:24,2024-07-18 23:11:40,69.2449295819025,107.773284256681,2.91387370081859,72.4461706764668
ethanol,1710,2.46,2023-10-10 03:35:31,2023-09-01 13:53:57,76.9316165890578,92.40716408372,3.13173903840167,73.8848219700805
ethanol,7422,1.27,2023-04-18 19:49:18,2023-03-05 03:59:29,73.9776438950694,97.3072813769128,4.09781329309331,65.9333890315178
ethanol,2962,2.63,2023-07-21 15:21:33,2023-08-03 06:10:38,83.7773784915775,113.413491617514,5.10393354670191,70.767667538891
ethanol,6699,2.73,2023-05-24 18:39:43,2024-08-31 12:03:13,82.8650986260743,88.5051621282786,3.74371917574843,66.4831539438367
ethanol,5647,2.95,2024-10-09 12:40:37,2024-02-20 20:25:45,72.6709721544092,96.0318115194292,3.76408347068788,70.2412674702267
ethanol,818,2.82,2024-10-15 13:45:36,2024-05-29 13:12:49,74.2458114421665,105.486399791394,3.59311475549563,90.5364179660784
ethanol,5674,1.13,2024-10-05 02:45:33,2023-06-07 17:01:07,74.630262171958,70.8764829906967,3.46524332915568,70.5060111116806
ethanol,2658,1.36,2023-01-04 17:00:37,2023-01-15 13:41:54,72.7417026192019,64.2264173657413,4.29497145570882,106.323820648374
ethanol,2145,1.19,2023-10-01 20:39:46,2024-11-27 16:59:44,75.9751249201406,105.191759931966,2.50274235482136,84.9331790088089
ethanol,8747,1.76,2024-01-28 02:46:24,2023-06-11 14:05:51,71.2085896555621,107.380214208503,5.28093957666673,81.8483612369487
ethanol,3124,1.95,2024-09-17 03:18:38,2023-03-15 17:23:05,69.3469233253124,130.963302022786,3.33457770187054,71.4164221981879
ethanol,9060,1.81,2024-02-01 20:01:21,2023-03-18 10:11:06,78.1135561195013,102.371423138002,4.72190348543814,87.0030987940899
ethanol,3062,1.36,2024-05-26 11:35:37,2024-04-26 00:12:11,78.1476479211091,112.296095758871,2.73000140260612,74.2436217376223
ethanol,865,1.25,2024-02-07 01:08:32,2024-03-05 06:13:39,70.9784212017,97.0679103462104,4.66884013054622,81.2200981464536
ethanol,8783,1.39,2024-02-25 19:28:16,2024-09-03 22:53:17,79.476777153813,104.458408323776,4.6719446078145,105.600845382688
ethanol,3875,2.45,2024-03-20 13:42:59,2023-04-28 00:21:20,71.8421113541733,125.008852626243,4.3842020720059,79.0394010027535
ethanol,2317,2.88,2023-08-06 22:30:37,2023-05-18 11:06:32,76.2658261901899,68.1401077281155,3.00557147820021,91.4927332628568
ethanol,9973,1.95,2024-09-08 14:45:25,2023-05-04 07:46:05,79.1017200630623,106.204243863575,4.24954818959808,72.9682357487411
ethanol,99,1.05,2023-07-03 13:25:11,2024-03-15 11:30:17,74.8319371764814,132.033800951161,2.81694381526561,79.6501150950304
ethanol,87,1.74,2024-09-10 21:06:01,2024-10-11 09:30:18,77.2737045607057,104.23051328814,3.74723674490381,97.7080063563551
ethanol,9679,1.55,2024-01-07 05:56:31,2025-01-29 08:00:53,72.4178517805622,124.758594448493,5.02941310095533,73.7303294221223
ethanol,7540,2.46,2024-11-06 08:48:20,2024-02-07 23:37:48,74.0176670828595,90.5618177570584,4.79670192707074,98.1244855799693
ethanol,5283,2.29,2023-07-15 19:21:48,2023-12-09 15:06:03,73.9707028455983,99.5192875875443,4.01518294254043,87.0775193545548
ethanol,6982,2.73,2023-08-08 09:24:52,2023-03-24 14:39:18,71.2671082672988,100.502870535829,3.02519342407716,74.3753322410573
ethanol,2125,2.58,2024-12-25 23:21:13,2024-09-18 04:30:49,74.1161291844211,66.7361338096184,4.64558771217419,86.3240773905552
ethanol,4645,2.48,2023-05-09 18:39:38,2023-07-27 04:41:23,67.2569085056813,82.477332582247,4.01938123769803,89.7255444962673
ethanol,3446,1.31,2024-04-19 10:19:16,2023-10-21 23:37:49,72.5442312642895,83.5468738092402,1.67968440176958,86.218099622172
ethanol,3305,2.07,2023-06-30 13:19:57,2024-10-17 19:10:31,73.5756225331516,112.330991170488,4.78262982631652,64.2977528010954
ethanol,3287,1.99,2023-05-24 18:37:47,2023-12-15 08:48:43,73.7191012375231,113.082296585261,3.97576716613031,72.7286282417513
ethanol,951,2.48,2024-08-09 18:50:18,2024-02-27 07:40:06,73.7925127706461,104.860546640598,5.20245124798307,77.524813644485
ethanol,2958,3,2024-12-25 18:01:45,2023-01-19 03:41:55,74.6911790006994,112.361543452836,2.9047294811572,79.2556657089995
ethanol,2762,1.53,2023-08-08 21:08:09,2023-11-15 14:35:27,77.3972075904303,97.5377588091734,0.823296186803999,86.2067209755068
ethanol,7052,2.98,2024-02-10 21:34:24,2024-12-26 10:21:44,79.3725853706626,118.028975043093,4.27908385834519,81.7770100093325
ethanol,2120,2.47,2023-09-12 06:43:46,2023-09-20 16:46:39,71.7511738657587,100.131826639481,4.29156367668197,66.646556412899
ethanol,7665,2.21,2023-02-14 03:14:40,2024-08-20 23:48:01,68.9839957230543,100.867960711401,2.30932837239355,83.8019785100596
ethanol,5372,1.9,2023-09-22 00:34:50,2023-04-10 09:49:05,69.7897779387845,96.0161105010638,3.02150045413339,86.1058574528382
ethanol,1450,2.12,2023-06-04 22:05:06,2023-07-24 09:45:58,72.5639853940254,110.266757164546,6.7552177437199,85.5979044793104
ethanol,5545,2.43,2023-10-09 06:54:34,2023-09-02 05:06:00,73.2403934109175,93.6820177508063,3.6943893858462,90.8078072555462
ethanol,279,1.29,2023-08-20 22:23:16,2023-07-04 14:53:53,71.1500196690127,114.646470657971,4.73095897637622,88.339221545489
ethanol,7652,1.5,2024-07-12 05:23:14,2023-01-31 07:53:12,68.5194166787505,83.0177628892599,3.34934017263162,84.5918007922844
ethanol,4249,2.79,2024-01-08 20:18:58,2023-06-29 02:25:21,72.7193958626291,83.5162561790771,1.90969710114684,79.2983428854135
ethanol,2981,1.49,2023-06-13 09:17:05,2024-08-15 15:05:43,75.9071331005699,110.311401326898,3.82974175320409,63.3903906648401
ethanol,1470,1.79,2023-06-25 19:38:12,2025-01-09 08:43:07,77.9751473291778,98.6718367812548,3.73439543971389,84.2961821913259
ethanol,8593,1.09,2024-11-20 11:08:32,2024-02-10 06:31:16,72.2128847344584,93.1916287577031,3.60012176133163,82.0768768716311
ethanol,8822,1.72,2024-02-24 14:10:55,2024-10-23 13:37:20,72.9350108892828,113.350865987132,3.88535916449361,82.7157883719537
ethanol,6730,1.48,2024-08-22 17:38:23,2023-01-05 22:59:46,70.3665084557635,90.8910787887087,4.26426827164564,67.2325142417969
ethanol,3751,2.93,2023-05-29 19:49:42,2024-08-17 14:16:01,74.8428041481261,96.9969811854945,3.84988304874619,69.1894345959174
ethanol,9630,1.81,2023-04-08 19:34:08,2024-05-14 02:39:31,70.7578568290459,120.988419251067,2.73599383205264,90.531528533329
ethanol,9606,2.87,2024-07-11 07:00:12,2023-05-19 19:13:13,77.865639066206,123.08713518716,4.48618479156194,79.6044484614335
ethanol,7804,2.34,2023-09-10 14:03:51,2024-01-10 15:55:08,66.0706675403294,123.585973154055,2.05062824467758,86.8150069737262
ethanol,149,1.34,2023-05-18 21:28:03,2023-11-06 10:16:11,73.2018516377377,95.7681133459913,1.9496425427158,80.2831837613046
ethanol,2807,2.78,2024-03-23 10:56:18,2025-01-21 19:57:14,76.5055366959587,118.460543574767,4.73918049470157,80.2975613949575
ethanol,214,2.27,2023-06-03 12:13:05,2024-02-08 23:29:03,75.9191725816125,85.7657075834698,4.50702027213536,89.38283805976
ethanol,9248,2.94,2023-06-12 20:55:48,2023-10-27 10:54:37,88.4651683199025,86.3964568791691,3.94260463492596,74.8395527178263
ethanol,1717,2.11,2023-04-26 17:03:50,2024-09-18 13:39:04,76.7490001228395,64.7431622106346,2.60455149524493,80.9612077694098
ethanol,7403,2.5,2024-06-19 03:39:18,2024-08-04 12:11:24,69.97972701579,125.093023028478,3.29208905932592,75.3772471129496
ethanol,8637,1.07,2023-03-23 09:41:58,2023-08-24 16:11:25,74.5226787645546,87.0403022638588,3.7372532523135,75.6550377256769
ethanol,5022,1.67,2024-11-24 17:25:17,2024-10-16 19:38:26,66.1187683326677,98.1020113037941,2.40410603142589,76.9082787653136
ethanol,8581,1.54,2024-08-30 10:18:34,2023-09-08 18:23:11,74.5970012535162,86.3451348710757,3.26097134197677,82.2213377163371
ethanol,1305,2.37,2023-04-02 12:27:35,2023-07-21 20:15:20,70.8347197149962,110.427478724952,4.65233033817668,75.2125137833652
ethanol,1942,2.67,2024-03-09 22:37:13,2023-03-01 14:39:22,79.5769513778008,94.3654950892399,5.42730536428922,92.5575612557352
ethanol,7060,2.07,2023-08-26 14:40:52,2023-12-03 23:33:55,72.2522986270223,80.4277466435058,3.58056524734145,71.053926977805
ethanol,8192,1.8,2024-09-15 11:26:06,2023-03-03 01:58:54,74.4161704210238,106.624938462791,4.7564883543161,78.1312835583864
ethanol,8507,2.49,2024-02-09 15:01:58,2024-02-11 16:41:33,71.822210792978,78.4940496278466,2.08593992941253,75.6026894172583
ethanol,7327,1.53,2023-02-18 02:19:58,2023-01-07 00:10:35,83.6942567592667,87.4389141202676,4.65945124111361,94.4697788435373
ethanol,9347,1.34,2023-02-06 01:52:04,2024-09-18 17:58:26,73.3937861694105,68.3966632806088,3.19605158527252,81.9655477651157
ethanol,1785,2.09,2024-04-01 17:28:33,2024-09-04 04:14:09,84.162785217396,78.6406283170359,4.30734561670797,90.3184453946864
ethanol,1966,1.67,2023-05-11 01:44:23,2024-10-22 07:07:31,79.0707588105913,102.677937545807,3.75224758176029,65.1443962696303
ethanol,3608,1.1,2023-11-16 13:01:02,2023-03-04 11:53:21,77.4103336366769,70.5319594284561,5.32041400978383,82.6705026586926
ethanol,6405,2.22,2023-01-03 17:23:13,2024-05-20 03:59:07,76.8436657365876,77.7828141306743,3.12556435166008,88.8963079562344
ethanol,5975,2.13,2023-02-24 05:00:39,2024-06-03 17:43:15,76.9689864910813,99.9644662580079,4.62760629756183,80.8228398927543
ethanol,6314,2.29,2023-03-10 14:20:08,2024-06-23 23:28:16,65.361637103272,91.8458965586042,3.72049253670347,90.6548037506535
ethanol,8511,2.32,2023-10-15 21:16:14,2023-04-08 22:32:12,73.6055830292462,129.88054953939,3.84169452199034,74.8271154989963
ethanol,7605,2.25,2024-01-01 20:58:18,2023-04-18 17:03:52,79.2257898559216,127.508448190366,3.81614610684079,94.0934744018558
ethanol,7135,1.66,2024-11-26 20:57:57,2025-01-04 07:38:29,74.7555140826295,86.9811630587327,3.15432689550589,102.988981236193
ethanol,1611,2.64,2023-02-08 19:31:04,2023-11-07 16:09:52,67.9740507659821,108.357064276052,3.98590103409333,76.3716143956034
ethanol,1489,2.98,2024-08-19 22:45:52,2024-05-01 03:18:47,74.7379777471127,111.239238353192,3.93735177787818,75.5449747859923
ethanol,6169,1.45,2023-01-31 12:11:59,2024-09-22 05:46:02,83.5205275812775,91.037817129634,4.24124024840673,94.533844771177
ethanol,2293,2.46,2023-05-29 17:33:41,2024-09-05 15:58:19,81.2344585776736,77.5668769525269,4.08450514569286,95.7957214573071
ethanol,5566,2.48,2024-11-03 04:19:55,2023-06-28 13:51:12,74.6899799531698,99.8155232603791,4.79799454961224,74.7713997284673
ethanol,2498,2.03,2024-03-16 11:51:18,2023-03-18 15:53:34,79.7572463852904,97.4073148777883,4.92350861604737,75.7981318290414
ethanol,1873,2.22,2024-11-27 11:16:15,2023-05-12 00:10:16,73.1674648981597,93.4635325454407,2.9493766781722,77.1821539113949
ethanol,4014,1.72,2023-09-05 15:59:40,2024-05-31 03:57:03,66.4806420658664,106.634753022467,4.86877250059077,66.5554948896572
ethanol,6588,2.73,2023-11-11 06:15:44,2023-04-02 08:06:48,70.3776700593522,88.739055894916,2.81366357289015,70.813480535158
ethanol,3770,2.1,2024-11-28 05:57:06,2023-01-03 00:32:42,82.814443842541,82.7200367863129,4.58785588813774,69.9585923324793
ethanol,3316,1.41,2024-02-19 04:13:16,2024-06-09 21:29:33,73.6300345908535,101.636244555247,4.61973878470287,72.3220243489587
ethanol,745,2.33,2024-12-27 04:56:26,2024-02-06 06:30:57,73.7830801031249,105.789551388533,2.0886831083375,79.6531511261322
ethanol,5493,2.83,2024-09-17 13:57:56,2024-09-03 18:24:24,73.5008090186256,82.3503258414992,4.09297924652941,82.3421473253652
ethanol,6054,1.71,2023-02-17 11:58:48,2024-04-08 17:48:00,84.520682947865,113.921359164866,3.53150388663968,95.5050049281408
ethanol,6564,2.02,2023-03-06 14:55:54,2023-06-14 06:35:30,83.1297945768103,73.4427829333588,3.24123474206463,70.0164595926121
ethanol,2634,1.25,2024-08-31 12:43:39,2024-08-31 22:45:34,86.0939011672407,91.3282981192654,5.35085233069901,89.8432239847658
ethanol,7509,1.46,2024-12-19 06:42:45,2024-11-28 01:17:55,74.2047739479997,96.1298719570359,3.34632085936258,77.8601115577449
ethanol,8982,2.74,2024-12-17 04:59:58,2023-02-19 04:21:44,76.4781224437355,90.4566443102211,3.19362307088195,79.5053629034757
ethanol,7002,2.06,2024-12-01 23:36:55,2023-09-30 09:20:35,67.416787252896,91.5240928967321,4.07569494000509,86.748194921666
ethanol,584,2.81,2023-10-26 01:27:52,2024-05-03 18:23:32,82.3846721305914,128.066117234622,4.68558974629842,68.772779784377
ethanol,6294,2.46,2024-11-20 05:57:33,2024-07-23 07:38:56,69.1611022436603,87.2367386644165,3.85835141398987,83.8240974618405
ethanol,5348,2.52,2023-06-08 07:39:56,2023-12-07 11:34:17,76.0838778188132,136.618325837079,5.16637054566925,81.6645220821306
ethanol,2923,2.47,2024-09-22 17:38:30,2023-12-28 07:18:22,69.5134873618358,106.556901695966,4.53097566196409,84.9245126400815
ethanol,5612,1.58,2023-07-25 03:52:53,2025-01-29 01:23:12,72.0556658663065,101.38082705968,1.82178868026857,82.8916864390782
ethanol,491,1.07,2023-08-23 21:05:20,2024-08-21 13:08:36,70.8136878447515,107.143605300815,3.47053303649299,104.553001399109
ethanol,5758,1.05,2023-12-11 05:31:35,2023-04-18 03:47:19,71.9606236966209,137.948916238779,3.4381579006483,73.6226001574868
ethanol,5725,1.36,2024-05-03 10:56:19,2024-10-04 14:37:17,72.3043864842551,85.0961049410283,4.47936095342942,74.6900304499818
ethanol,3068,2.46,2024-02-13 23:47:14,2023-03-10 16:32:29,72.2586560253746,83.1937312159542,1.37518294362589,73.7685947357524
ethanol,9074,2.22,2023-08-05 17:19:28,2024-03-09 23:37:49,79.1666695589015,88.6770070514212,6.54900970871772,74.4452288083975
ethanol,2923,2.71,2024-10-04 14:04:27,2025-01-09 23:56:58,69.4756860346874,100.482147204468,4.53102609489421,73.6261287269348
ethanol,2262,2.25,2023-09-15 11:52:50,2024-09-01 07:52:59,76.1027071350693,74.1134331278114,4.14887680391769,91.8901653110755
ethanol,8231,1.63,2024-02-03 02:00:24,2023-07-26 18:44:20,81.0897957615278,100.335088589779,5.18156771641915,94.2050424798986
ethanol,7094,1.89,2024-02-10 00:20:03,2023-06-21 01:52:51,72.434018177433,125.403207001205,6.34365405281262,74.2925370625052
ethanol,8241,2.31,2023-02-28 18:33:54,2024-03-15 09:57:40,71.410405546262,102.271110859372,4.8707466445884,71.6764442689577
ethanol,4294,2.39,2024-07-20 03:04:38,2023-01-31 14:10:21,73.8473768740987,95.6097181153708,4.94881309647162,84.714155563864
ethanol,3591,1.15,2024-03-02 04:26:00,2023-09-30 10:01:27,80.8986260418036,90.7275932697456,4.13069002446438,74.4777695571903
ethanol,8710,2.18,2025-01-29 15:37:22,2023-08-01 04:50:57,75.9705381547668,113.477675568273,3.85847424663305,86.3293181775551
ethanol,6662,1.84,2024-12-02 23:31:03,2024-05-01 14:40:18,72.343928526962,87.6125084014293,3.5242045559951,82.029230208513
ethanol,1635,1.56,2025-01-09 16:59:45,2024-05-11 04:50:22,77.4193832559402,127.695938808989,3.17388800828546,64.8425588500277
ethanol,7069,1.95,2023-05-17 20:36:44,2024-04-23 19:17:25,69.4885392508179,129.000396215715,3.3129859003005,95.4750520133006
ethanol,850,2.86,2023-09-13 09:39:24,2023-02-16 01:18:15,78.4067975522147,103.851261979927,2.64944403565702,97.9587767309552
ethanol,2932,2.26,2024-10-05 10:48:55,2023-01-27 09:41:39,77.0430365385088,99.8272736788503,3.92412854931498,73.8721130951561
ethanol,1803,2.72,2024-10-10 10:39:47,2023-01-26 19:07:44,73.4609576443056,115.459897123623,2.31533242277361,76.1229844006402
ethanol,8188,1.92,2024-10-29 19:28:27,2023-04-04 22:53:52,70.8070710077639,116.42197753341,4.19091652414371,82.8586539072491
ethanol,928,2.45,2024-10-04 01:32:55,2024-10-20 20:30:56,70.5665953885827,87.9101240341088,3.96366939195766,83.3445678998703
ethanol,6440,1.77,2023-10-25 22:56:23,2023-05-09 21:43:38,77.6740866817296,92.1016730029495,4.14693529838669,86.5854427267283
ethanol,843,1.15,2024-05-19 15:41:54,2023-03-11 00:20:36,81.1449025124453,80.1647884797506,3.47786842998001,100.102045387664
ethanol,7163,1.48,2024-04-29 03:14:19,2023-03-27 04:36:50,71.813461264856,106.135974075011,7.0768603701805,78.2305277250595
ethanol,1219,2.82,2024-09-27 16:41:57,2024-11-23 12:12:27,77.2919335177574,109.999418251853,5.36011590018031,72.0170275546155
ethanol,6544,1.67,2023-05-12 00:39:12,2023-11-07 15:45:33,64.5648649069897,79.7511154320809,2.75545749991528,66.2068077198547
ethanol,7135,2.41,2023-08-27 19:50:13,2023-09-03 01:55:37,72.076911346714,93.1720164277576,4.2328680874269,72.6906996005808
ethanol,181,2.38,2024-06-01 11:36:19,2023-08-10 17:23:34,74.8447053356455,79.7911912362798,3.39199385706268,79.668730271262
ethanol,9986,1.86,2024-04-13 04:08:06,2024-05-29 03:44:36,70.4515829150908,86.5180028463424,2.98552027329259,97.9455786351779
ethanol,8515,1.02,2024-07-01 10:17:20,2023-03-08 07:11:13,70.317468126052,108.265255903394,2.65992792887607,74.8238870096383
ethanol,3504,1.74,2023-03-16 08:51:17,2024-09-10 07:59:39,71.6611022176556,88.9977689998258,4.43221669075925,82.237879516389
ethanol,9281,1.3,2024-11-02 12:38:57,2023-06-20 23:16:42,76.4609636416319,95.4876106595155,3.31861976493043,79.8357710392725
ethanol,8324,1.4,2024-06-27 09:08:04,2024-04-01 16:07:44,74.0633549079681,75.5903240807903,4.9678260240252,91.8839327344808
ethanol,7297,1.81,2023-12-21 12:22:41,2023-01-29 19:15:23,63.8088438333751,102.80485314587,4.99378221453044,105.269324258736
ethanol,4416,2.74,2024-03-09 16:20:49,2024-09-09 20:33:39,64.3964992368247,99.3359002023303,5.37391438521145,74.6913122707968
ethanol,9868,2.93,2024-09-15 02:42:09,2023-09-29 08:38:43,71.9656741107141,89.0656112495026,3.1476132339259,75.1056055748178
ethanol,2338,2.79,2024-04-21 23:12:03,2023-11-07 05:16:02,77.2884329302678,97.1647855347629,4.47536561069201,90.4416087706907
ethanol,1994,1.45,2023-04-21 11:49:37,2024-10-15 05:27:28,61.2624757863738,102.704423207552,4.6324542166423,86.8189148962631
ethanol,2178,1.99,2023-05-25 14:51:22,2024-09-23 09:55:02,72.5013491192419,87.7769777663598,3.52582182489604,98.4670732573603
ethanol,6463,1.64,2023-05-29 07:19:36,2025-01-28 23:57:47,72.3687607174129,77.8560618399733,3.22822804260713,85.8392818532596
ethanol,9598,2.17,2023-11-07 07:23:16,2024-04-16 19:32:47,81.9416888910422,127.083616490302,5.60952066577597,76.4070790921294
ethanol,109,2.66,2024-03-05 11:37:20,2024-04-28 00:07:24,73.0748909414357,90.5009094293459,4.22749587573205,85.9065483069231
ethanol,505,2.74,2023-04-22 14:25:39,2023-08-05 15:19:45,76.9149449237046,98.5485984521967,4.63596775071174,91.0870358058291
ethanol,2269,2.27,2024-12-25 08:59:47,2023-11-19 08:14:51,75.7062857004373,115.162596025305,3.17792398817207,88.2048218119736
ethanol,7331,1.61,2024-02-26 06:24:30,2023-08-15 20:56:28,64.347167600964,152.935827813557,2.78071553347781,85.072740311073
ethanol,7709,2.34,2023-01-19 07:07:11,2023-03-22 19:58:29,78.8410360831587,81.332703251667,3.43055022550789,90.6667468958915
ethanol,7813,2.16,2024-08-28 14:24:28,2024-12-11 10:44:09,76.0769825272814,106.747408205898,3.87597861261,91.6929559044567
ethanol,2103,1.75,2024-12-08 19:44:19,2023-02-28 11:51:27,77.5413431983729,89.3867157205884,2.93577999318265,93.8215899103753
ethanol,3627,2.65,2023-04-21 14:47:04,2023-08-01 04:42:45,94.6311885321816,91.9181454313493,3.99015519134962,86.4870988758964
ethanol,5683,1.13,2023-04-21 09:08:57,2024-06-13 21:32:42,64.5794353025071,89.1968196848981,2.3114948119315,78.3288191968315
ethanol,7879,2.58,2024-01-12 23:15:44,2024-01-07 23:48:12,83.6234832488055,83.1151754829912,2.87995257753013,81.4671368643332
ethanol,8491,1.04,2023-07-17 00:53:24,2024-02-22 23:05:06,73.5627624029982,99.3806295732301,4.67091124827688,92.0650896650836
ethanol,8446,2.33,2024-12-18 08:32:42,2023-11-11 04:26:44,76.436644522015,77.8824596942765,4.60379052027789,71.8306432901276
ethanol,7544,2.97,2023-09-07 02:09:01,2023-09-13 03:42:59,74.7724387734938,114.202113497678,3.60812323461313,83.686733088729
ethanol,9589,1.87,2024-07-29 23:26:40,2024-07-23 06:10:01,72.8788183330098,100.825044040501,2.98223569092305,76.0666118767264
ethanol,7405,1.61,2024-10-12 02:51:56,2023-03-21 03:27:52,72.1508353588062,106.336524593522,2.97259644847399,80.2874482293482
ethanol,946,2.89,2023-08-03 03:53:56,2023-08-24 10:29:07,76.647543677865,93.0071708208067,3.62673175405869,92.784518626073
ethanol,192,2.88,2023-09-02 18:18:20,2024-04-27 09:00:39,67.4141315166416,94.4919409868238,4.64451849164529,81.910990680199
ethanol,818,1.64,2023-06-03 21:07:09,2024-10-31 08:10:55,78.7528958376088,104.31345857751,4.92824569134432,80.4643654815615
ethanol,6491,1.12,2024-08-23 09:41:07,2024-03-01 01:53:13,72.9190279755737,82.5392405139126,3.50346826451803,66.4014385902008
ethanol,9785,2.66,2023-07-20 20:03:09,2023-11-03 19:28:58,69.3496533047982,94.6301434838,2.84650757401522,87.4625356602722
ethanol,1908,2.23,2024-05-26 20:04:36,2023-01-18 13:47:22,72.7499357100209,87.1057972918232,4.26784363786633,86.4548418114108
ethanol,6863,2.03,2024-06-08 02:17:41,2024-11-14 18:49:04,81.2857460843129,86.6414678411348,3.17646502937415,101.632547233055
ethanol,4588,2.48,2023-10-09 13:19:20,2024-05-10 19:35:45,72.3233245649189,68.3524263906154,3.4817473611388,76.92221765047
ethanol,4357,2.13,2023-10-11 20:03:21,2025-01-07 02:56:10,76.7922680910481,120.0898988422,5.32527609043704,82.1915032766394
ethanol,4694,1.32,2024-11-17 23:45:24,2024-04-23 19:13:41,71.3452186214226,89.7019187026935,4.82711542856577,82.4938368371076
ethanol,4865,1.49,2023-07-10 20:30:51,2024-07-06 13:07:19,78.7896092496181,117.450640827453,4.15797431225145,95.7745327976348
ethanol,3409,2.87,2023-03-26 03:58:32,2024-02-02 12:38:29,78.427538693951,116.031884820914,2.72808099888728,79.0470446761305
ethanol,895,1.76,2023-03-02 00:53:51,2023-08-15 09:18:42,84.2430441664821,80.7100044022526,4.21139656747066,82.7902152577034
ethanol,9119,2.95,2024-03-28 06:13:14,2024-04-25 01:12:05,74.1221802725039,83.6738314649073,5.06265729078753,86.0789650971654
ethanol,775,1.99,2024-01-01 18:26:42,2024-01-08 15:15:36,78.3432740237895,138.407544390335,3.62436633423446,81.8660912315636
ethanol,7223,1.53,2023-05-19 04:21:37,2023-09-18 04:38:31,75.4903376976947,126.263889128907,5.35111408998672,75.5356638544947
ethanol,2569,2.49,2023-07-01 01:29:42,2025-01-15 12:04:10,81.4793589093151,99.5272223000784,5.29274528951821,81.9408999289831
ethanol,4975,1.71,2024-03-20 13:20:48,2023-05-29 21:15:57,71.4058380619564,103.86059659626,5.66373283214347,90.7363174985977
ethanol,567,1.59,2024-01-24 12:50:18,2023-02-19 08:54:22,78.7250265643864,90.5373039557922,4.30524312653135,69.7348470058894
ethanol,7475,2.02,2023-12-28 14:44:31,2024-09-07 13:12:23,74.0265135194166,106.485290713005,4.58739169980601,81.3296967414688
ethanol,5855,2.48,2024-02-25 21:05:05,2024-08-19 21:01:25,74.6790591144575,89.2422714891629,5.41418728833109,72.9987918506083
ethanol,7930,1.33,2024-11-24 16:50:50,2024-08-24 00:16:43,75.4587624222419,69.5146935355242,4.44739393706898,91.9504662892484
ethanol,6576,1.76,2024-04-22 23:54:56,2023-05-31 22:10:41,76.2612019821334,80.1766632023342,3.49876589220979,64.7681309521623
ethanol,9806,1.99,2023-02-09 12:54:22,2024-07-17 07:40:54,74.4188547843902,100.316391217759,3.55145716347214,74.4107815272841
ethanol,9087,1.2,2024-05-04 18:13:23,2023-01-05 14:57:27,76.0735659158526,83.0339914674612,4.23855495377374,83.7721187506452
ethanol,951,2.39,2024-10-27 07:08:15,2024-01-26 04:23:35,82.8905902878109,98.990838026297,2.70943857805378,95.6552402923434
ethanol,5241,2.2,2024-03-03 21:44:16,2023-06-10 13:14:05,79.9272484280761,83.8800844085071,3.85674108463581,79.3424973892701
ethanol,7604,2.96,2023-04-09 09:52:30,2023-02-16 17:38:38,79.3457729624845,88.2646911624701,5.09654711823025,74.448004733068
ethanol,5697,1.21,2024-03-16 17:08:35,2024-12-02 18:59:02,72.7223023698807,112.797479596198,1.80874614883472,98.8115706944059
ethanol,4098,2.86,2023-06-04 00:55:49,2023-06-09 05:24:35,70.5537958588584,103.712208214602,5.53448210179452,65.5198609958376
ethanol,4840,2.51,2024-08-08 06:53:42,2023-01-26 12:08:02,79.7765027911888,99.8550336802998,5.12237421870316,58.0119404337992
ethanol,2359,1.81,2023-10-19 23:51:08,2024-06-25 01:54:12,79.380233962649,113.18445959606,3.54023538416952,84.4001445005333
ethanol,1912,2.11,2023-09-08 09:37:49,2023-03-23 20:37:27,82.3633533787549,107.20912890021,4.54339082787181,74.9794577564739
ethanol,3356,2.69,2024-05-02 13:11:37,2023-12-23 02:24:49,71.9800968701539,121.698449368771,4.00314772690633,69.7876718286929
ethanol,2837,2.55,2024-01-25 16:25:29,2023-12-26 14:14:50,73.8522567231983,93.1021110652729,5.22999036843868,87.0835644729935
ethanol,9033,2.45,2025-01-23 08:51:06,2024-05-10 19:41:40,66.8025791873728,93.5554753220874,4.98268314276994,82.438007137712
ethanol,3264,1.95,2023-02-13 19:47:51,2025-01-29 12:59:31,73.0376444696956,80.4833610041298,2.59992927681699,74.3592136926327
ethanol,4329,2.96,2025-01-13 10:16:41,2023-07-11 00:42:54,79.9828525528972,93.5652892394137,4.58726241346418,67.1969560132911
ethanol,5015,2.53,2024-11-29 18:16:01,2024-11-17 18:53:50,72.667523103859,114.471548414537,3.79437214635675,88.7245732828014
ethanol,2506,1.46,2023-10-10 10:23:10,2024-08-08 06:35:24,78.2023989760041,119.499810583932,4.0828325705181,86.5020117795866
ethanol,9281,2.59,2023-10-25 11:05:39,2024-12-13 04:41:09,74.0474844700109,114.4045775213,3.27182809903018,79.0082413622062
ethanol,2738,1.46,2024-02-11 02:49:50,2024-04-08 07:59:04,76.6202851411078,73.0871220017585,5.74813706912084,98.4663699604767
ethanol,9677,1.12,2023-08-08 00:04:04,2023-02-08 17:13:20,69.2615430509217,116.247178189911,5.04006181990258,69.2991523367385
ethanol,1423,1.54,2023-01-10 05:20:50,2023-09-24 01:57:45,75.4260472481695,72.4222206509189,3.26022883602703,64.7447482907526
ethanol,6380,2.32,2023-02-27 22:18:25,2023-01-22 12:41:42,60.0443201454964,113.471759861835,2.66538939308977,73.0809193011876
ethanol,6307,1.12,2024-07-06 16:02:16,2023-01-06 20:40:00,74.0655192091901,94.4832321014342,3.61432736902215,79.544139836445
ethanol,724,2.13,2023-06-11 09:13:38,2023-07-19 21:54:46,66.8476337814243,110.537999709008,4.43450264609131,82.4333944932269
ethanol,9069,2.91,2024-06-15 14:50:44,2023-01-02 21:38:30,81.0299725827341,80.0132747815815,4.24020584394622,77.5876394214367
ethanol,2328,2.15,2024-12-17 01:09:37,2023-02-19 12:31:31,78.8870367638226,117.567514490592,5.25313282476824,83.520553965143
ethanol,9124,2.87,2024-08-17 02:02:49,2023-08-01 07:36:30,77.3333549098304,78.0253788084267,4.78991972218085,67.4846057580956
ethanol,7474,2.05,2023-11-20 09:55:45,2023-07-09 00:09:53,82.6050311357969,89.9731763372023,4.96956902575291,94.4376460407326
ethanol,8415,2,2023-11-22 05:36:45,2023-07-27 15:45:16,70.2554173958758,85.0285805834645,4.32685540061044,79.1784882160743
ethanol,5890,2.48,2024-10-25 17:20:46,2024-09-25 04:16:46,83.7368159895778,73.6857272076625,2.61070126978901,91.1729583158813
ethanol,9014,1.75,2023-07-06 14:58:46,2023-12-17 11:46:03,79.6609578213019,101.417913513827,3.8043014688531,83.427253463777
ethanol,8216,2,2024-10-25 16:06:55,2024-11-17 12:50:23,73.8172235639053,127.091336767554,5.06008973990867,84.5675321915378
ethanol,4022,2.82,2023-10-22 21:42:43,2023-09-10 21:58:40,80.6781007359147,140.0035783348,3.94847707147535,85.6976728023221
ethanol,2931,1.89,2024-05-30 10:55:42,2023-10-05 21:22:55,69.4685324379418,101.457336806294,4.50309036862375,84.4770856001732
ethanol,7555,1.24,2024-04-26 20:54:03,2023-02-17 11:00:36,70.8774291923616,116.750219126013,3.68125168475387,86.4272275986754
ethanol,3207,1.46,2023-09-01 11:26:07,2024-12-15 13:46:33,71.9570513838015,103.481419568928,2.97018815145815,93.2915253013243
ethanol,2344,2.4,2024-03-13 06:05:02,2023-03-22 06:08:50,72.3551114596799,107.483247921523,3.87665593595389,81.9652116970147
ethanol,1995,1.56,2023-08-28 12:32:59,2024-01-05 04:57:59,69.7172117861987,94.8677702330914,4.30904744303265,87.0900375758851
ethanol,8866,1.22,2024-01-11 17:39:03,2023-09-19 00:22:06,81.1154153354766,102.926153881339,3.34431228053856,79.1026430571277
ethanol,3529,2.11,2024-05-22 06:24:46,2023-05-28 05:37:58,73.7057279981509,108.062180569096,3.76428875514333,94.4011721544947
ethanol,4646,2.05,2024-10-09 16:05:57,2024-03-24 06:46:27,76.7625248417844,91.323104066855,3.06053675801402,73.2360769794073
ethanol,2649,2.91,2024-07-11 07:07:15,2024-06-30 13:10:38,72.1482431679316,98.8375855016052,5.1192449175641,98.0094043291082
ethanol,9962,2.07,2023-01-12 00:57:37,2024-08-30 11:17:45,65.8969834972574,99.1235482150377,3.70554424241197,79.5984204935566
ethanol,4899,2.7,2024-04-10 20:51:31,2023-12-16 02:46:36,76.3502867919571,112.396049759958,5.45275554512618,65.6922489788195
ethanol,5047,2.3,2024-08-28 05:56:32,2024-06-30 20:31:54,65.4387251229011,84.0095174255848,5.52874785054091,81.2810441491079
ethanol,7814,2.21,2023-09-12 00:19:14,2023-04-25 14:56:16,74.6568297695727,99.2268668708852,3.91895403527826,73.1894834252512
ethanol,1313,1.72,2024-04-30 18:04:30,2024-12-06 11:06:27,68.158424805836,128.68008203579,2.99155126745265,88.4064354898872
ethanol,1262,2.6,2023-08-07 00:46:53,2023-05-24 01:03:40,84.9363799961541,117.460902288789,1.91410212226666,73.4737602069761
ethanol,3104,2.43,2023-03-24 13:40:57,2025-01-03 17:55:43,79.5568136108736,120.237685733331,2.52796292697321,75.5381656678522
ethanol,1255,1.94,2023-05-23 22:59:05,2024-02-23 06:14:37,75.5287689563574,100.366477602671,2.62616517510134,61.1045926905447
ethanol,8497,2.12,2023-06-25 08:15:14,2024-11-09 01:49:24,81.3185333882733,104.81496345529,5.37846962746151,75.4769368075092
ethanol,1852,1.75,2024-09-09 21:55:35,2023-02-18 01:40:49,70.7684201126713,115.033542500544,4.11582458722695,55.7612067337104
ethanol,7627,1.28,2023-08-23 10:07:18,2023-10-06 21:22:28,77.7173968933505,123.403832942964,4.38960452409199,64.1609717651428
ethanol,9916,2.58,2024-01-13 05:44:31,2024-09-17 05:01:55,75.9990521685936,70.7259563067567,1.77957899106487,87.604146561443
ethanol,4489,2.32,2024-05-12 00:25:15,2024-03-06 04:50:27,76.3201004066684,80.2683803942523,2.80203357078274,87.8580015865083
ethanol,9394,1.84,2023-06-17 22:15:44,2024-04-26 18:35:09,81.3617675005338,119.64166152104,4.88707977644629,84.2545756178497
ethanol,2376,2.01,2023-12-16 20:05:25,2024-02-15 03:31:04,78.662460513899,95.846659663468,4.28677411238259,70.3302385687079
ethanol,499,2.84,2024-10-12 16:46:34,2024-02-05 18:44:23,76.4436183141251,89.9241881611288,3.8527947213144,79.5228864385802
ethanol,5853,2.49,2023-07-16 18:13:15,2023-07-05 03:13:35,66.7255628188585,81.1875851950659,4.56484235860012,79.9639746090943
ethanol,8447,2.62,2024-12-02 14:30:17,2023-07-13 22:19:24,70.1997685236027,91.6747494768384,5.63579780613582,68.4163531080746
ethanol,508,1.25,2023-01-19 15:17:18,2024-12-27 06:17:09,74.3864553320214,78.9644607486426,3.77895753646295,95.0339830176715
ethanol,4468,2.93,2024-08-14 19:28:20,2024-08-04 17:26:11,75.4668618713833,131.366414090987,4.06936980265807,88.7736229057567
ethanol,1702,1.05,2023-11-09 06:15:24,2023-07-12 08:22:27,69.3489813766304,99.6634592202914,4.19259691873131,77.7903582617034
ethanol,2704,2.5,2023-06-30 10:17:30,2023-08-31 10:58:52,87.0583833778921,99.1307418735592,6.39210963527399,80.2688583899453
ethanol,1228,1.04,2023-04-14 01:44:29,2024-01-31 15:48:50,82.5819702762679,108.821150127517,1.90064373558097,82.0838280794755
ethanol,6572,1.52,2023-05-23 11:58:34,2023-11-28 16:02:13,78.0105916019624,114.435177538999,4.68322301478881,59.5826513157571
ethanol,6425,2.59,2024-04-09 16:21:40,2023-10-08 10:58:40,75.3601843064187,114.18832234832,3.88519775124094,77.528226174794
ethanol,5331,1.64,2024-01-11 12:43:17,2023-07-07 16:27:52,73.9389551504942,116.104329158614,4.56677172618418,73.180157520022
ethanol,9397,1.89,2023-06-26 07:18:04,2025-01-07 12:47:39,70.2404076998888,90.5373167381372,3.34262744600528,69.9837999010508
ethanol,6052,2.8,2024-02-14 21:13:49,2023-11-15 16:12:50,75.3874025925943,95.5319979256471,3.95103496914155,77.1889970711405
ethanol,2741,1.92,2024-07-15 03:39:47,2023-03-20 17:54:24,76.2887627007138,111.535474831634,4.7114105794655,97.9768652684952
ethanol,5142,2.56,2024-10-20 17:21:50,2024-04-19 14:09:53,68.7911971225919,92.0891640754057,7.11291020104384,86.4084286126701
ethanol,1781,1.87,2024-03-25 08:21:02,2023-02-27 18:30:46,76.6708820862245,99.9234005195916,4.80803618940207,74.288210102172
ethanol,3320,1.78,2024-03-22 07:20:00,2024-06-01 12:26:16,73.3864553320214,105.981456466372,3.15193440196949,65.8716887966558
