Crude_Oil_Price,Exchange_Rate,Inflation_Rate,Demand_Index,Petrol_Price,Diesel_Price,Ethanol_Price
84.96714153011233,71.62410862512809,3.136506395035066,83.28877962650368,80.84313412624014,71.91215105378522,78.95689894772319
78.61735698828815,74.2774066464224,3.968796511060916,90.53603749393315,78.58503685683672,70.55988053359582,70.88855577093636
86.47688538100692,71.0379003950002,4.018016872044447,85.86909724638633,81.60830907312426,73.29027953631184,75.444817447073
95.23029856408026,73.46019235180479,4.472630345843406,91.78006271888293,90.6006777484956,81.78674105612009,81.44409667139922
77.65846625276664,65.53192666523107,2.6331416367191736,96.78774533933216,81.94324432258253,73.23508937669706,74.14994409746222
77.6586304305082,76.06646853686469,4.59256727384733,112.55731729497077,86.33143795528312,71.21033395113606,83.09387912695236
95.79212815507391,75.00602737681112,1.2956083683972248,95.18261441941446,89.86912563671821,85.12676614049298,84.5613637167883
87.67434729152909,70.91455684465905,3.3701154476361896,76.21561439845611,85.18571043453039,72.40107651141781,74.12132552494575
75.30525614065049,78.29622834216202,3.5117261575484555,117.10101769742741,83.97436330905961,70.36079210082964,82.60790668061803
85.42560043585965,79.6878506881328,4.633326826071238,87.4436479957744,87.66397572123239,78.85641173635655,78.83596339488619
75.36582307187538,66.96220067815513,4.022630852676869,99.11919359343057,77.1334851482842,71.69192555738984,72.94327281296879
75.34270246429743,71.18637610716893,2.5944369461437136,106.69804760411067,81.91938615376858,72.92637496532565,80.50366859808662
82.41962271566034,71.1542882510635,3.0150068741829847,102.99415627604174,83.11574208140452,70.33615536997695,77.44880677683183
60.86719755342202,70.30048449445567,4.198680009547407,116.41269321282213,75.05859422060846,61.24369981896515,78.65364169547125
62.75082167486967,79.14737420965874,3.9209326581354436,107.18504715089138,75.81656624393766,67.05953160376619,77.92559511954717
74.37712470759027,74.03086930613598,3.4208758903642535,87.08035630454339,81.19054408912311,68.6071974269638,72.64494117385357
69.87168879665576,73.67742579344694,3.5191662104880206,132.67843260987493,81.72789716506016,67.05717978012675,85.98518168764984
83.14247332595274,64.98068817796623,4.696167997159289,102.9150019500735,79.89736354845076,75.0176924432645,75.18583118189522
70.91975924478788,78.17709015104613,3.4823074271307854,97.78989660067741,85.18219742809165,66.17007220288836,79.43113622027843
65.87696298664709,68.80370802573263,3.9119087559709267,114.45888134583356,79.79610373977012,70.50757295249187,77.12425711971656
94.65648768921554,75.29966315133164,6.169936588080542,103.74176418895108,84.12814819052643,87.47951970875359,83.58876903547142
77.74223699513465,76.38688468979096,2.576317363116077,105.98842289408991,81.546724002003,74.59148543982627,82.34688274845035
80.67528204687923,81.80329297919326,2.1481572684253414,137.3827599790103,87.13402862715601,82.80193966301907,93.23158456782338
65.75251813786544,68.45589800440445,4.7835896647986065,95.8731785761743,70.213951071723,63.40274135806758,75.26650655431465
74.55617275474818,59.90243922089587,3.3213569387058968,95.23358658973906,65.21212715675914,68.86599833299762,73.53286874025133
81.10922589709867,75.91924772376848,3.68176247225738,101.74867768018696,83.63733031586118,78.82558998416356,82.1637227117012
68.49006422577698,84.00255590755427,3.218843621868886,116.07273903371558,79.55640559660084,70.56020402791842,80.26628007883774
83.75698018345672,81.19473176469718,3.7401998592324874,77.40198954714401,82.27104328687889,73.84179188910826,84.86227509110894
73.99361310081196,76.04829707637313,5.598538112096342,70.51666162785241,69.59911803345047,62.103481375225336,66.87550025135496
77.08306250206724,72.54181907183977,4.802128458618119,91.19327094069779,79.27167956610305,70.10834067837541,78.50807290617017
73.98293387770603,79.03561298318655,4.862223511886977,75.4911556141107,75.04185547345885,70.70249038954763,74.70509923755604
98.52278184508938,70.13226900147765,2.5837729442073547,93.62752978711542,93.79081377039759,85.59815346318432,77.88176342508449
79.86502775262066,77.38178884678109,2.8488462634471308,107.53749544193936,89.17350483031413,75.94710378862248,81.85102184786506
69.422890710441,77.52735079583313,1.160921340514573,86.63876704671604,77.76953294639596,64.31527613926757,73.43537883548784
88.22544912103189,80.30104953749439,3.1906191789172462,78.59760134827987,83.26178026732832,71.24383672599495,82.63279591264646
67.79156350028978,88.7983001945554,4.956703186385658,101.04005742573023,87.195094798077,67.54862890628233,79.72037626145887
82.08863595004756,76.96207983589383,4.516946515748371,112.93815226922756,82.51316119769281,75.47807280254305,83.53766774476787
60.403298761202244,72.4551818714625,3.778486737047876,74.57539842225081,63.02045641150383,57.62961724537367,59.305476178001776
66.71813951101569,74.87212843904003,3.977699716281947,112.30348597458976,78.42782615409881,68.48909703443837,83.8411080593812
81.96861235869123,66.15462047555441,3.3111144574245945,112.25959305607489,90.37583670573274,79.92619149472009,76.40259260140134
87.3846657999541,71.52643434455472,4.2047588824017845,114.31127653234942,87.82597767744328,78.9582774958818,85.01523903597327
81.7136828118997,72.95358780943448,4.7658782794806145,118.2772032230753,86.32521049171548,75.27304003181293,83.67549902586903
78.8435171761176,72.37955801032703,2.3841132125895275,133.03020886989424,83.65434801805928,74.54578867697207,85.92604465597806
76.98896304410711,75.76177436016862,4.299647687837348,94.65861927071417,83.42249120884183,71.61471369507629,80.14058658276635
65.21478009632573,70.887900338089,4.932434870954667,101.64357370116787,77.55524713990667,61.4791677015803,79.08414020097938
72.80155791605291,80.60515333662235,3.5848997110366305,93.75342350127961,82.05872523457249,69.89639341442602,78.81310055126619
75.39361229040213,75.00103532459099,4.700700612120584,100.02965267133716,78.78545531951576,72.06184677650064,80.29625012950099
90.57122226218915,74.95349839430693,6.814654444472553,122.99310033454468,90.93162585562384,82.94326670480007,89.90991389686769
83.43618289568461,73.36052641743541,3.895657207013108,79.82478274103997,76.20140489076732,74.4784848177175,77.96820397378339
62.36959844637266,75.7759534192949,4.3933070500053235,87.08425491751638,72.0253844427614,63.025948776480355,70.06257155005068
83.24083969394795,79.12549132333817,3.2619429163386084,120.65771404756842,86.57458235728747,72.84587773068776,90.50234005011178
76.14917719583684,70.6643489214455,4.1812511626020505,115.30054760353134,79.21987839557069,73.68116645359075,83.89431689954453
73.23077999694041,71.70941755462371,4.460271624982304,94.55302529774383,76.21377533617229,66.16863666437425,78.20790911516364
86.11676288840867,73.48136985611667,4.194842340270138,112.8160300168108,86.61801411287587,74.77990145096474,82.08036706220307
90.30999522495951,68.27064538263393,2.9803046802911433,105.1182376373805,85.34393363630927,75.33662495970465,80.62284892921866
89.31280119116198,70.90371070139251,4.206361771325451,122.50411913501482,92.24830760065504,81.7400957770273,87.13070965369943
71.60782476777362,72.6188956322767,5.462195938717636,101.11764390740159,78.59647285537274,67.47873319005687,72.5161199164138
76.90787624148786,79.37194590356364,4.448635764514528,115.38448170808874,84.92281371834888,68.95652032090953,89.11931764982921
83.31263431403563,76.31280664500963,4.961987189071841,139.6301786573893,93.5214323858402,81.14347194764628,91.13392609441613
89.75545127122359,75.96794955683772,3.762988029987372,108.97148732571199,86.86412564749034,76.00148381727516,85.97291890284245
75.2082576215471,79.25448981083986,4.74990023942371,100.73992248692265,82.31928614708144,71.9442988832855,78.43072554926268
78.14341023336183,74.31314105800301,4.279267838216526,110.8367047783147,84.41272265210033,73.97576839029,77.53871318541982
68.93665025993971,76.95232424964445,3.049089270312768,94.52078712694173,72.25394817921037,69.1661738907033,73.73739529369772
68.0379337591933,74.48389123533752,4.318521004798875,135.819515582871,86.94697073036308,75.07839652075101,85.46520623123135
88.12525822394198,76.32681174699815,3.0083033365596896,102.70106556543972,85.15741496713335,74.61742519626314,85.11510049608682
93.56240028570824,72.08620671194208,3.367119725115208,95.90600019661731,88.19590356589102,80.32457193779747,81.87014540021907
79.27989878419666,62.80591420861786,4.189328307292374,87.46466492469946,79.88682469195864,68.46551555030811,72.44107284470071
90.03532897892023,74.32860418906849,4.297244273380124,116.45830287409657,93.81466102147961,82.2637219977964,85.4901236047905
83.61636025047635,82.1137406804997,2.8107675349228707,113.00781119241609,89.42794148707009,78.82142847192048,88.09271797442152
73.54880245394875,79.63107701120796,5.053985771182877,92.5396844287886,78.58956278456657,68.75722516639813,82.25858911270012
83.61395605508415,79.82698742295585,4.5720062783004725,108.64677017683634,90.78416464335284,76.13294219732278,86.97684359897872
95.38036566465969,81.18065360903108,3.2952715643891164,77.37166047680715,89.87232310026538,78.18169075916953,83.35220266162932
79.64173960890048,75.44328795480719,2.4624152035508247,102.77455862609735,81.39991437633456,76.36098348648608,81.01488819956988
95.64643655814007,75.98657853702798,3.855095420918569,106.79134528115041,89.9782894974953,85.02743425729511,81.8551978068798
53.80254895910255,71.91174052282825,3.55405628613884,125.60994714338834,67.73512614860331,62.33358241636532,73.70705653373625
88.21902504375224,73.41963571986476,4.113140457053023,88.43771795906966,84.69635640040553,75.93923960241001,79.92458976138846
80.87047068238171,78.0788557488557,3.6368833388444335,80.82471056796513,80.13942927826984,70.61370654379782,76.21157649119449
77.00992649534132,81.01942218584408,1.9925431392549902,86.56858058612437,83.73233445850188,68.03100750702386,78.77130209977786
80.91760776535503,74.302768621595,3.6116530616988416,79.95147249527619,80.17825955482225,72.8441836904515,79.55527611485061
60.124310853991076,72.74905367574294,3.694380888931687,120.04986036638475,80.2689692744066,59.87944169949018,79.88164494911844
77.80328112162488,75.00263979428298,4.633661024774058,123.22958942536056,84.41962380289833,80.01481088374464,88.62114538148536
83.57112571511746,78.00603374464558,3.3018003253889505,104.80324866923243,89.89265374024063,72.63145933418139,83.25387759692211
94.77894044741517,67.7807259193323,5.678674673372566,118.31942418527723,90.36869116658602,83.64429969581805,83.55598271682935
74.81729781726352,63.51909523431381,2.0883594493482427,102.00937570870353,79.40787675097825,72.70453537466742,73.49482680583968
71.91506397106812,72.24731575254208,5.311167497802624,98.5733252844885,73.50123334038256,69.78422008916982,73.49919649697237
74.98242956415463,68.89643787042921,3.775681029121895,95.00443571419358,78.24400728705555,69.1737781243855,79.0456499706521
89.15402117702074,72.45929901176345,4.859584872343556,95.34413512933652,79.91552198080333,75.09919356784745,82.66607070060368
83.28751109659684,74.26109840591265,4.079801484058733,76.78297665536454,78.88524809172573,68.76569658737985,76.0599445676789
74.70239796232961,72.73375795488494,5.139555536025469,103.96382145411009,81.79910819368861,72.58867839414108,81.97394087126851
85.13267433113356,82.26233767235372,3.6126380354471888,99.39499134678934,85.92239488648218,82.35127679369937,77.7752116667263
80.9707754934804,76.63372382301161,2.9013795748221876,111.18041086116814,82.85041213709164,74.00083913285509,84.93944568279211
89.68644990532889,76.50237179805414,5.420504287271063,101.40285244657915,91.15491281801144,76.37749545334412,79.73873509264264
72.97946906122648,78.111035720217,3.886519354117859,97.55944447646363,79.51319770784208,62.179976672190385,78.08932693329135
76.72337853402232,69.30583441109616,4.221558473624211,86.93210454988554,75.49330440658751,66.06826577399599,72.17048445575854
76.07891846867842,80.19555893710134,5.234751914044795,101.08229855232642,82.96374958080222,71.97719738776732,82.94289637692324
65.36485051867882,74.6211785673227,2.968044757905565,111.07355846224243,85.49030242361204,70.34467606919684,78.35608477866202
82.96120277064576,78.35240308620607,4.595490897639257,82.84991513374209,85.47636297704167,76.21114395946572,81.66647600459292
82.6105527217989,69.64071383479923,3.4101052435371093,101.31210630521109,86.28864330129866,74.88195176903426,76.67330223049485
80.05113456642461,67.23120616991967,3.867830644355628,103.49564427294226,82.58748001018931,71.01291048166509,79.48925167168402
77.65412866624852,79.08944829012515,4.072278965384289,89.22902824572603,81.30638818357689,69.9910004271173,78.33678647286027
65.84629257949585,76.88204763048758,2.499778138553064,91.18215542637999,67.28592261303426,68.46932122281224,68.7713415932071
75.79354677234642,70.48974222821245,3.2211629571795655,103.45916273149322,78.02070385726415,70.84432470019279,74.52607667387004
76.57285483473231,70.65168459362653,5.351072892413139,82.99868472561066,75.17505379021014,62.60122350560401,72.33522830256844
71.9772273077838,80.62717392207385,4.886191188584796,105.24885572874089,76.09047990297812,68.3046569171259,84.2260577213128
78.3871428833399,69.05294053566337,3.937360422672765,86.569684395112,74.14487915301234,67.3189302236002,74.76151341411757
84.04050856814538,83.21336476627982,4.243123458512893,115.94280539549824,84.65462772613968,77.44677895201193,84.61716587296489
98.8618590121053,70.49689632676066,3.7057574943635423,135.0674161808245,97.84908588258997,88.98254402098935,91.75908521955503
81.74577812831839,78.19195962804191,5.356583385827982,87.0886479744727,84.74016279859555,73.60804729324673,84.42958613758374
82.57550390722764,73.35690762125508,3.7996474222058363,108.01311793562012,88.59773612520794,75.1673641833592,82.0223108224288
79.25554084233833,78.01593715541172,4.231842092134848,89.0988714267697,82.51986344859783,76.43000277235151,76.91055456016167
60.812287847009586,72.27942998942903,5.146030144142065,115.61431260696685,72.83724943254536,60.929909711842384,78.30615994550618
79.73486124550783,74.18603546963853,3.2226285151540934,81.02112386372178,72.85353341234536,76.69509765678204,76.62372704345722
80.60230209941027,75.2045958769786,5.558789184496894,107.20880137641569,79.58956290832703,72.66513671701988,80.5300426599528
104.63242112485287,69.98906272109264,2.469538590256623,86.9051654966597,87.13396860534833,85.9823302176596,82.98979791171065
78.07639035218878,78.70412172710063,5.629642131112798,96.89523116352447,79.92486304593373,71.99553509998881,78.98615141703249
83.01547342333612,72.43393216764207,3.6273244160480256,84.5346208727904,80.0283274841488,73.48252241691681,77.71395158015078
79.65288230294756,73.85700042329991,3.7573012521747184,112.3352570634363,81.78383016198757,75.50616128320901,82.59515378780337
68.31321962380468,70.02825312695744,2.1099898288170573,87.44529468340619,73.8820713505573,65.25061657116325,72.12899276425716
91.4282281451502,62.18833170602345,3.545205282622307,108.27946388997742,85.68420638224144,76.21771815369306,77.62789725233962
87.51933032686775,74.04486118699916,2.9601934689731157,94.838529576065,85.26848591686701,73.73169870568157,77.56354583500362
87.91031947043047,87.06307710806458,3.392353654626527,98.28291442301706,93.49065277571428,87.83584928435269,89.11440025228138
70.9061254520526,78.92302143949011,3.86268903421112,102.21633861100193,76.41881058089372,67.48422930484922,78.7363450751375
94.02794310936099,74.90369810132803,4.957791614472906,88.57262992511727,88.95149986642676,82.84818495585716,81.91179262308785
65.98148937207719,73.68554585395866,4.207603351400626,103.1555067031133,76.10635043256069,60.23938986791984,74.76949605043549
85.8685709380027,75.11232946406024,4.3076766534011135,122.95501846531616,89.48929682371369,78.43103980777137,89.88658950340505
101.90455625809979,77.73559557587605,2.9044806111544377,88.32857821250929,94.8848894680279,85.43156060045412,82.35999181249187
70.09463674869312,69.09593592345577,3.11924591039727,117.57715214910768,82.24049663591558,69.36405424964101,78.1221365981241
74.33702270397228,80.57160847334436,5.798725018351312,122.47146450231676,83.57468690832265,65.37619184614323,88.3754035169707
80.99651365087641,78.57690657720622,3.2647989652367535,87.75767516457934,81.40286197646583,73.9139587581837,81.67775845956855
74.965243458838,78.59092862853967,5.656208252057295,78.17418092364173,78.10399237566718,65.63114635247696,72.74664308470625
64.49336568933867,77.19237869404864,3.7569388011191336,104.52941350257647,75.86695278944337,65.93616751636726,82.7999073261007
80.68562974806028,75.09808328846995,4.002287936143504,91.7888871584969,83.38531008274826,69.90112442547971,78.73221230093267
69.37696286273895,78.3643061798341,5.07036516022993,128.02904828744505,85.15419551256254,68.04253221060094,81.79784339122486
84.73592430635182,77.95907066870689,5.271892421938657,100.52211310749749,91.88497893854938,76.19188643931629,83.63287384532337
70.80575765766197,73.22979644529488,3.8891874397209123,87.96700887947232,70.76330087449665,63.158045106765904,71.95977856779238
95.4993440501754,72.13199113551549,3.611756946478461,82.79260733482432,85.94165855811285,78.93983774513254,80.0447205064862
72.16746707663764,75.50928147630994,3.944079551477787,116.34857438636246,79.67513327909549,66.85147462939865,81.40413949984654
76.77938483794324,82.74510075747594,4.337957528232118,91.4322403887372,83.74578884310219,66.69415949086188,79.8634305513629
88.1351721736967,68.80446462173049,4.8913036868697555,100.65743199190642,80.47802657029912,80.25074095372983,77.12561092204984
67.69135683566044,67.6623736712378,4.004229858994152,114.33704117668721,78.45115987111309,62.09326986074017,79.52743498436325
82.2745993460413,75.82380420618259,4.6188862980231535,92.73612472103754,81.00340921484023,73.72897888794341,75.42038350979519
93.07142754282428,75.25443850928009,5.638359732270941,99.31106756889758,87.33560921283976,83.6473602021488,80.37042983240939
63.92516765438772,75.86670832185204,4.3813096122647845,99.7514738526622,70.77152744488632,62.09688829594761,76.22137957750485
81.84633858532304,76.2197659895425,4.311652856004779,110.24986767274137,84.87501007107,73.33241070274032,88.05955555953388
82.59882794248423,73.88398872682598,2.481089174909932,108.86116503265488,88.73845410418465,76.14903419761447,80.86291921668264
87.81822871777311,82.44931719301042,1.3692698631709366,96.69829403117757,88.04492925875385,82.34135852688226,85.80807644791803
67.63049289121918,66.99548010761742,4.388375729230169,100.95473592244777,76.4267164889308,61.00375712616337,76.20430078099982
66.79543386915724,70.85751487609878,3.9051757687191277,94.42331482714768,78.92407740560853,63.631168860248465,75.01729449516367
85.21941565616898,74.48372619925476,3.485217325085258,77.83581389620832,81.66177695407885,68.96301397077973,74.40742638184642
82.96984673233186,66.78405594422917,4.243530204186345,103.86401286097194,81.04089702586069,72.7698705237142,74.93396899167993
82.50492850345877,74.12072797783965,3.939596270803092,128.38287641249602,90.96097420020917,77.66196401958734,80.4637855889039
83.46448209496975,83.3073508286401,5.127780250633899,86.74421288963406,82.95317846012424,73.36348481147145,80.02898372156338
73.1997527842151,75.10443244147982,4.086110868258978,88.40455435595945,75.70746003267777,66.81882917977117,78.25001613677169
82.32253697161003,76.15350452859342,3.2530767149298323,86.93908342534388,77.16076580208784,69.41875879778972,74.00839731221002
82.93072473298682,68.6991761741371,4.990166238959289,110.86887668084684,87.526679652053,75.3154102007446,82.92526153816279
72.85648581973632,71.91819295980261,3.7828689250537977,106.7272818129466,78.56943632595534,72.31562790425181,75.02301613168105
98.65774511144757,73.12401809838032,4.526536683672307,97.62193461375315,91.78941331380332,80.74286620697576,84.24961265793604
84.73832920911788,73.41142451621883,3.5225892938071994,86.22971407541553,78.88290791806851,72.63249746597963,78.99526032461291
68.08696502797352,81.40821897501884,3.3501731145025637,101.38565187459886,80.38593878200886,69.11504405006058,76.85982972370942
86.5655360863383,77.78845530362562,4.084168230185696,76.53066808996294,80.04803136086274,79.19476850251118,77.34178924646108
70.25318329772679,69.44271021531483,4.012828643543685,102.15139850286239,76.36584111327923,62.17730529971286,73.74753898751513
87.87084603742451,76.23252389216002,4.479827035366833,113.07286579131902,92.50121414187812,79.21792747130745,87.90989984804067
91.58595579007404,77.49110874248393,3.7313542466902576,81.23201295049483,88.03212646924779,79.7955244092183,80.04588811409694
71.7931768164829,80.70074519260633,2.1636402162296027,77.01222584755504,75.65953093960648,66.82747256290293,73.56537663959841
89.63376129244321,82.90270343284186,3.5672261164116112,123.69156837542289,89.47833486467975,75.65630071058649,96.18423565261311
84.12780926936499,69.92452904086066,4.793818467143816,90.82360540743123,90.66379798532324,75.52660378517494,78.62004694618805
88.2206015999449,70.94571244394831,3.7026239207568934,117.03921768915733,94.4096973738835,83.75369666301995,82.5886078695868
98.96792982653947,68.71211070542692,3.753616597485452,97.69003502203252,92.17899126371776,83.61753045246937,81.90318277287027
77.5461188399713,73.82990070446509,4.9863765059059375,97.57067774588009,78.67519148631888,68.45603871017161,77.70872549089437
72.4626383564251,77.33179187223168,3.2880267727410772,106.57619049244968,80.73412103054021,68.39098137572762,80.04971861271942
71.10485570374476,79.9366725829455,2.4571967817571005,86.74001714880339,75.49689144536286,72.87970853485878,82.93323737858852
71.84189715034562,74.62024488178739,3.8393688804745056,101.98745715243469,82.88001817553258,71.34175749243744,78.58599239613147
79.22898290585896,73.40076238372578,3.515826048751263,94.2776587776386,81.62934320100555,73.91697055805251,71.11808071665601
83.41151974816644,75.7587899612437,3.033753680246746,80.19259834892452,78.42280032518642,74.59054279466885,74.20178763306465
82.7669079933002,70.82428549184988,3.8246215441013094,105.06223112089599,82.61338272542005,72.73027582427692,74.20192134408178
88.27183249036024,85.44769360847387,4.491505647246783,96.05038289683125,92.79301589952291,79.50511352835142,84.35755399065492
80.13001891877907,66.96169486440971,3.9907114384321845,97.64462757332939,84.881808117683,71.40011601828999,69.8715165413155
94.53534077157317,75.92370289447862,4.306981072686238,81.84758584878763,91.42999122161507,82.17012468218036,77.22325559915795
77.35343166762044,85.1180310961482,5.813407698515423,123.87100551644207,91.83876323095656,80.93086322409836,84.53083988373089
107.20169166589619,75.03399922279999,3.657121138442436,113.15071279579175,98.34902566638277,94.3636126479005,92.16283409250559
86.25667347765007,74.04980482499253,4.2783486346446695,114.46233826257968,78.93903922631583,74.17988067392285,84.7558789220203
71.42842443583717,73.21277288594787,3.4907866374008654,95.41832946337477,78.00226871154265,68.06250575547259,76.00072376908032
69.29107501938887,74.09804159118796,3.153640280113027,74.0622566574487,71.99727907001957,66.32613305913078,69.1014951829654
84.82472415243186,81.86424237338265,3.41509234658223,129.29376073734267,93.59184245932153,82.39514926496204,86.84592498079236
77.7653721467415,63.940690443352466,3.5212414284783113,99.08353737991197,78.39541686630632,67.82013796739216,75.74552248837739
87.14000494092092,82.66716850648163,4.359475797547126,88.7680030596992,82.58091472825204,86.8725121988786,87.82146470023416
84.73237624573545,67.88021423774927,6.349075786700757,106.2520236172467,86.28779036686548,71.84432484839252,81.31480357695678
79.27171087343127,73.66673835382792,3.2839565637241597,117.50681182004946,87.46228390534186,71.12588569320356,81.83973124517884
71.53206281931595,72.85377789850669,3.5833746943845375,99.654241658718,79.95836692657102,68.51454015038588,71.76799509571832
64.85152775314135,77.9427663488536,3.936876986888752,119.17862751909061,82.87773799445391,73.16142953714503,78.29355238100992
75.53485047932979,67.00937824058126,4.395798848709747,116.24499907775302,83.37097334702571,68.27828117624789,80.54394500649235
88.56398794323472,77.31086333040972,4.263550811954785,83.85428218896912,83.44237625511285,76.61486363517419,82.31599896456791
82.14093744130204,85.12154811643427,5.284095793948117,89.89314841510786,84.90146187424943,79.05847752802077,82.73940047599945
67.54261221288012,68.18412997703595,1.5736079294647918,114.36305744919652,77.52989198409675,65.70247339633819,78.76290307551521
81.73180925851182,75.94853083805198,1.6130701298043273,59.31081154284343,75.99703154954048,69.31736832639137,72.09165325003758
83.85317379728836,71.69008911101696,3.5041218279898505,97.75816460252517,86.33031170316848,76.47304944928807,80.31675038258082
71.16142563798867,77.12943603096518,5.097300187543709,78.53753197562992,76.86778630123172,67.30377977599238,70.62375934003794
81.53725105945527,75.09573888707877,2.4343519683944037,92.85169297849713,88.34315130709999,76.56141926468842,78.59931744847698
80.58208718446,71.79256545477845,0.9923676603062428,95.51769866456193,87.65099666726056,76.23317870131459,74.37479874078939
68.57029702169376,77.43936142435537,4.571179406219208,94.62633433138738,77.13829049289467,67.47081105166407,75.94138102890432
83.57787360348283,84.02174054893372,4.243657223702715,91.71608121831088,74.25307428707586,77.42224429221272,83.2402177819522
85.60784526368235,74.0454810413635,2.9097915932005702,83.54284525556778,85.72761255306564,75.46139999821735,81.6590774706827
90.83051243175277,78.5987897107409,3.01446039927907,134.37866900228028,94.55094395252146,85.42477001130364,88.80631000118123
90.53802052034902,68.53363521064418,3.0302562803653257,128.01193006242028,89.33006069839534,81.29926990223122,88.47690409099617
66.22330632042909,70.21781811590995,4.11053531747394,82.56901269615575,69.90651884099798,62.44367676983554,73.65666238902352
70.62174960084877,77.36203138940189,3.373684723816993,123.73175126955351,82.26327380309354,74.14588100020843,85.8468712594927
85.1503526720866,82.42058014267982,4.494063918975519,94.0080176429072,88.38916972964242,81.97288432904132,85.18828818574616
85.1378595091221,76.7780667439283,1.145373337095609,101.93781209997566,81.42614219406556,72.22398876406578,83.67192828146963
85.15047686306048,73.43470984738423,3.1431481348722006,99.05089060154626,81.49698208216718,76.02669541617668,84.04822533781548
118.52731490654722,74.99645702711678,2.87394603908895,90.10377038119051,101.10021890414788,93.34736869104393,85.25137727963474
85.70890510693167,68.74796133015141,3.743659321627508,114.7577851540922,88.67359600673238,76.09216537830304,78.30507125299651
91.35565640180599,78.02257663177683,3.4619522415098616,101.88829795864987,91.73308094112505,82.16048281666089,84.5880924777457
89.54001763493203,79.41166531161704,4.797843779895767,92.85172865171138,85.28252968248309,81.37961600107074,76.07579383432349
86.51391251305797,72.7395483358346,2.1406632283399425,80.43115834299292,78.44432180091324,74.37706000130095,79.17081957078449
76.84730755359655,72.6497892612025,4.045491476330752,86.5960747942132,76.42245016027098,63.96247800728442,78.0320959770492
87.58969220493267,76.32939114826024,4.558336423211705,75.37929826596854,82.94497499931347,72.91832027980114,75.03718748550422
72.27174785462428,72.81640131979702,5.856647436561955,100.18335322622754,83.0595618199706,71.21982805361343,75.62010851636575
77.63181393259991,74.66933692687088,3.518234028906525,82.05001611573407,71.83622311308643,61.84850149329339,73.98047565834582
75.14636452170896,85.49860894583257,4.324458604352517,96.01659231222189,82.19634299660878,75.78392704889534,81.55223175487293
80.81874139386322,73.76487149627002,2.1961372074376353,120.55152780415557,82.8707161043119,77.08267560866489,84.60039530640437
103.14658566673509,73.20829923989389,1.6080437956869762,117.98949359382378,92.3377576716087,92.43789323156098,91.64057168442199
61.32734807408252,71.7622909718242,4.8447743757817,99.51584658846073,75.4808780198933,60.98922157459572,72.19091955541144
86.86260190374513,78.72095985749968,3.9944397063519292,98.69372910785275,88.81965242482622,71.94635372309877,85.64934265747277
63.87284128810349,74.09387913390948,5.178512689798422,128.19811824131511,81.67035984930924,67.77123161727484,82.9635538351693
75.28068134210567,71.75313480839287,2.626597111030251,107.81134180538066,83.75428670494283,74.3867890306981,76.81139300637064
90.88950596967366,81.60652016136505,4.519902139528752,95.08290310185215,87.95612317727124,83.58945355475555,88.36350895525275
80.64280019095463,82.09801502256819,5.868817840543853,78.60972824319322,79.96171948594022,71.26506327699602,73.49002984482608
69.22255222070694,71.99788217130647,4.4197056083572654,105.90809827247115,84.39142282724309,67.22617138115625,76.42940151164163
72.84696290740033,65.66730024319692,4.276581505591048,112.43985658874294,78.29958783218821,66.91477279617321,79.77321254574966
86.79597748934675,80.0375684491846,4.008556080824349,90.52522713229534,88.12055665313254,75.08067911218883,79.11719150693892
72.69633368282864,71.57685087119998,2.429118542874088,104.36804132707049,78.95688684536576,71.47905208447119,77.82468550682877
82.16458589581976,78.95312799581384,5.355572935710348,94.54640057627456,78.66829316524473,71.48697755405762,82.3005818424938
80.45571839903813,65.14948091144082,3.389142360194934,97.23951401201496,73.42563349996999,68.6847435671872,72.43318613737704
73.48399652394183,79.46298669149655,4.504483256383017,62.68266913656503,71.83092376255146,63.38963359154205,69.95930024759778
101.43944089325325,68.9441403535961,2.4369656934287462,96.67327894425797,94.14961866590988,80.09277450054269,82.0738415088656
86.33919022318011,78.65382059533262,2.8205403354922196,114.54053953612082,92.32077820087123,79.70962911566369,84.76628768394423
59.74857413342393,75.07136533918217,5.435087399222235,90.52896166650163,73.78722923436126,63.944331599909106,78.30564645836111
81.86454314769428,70.23030290301678,3.652697711042157,100.78789552322975,79.5630727836934,73.05421552391132,76.10704358264233
73.38213535231613,72.9648184353661,5.453275476042545,88.66073939962119,81.70560610466332,63.516402984336764,77.19853503335662
88.52433334796224,78.4315922847835,3.921769340941482,105.4066251443916,86.37046642182949,82.25359153349343,83.69145555489777
72.07479261567299,75.52947226557617,2.158102227042143,96.7521520369574,78.90095181361495,73.29890071102389,73.0860714675722
78.85263558533102,77.92206490236242,4.89206759973172,85.9113768897699,80.44336253157817,70.03761180818147,77.34471372841172
85.04987278980457,84.88220292257742,3.410107682244392,119.98827201497691,91.80664098195156,78.9105394279672,91.92370731521572
88.65755194170121,67.17879194144474,4.698688813517044,113.93398020298322,91.75485489011919,80.04053834520988,85.41860945705866
67.99703592944223,83.08606287484312,4.025210867540082,90.92639854107738,75.39680606164566,71.77621631685085,81.65571252613549
76.65498764159051,75.52177968761606,2.4568817720571294,107.46682464126665,78.67426506540335,70.53021672663422,89.27618546345411
75.25054688839043,70.50607975838436,4.164294765370569,108.06118004230571,80.86574931532799,66.47674222248415,79.16907780651967
73.46670767426288,68.34843187130505,6.1962231421528,109.63451852516764,78.58492921491218,71.227040964368,75.72817163193956
97.65454240281096,74.05439804611483,4.492986458514459,74.58616156007383,96.54227033035409,83.70872407219525,79.59723327846953
84.04981710960955,79.60825055962229,3.942482246994537,115.09909811548943,91.35097399980873,78.27409276524426,85.62575337143385
67.39116045664954,74.36225439811233,5.075343401956898,91.45451555611403,73.57467227352109,63.28573327044693,76.36507868511853
89.17861947054776,82.55577465123673,4.210668465203111,94.632580998381,85.53529046928014,82.88578775191054,80.17414833193757
101.22156197012633,67.7441215497422,4.209534230262794,139.56822628390302,93.62775089808636,90.2436455570847,100.09260754365127
90.32465260551147,74.93955526076972,2.9083748278408974,104.52810071081518,85.76499324872148,77.62104361861594,86.2096435721678
64.80630034045987,68.73803277793441,4.233848025789598,94.20516286829236,72.63380269512508,62.622572043188015,66.07145908086477
75.15765927133748,76.81815941312485,5.035443416416944,66.92058440866141,78.79392463776448,63.598707631861345,68.63293745433415
92.66911149186623,79.4344369504865,3.1639378478999753,120.84646200919533,98.01564044487188,85.94706564024034,92.70895753958011
72.92330534381219,72.89619103159474,5.424495821246948,79.82185493787097,75.52461504602255,66.07115578036948,75.33363829195069
84.43819428146229,61.978930716864326,3.908293975854874,84.94841644750744,77.22378604576996,70.63724125743225,68.1296658977436
87.74634053429337,75.99474073398247,3.112230488461459,95.02971551368226,86.79519570816049,77.56232361212957,83.08513945686963
70.73069528421917,77.18369275866755,4.997632076920245,121.24617687550439,81.71354006004903,70.62045971549823,77.31185510116113
79.404746439382,77.02147377480848,3.7132057642617307,111.59859979998639,90.65494787584862,77.26311335971238,82.8186366599607
47.58732659930927,81.17891095911077,4.759514887486108,97.6324373523961,67.58220500279046,56.80064496937161,75.20593946096865
69.7561235866571,69.64473160175476,3.7082413677414627,104.62438095458232,76.8081680268054,66.14665486819918,73.84251397019689
77.4743184860684,78.40108052725225,3.9401738564700963,90.99421460693341,74.20287643318156,73.94925049258882,73.42154058951125
67.5221681803515,80.96253756238987,4.493560204334291,102.09480534348026,78.3318579084539,68.56685673654516,79.27804523471428
96.32411303931636,66.10706207996742,4.290897057590006,101.10005117167205,91.15272749763663,80.27517615365139,79.44454949543196
65.69858622039368,76.59825912959488,2.0044682195482615,114.5315484352203,75.73235962695854,66.01825074892258,81.17111195789089
75.59955513303017,72.47910084496164,2.8787562599056082,114.50767183658424,80.48075680983254,71.14952739193004,78.07425897937142
81.30740577286092,74.59238663449177,4.929409984790816,107.40966073308468,87.38442507507501,76.45261189192506,79.50309239768548
94.41273289066116,76.73838241769168,3.867863411098453,94.56478663680846,85.09765316855547,80.73751337856078,77.17754204251317
65.6413784882056,72.56385717943223,3.476268697228578,111.12733441585189,80.33634317345147,64.18673128085295,77.53106445993629
91.63163752154959,71.62145960419194,2.6414259847425257,98.6204730069543,85.69406217137818,85.33573626123969,80.70669243276181
80.10233061019586,75.17076208744012,2.920263678724152,83.771284469303,78.48297253158937,74.58391204364956,71.91471067494895
70.18491348952048,69.56377030568599,1.9782013600380526,93.95068312133591,71.57790938136024,63.334788609711474,73.2467792947715
84.6210347426327,69.57087435557408,3.898719281298467,101.26790475676486,84.95937133875505,76.91628110232736,82.19765514833784
81.9905969557347,78.39686641478252,3.401562419418953,113.65323675497118,94.96477795032638,76.93426157080188,84.2327653740322
73.99783122841205,69.25602982420672,3.0334121090146846,97.2470774176427,79.87297297427995,69.45260718033461,75.47304331843512
80.69802084990019,78.33156250454606,3.9318765748320468,81.8620193314059,78.0212149142567,73.07653857516844,77.41725132462025
76.14686403138239,77.31295646426976,4.363970630852738,100.8511252494523,85.2808028244223,75.2411472361696,76.02362922057672
81.13517345251248,66.37096635604702,6.093197932209945,101.70184060084829,80.47852590865824,73.77166222997705,83.39813588033891
86.62130674521046,71.61217673832172,2.4881165804367864,102.78756443354129,89.72408588313635,76.63652140154556,79.28882182397582
95.86016816145352,80.97054701523686,5.159381043300522,113.79807273931645,97.91683004398423,88.73252740913023,92.33804320143581
67.62184501173151,70.0941723443016,4.973101561015072,115.28384860134848,69.56382938911224,67.31749161539919,80.19879565741662
101.33033374656267,72.67797868845307,3.2209072606232994,91.086836914275,87.99577968986951,85.12900614110522,82.30635153566502
60.47912200477498,77.31030446625948,4.203235954586031,90.75784812926585,74.83770123208326,62.187710311960416,74.20819088861955
78.48214904964416,78.91695254641297,3.5423667506623846,84.3970193356679,80.60477264738084,71.38579147760304,77.47949324542394
85.88317206484577,73.74230556977753,4.185688580418739,110.48223505420714,84.5080257291159,77.77283769531198,79.25736662629713
82.80991867735032,72.01244902654179,5.50913101340455,121.73230162506573,86.00529892650987,75.05250050927997,83.91058216834865
73.77300480179406,82.11184930849254,4.605606232631313,95.27377108136615,75.316662172713,68.42060881530305,77.64827216210928
77.91877749642725,83.6944983189879,4.508608373233442,96.3785415291251,83.52918752447918,70.58316999244246,80.23912409075123
75.06999065341168,79.89429025390898,3.5696906800453574,122.00173835348464,92.89266831962729,69.40204548579058,81.60259195445514
74.10635243055789,75.42659071282512,2.515943335075665,107.58336779822511,83.86422149447606,67.91990863007616,83.05507661435313
88.49602097021025,70.95867139179536,3.791531789459592,106.54353557201583,93.79472319955812,77.80005249323199,86.94286647304435
83.57015485965047,70.84777796721717,5.206608154863915,82.13625241039409,82.63451338692555,73.35528731309644,77.65922089860533
73.07090404739346,77.61257052632878,2.4728321434103524,110.18092103919129,85.18512863383273,69.81654216251907,84.69404217850035
88.9959987543325,77.09199110444342,2.944910631823305,86.06295489235363,91.05491481338741,70.6496735555238,78.45916687491454
83.07299520876609,82.00799296473215,4.126267736234068,82.98969721097563,84.28125148764789,79.68075128621408,77.18268970674359
88.1286211883896,78.25225046268069,3.0153452151527373,94.79842634849932,86.23952355969351,81.56844033060626,79.55563377055176
86.29628841923612,67.48459849120091,3.2074765528847875,91.21310914826965,85.05486579178678,76.05403087354868,78.099319461123
71.71004989077927,80.2597380886146,3.576401418271823,96.67600458422442,83.98730814201174,74.82569017009993,79.00356072090895
74.3981895980303,70.00969686342793,2.634382595809851,78.38527548212622,72.70260328591313,63.81072658684623,70.08314674988802
87.47293605123262,73.08014364023825,3.0258781537836317,114.38224459701509,86.67484060544908,84.5034779957451,88.40882677637244
86.10370265433465,76.25100103125847,4.703427916787309,116.91529441774644,90.19712140906552,76.17865180205423,87.48067306220452
79.79098406035853,84.97833744891982,2.692630217769036,70.78986288788778,82.31072546500465,72.93472101243884,73.51401753975104
81.17327383308782,90.5495927800268,2.4021278655051623,114.67686708499825,93.3213741000868,74.70027037550578,87.55862872560532
92.77664895788425,78.03361529568092,3.3699750204661054,87.84207055267561,83.43131787966536,80.437999277814,83.5584345946389
74.0842861116417,74.08401690639806,4.731955502509845,112.8546330547418,88.04628849012958,72.18453339798496,83.90754274307744
85.47097381170038,77.67252824240275,3.8030781920031105,98.97330261000377,84.28871893158153,76.6306570222978,83.67913151854053
77.97807347566106,79.43827712936918,3.5354189218843817,100.43163346121497,82.46519347040699,75.21283708185084,86.49762034164864
77.82318796772779,73.39666187221404,4.044358797515607,97.22353525868172,78.07177239705254,71.79707790916099,82.52318027069599
90.9877685198719,83.97605677956162,2.254292567140348,118.18193806350229,102.6435046710302,81.8642513457672,92.09348917328514
88.2541634898803,76.15035379595702,4.494705653775032,81.40617981212458,84.42910642239359,75.07221744630253,75.44639938799979
88.13509636000639,77.48871544545698,4.3834350314036445,109.11760508102513,87.02310209094097,82.1616462341852,81.44296907595624
93.05478807154329,78.3296212602723,3.590691525904279,116.51995247334325,96.28111071099974,81.54863540548428,87.75473153774921
80.21003841632759,77.10793305307227,5.005924511796417,110.74510120810616,88.19441915481646,77.86892114385607,85.60298906417167
86.81952971294965,79.19470250234806,2.8725039010469615,134.87048371485128,93.86634166951455,85.37309246832503,97.3521776666298
76.89733243406543,71.91373406726538,5.127908993253569,92.06579855912952,81.47055718671375,65.23437544209226,76.8726704491286
83.24166352488442,72.20849123026984,4.154493665595251,114.35957233890296,84.0948670833707,79.63688212333754,86.575131066832
78.69856945632316,69.49922883514152,3.663447410121827,98.40864046987869,78.7683713888442,77.50746432415636,75.8250171413781
80.96995964992718,77.19750615310113,3.9801263646316882,118.50109114529005,81.71181257271692,77.02561005517448,87.26058947291851
85.95157025436913,78.89468251756057,3.8927352341890584,99.88466506417946,83.03854316604884,79.52487124185492,85.36849112293972
71.81779316766527,77.28886433075942,5.220282896417717,94.18186327206296,83.8768492441269,71.59967935670659,70.85060910752416
100.9238727568546,83.37246216673769,2.9233208725289863,119.59108305807443,104.60850961048335,88.65380953498358,92.72209918201989
69.93982618500299,74.97201990585476,3.2374807608534018,92.62657091471605,76.50794726923336,67.0915455303433,77.46212181348344
67.85811387212269,78.34370827796256,5.03630289207248,78.80911361649166,78.68641677352521,60.82555304085321,72.97604631766531
91.58110873500068,69.54149561930343,3.404465064816141,92.24729675239257,84.96268545042659,78.8380456321733,75.27387967158934
87.91662693962935,73.064501487628,4.900533077331591,109.28549419882799,87.49458515589811,80.2758151758528,76.36687506106466
86.24119817052156,78.47768878782888,5.699435983008709,120.88058127380637,91.57949752006826,81.64674745433962,87.2411534462849
86.2834550926428,79.24551055371572,3.5982049730583663,101.66694062944768,87.2338245496608,81.34196389737217,83.32494957391816
79.87753227153085,73.53016526167909,4.6813623265753055,119.77295600851038,85.77495417794822,72.75357771435631,81.36900028775975
71.02745628514168,74.64200374070967,2.8463077186601415,79.6273761778361,77.54662959366561,64.19442263885607,71.9280833951684
80.75804558193727,67.41063126659596,4.754733298067809,93.35104802773145,80.1983020681691,77.43405377303554,76.76179842456128
73.22838288487888,73.21485399596695,4.199423985986767,95.67137324268849,80.27030998166731,68.11609513169712,77.81427488459929
89.7511973341775,79.45191581759893,4.473038282160215,98.2816085879122,91.90894053399889,80.6166676129705,76.87972664179794
78.52942618497862,77.87602508053283,3.354427927964605,101.26141582375294,84.37980396116042,72.95341497708984,76.58490073941529
71.74502803207488,77.50332860690605,2.3389165844328277,110.3636643608829,78.5193231510044,67.35289815624265,79.55272548520632
76.78614158347007,75.2488684359048,4.503252064749505,93.32789742744265,76.02503834757785,75.77516121915764,78.85937140908842
84.12931454275625,75.03531579314088,1.9365968475205455,102.08543030429688,85.63233965935373,74.30375036370185,82.53246982393564
74.36275447196026,71.69839430263276,3.682649507757465,99.32315664513922,78.41002289209874,65.87605558787159,77.78698049371962
71.77779604433569,78.49414210101267,4.94118186641997,86.11165144163274,77.41576341420055,66.51856854570097,74.04983196817015
82.43687211491913,77.10486472194695,4.191897735873036,98.29499966377847,84.37992306264088,69.12666794812942,79.79264178765021
82.44966571108722,77.460094239964,5.948342644789813,97.84510705154322,92.37743778282014,73.38730084932888,78.88747776365082
74.9305682462887,72.3698257866621,5.0251091525817735,97.5237915249543,75.192822312468,66.78281037930226,78.86639742699484
75.28961694381677,64.23328540064378,3.3461016116744235,100.47639184872176,71.37484381354994,70.25496248524041,71.13974608411543
82.32049937357637,80.48576355876848,4.027313379851439,101.1351031092008,86.93286121480287,73.98545126612512,85.32843720542694
65.51915658502676,72.60581271995798,3.952629297455564,93.51557231339005,72.51043183715977,66.24288846282876,73.29341925087
65.92536225623445,70.6861211797844,2.4178232366538728,119.09072100956897,79.17664761682158,70.03874799352779,78.05227745130894
72.81555778747564,78.46739455956997,3.0596010835156466,82.45779056195475,78.49716454920332,70.27807875780921,72.33488176375731
77.86552848288153,73.03993680040435,3.4392390930201397,89.18544837295156,82.87807295099108,69.94360832982672,71.32125563872474
83.10907565598005,80.29968192023311,1.9637794971440634,141.69945436335334,89.65903376529322,80.71504865380116,90.82906771116306
94.75356216949552,78.08502974788348,4.047493468251643,84.43012967516155,86.4229115973988,76.74195074518315,80.38471638315552
88.5765962320202,78.4178466160024,3.7509281553469593,79.69367987935362,85.41376466885853,76.77264974831893,71.31910377440371
78.40061470036574,68.17022144399733,2.327106098688426,111.01715117501827,84.39890541531625,69.42752343218909,78.2995612302625
79.80983792097311,81.059719926932,4.404212865277332,68.84320219339189,85.01224531463743,73.5055673872851,77.01134392928232
69.97470635362191,76.30625265616928,4.71587274469096,96.47089135041341,80.51210643155511,75.08300792065087,78.04167043416291
79.8148686400761,73.15361430376899,4.227034478864889,132.18737387614732,88.54333104662587,77.6605497882221,85.39818732717247
77.11341361079862,75.71694233671126,3.67593182479103,76.82596116769899,74.3332676636036,63.488205486206425,73.31948997881318
83.22718560338089,66.11882383550841,4.591442151751854,70.2705327139193,74.26962115214495,69.56258303695422,68.00354100819425
71.72769056447677,77.04326405740335,4.680220360476691,77.51228197063452,73.16919446076264,67.03199015940122,72.8619985390416
85.19346514241172,69.85314245908964,4.307403569719688,113.47539352520478,88.64419525648695,77.12705956253821,87.13457891435061
95.32738913002578,68.23664857078232,3.175387749565239,116.87165079978719,92.59755040791903,80.6560276702809,88.49259343757687
78.91239851543142,67.38820406891054,4.276600765511181,92.31116804532238,74.59160545147793,71.21973203203513,75.91066622542917
84.01711722098942,80.56344187494963,5.195480650825479,110.24818606001604,87.43907204279405,74.33982286790956,84.29322579175334
86.90143991711112,71.85368303153605,3.40337094138827,120.85382991267984,92.15057060504543,76.1025944739255,87.78568348596046
75.98779528114164,82.6686385495825,6.097939339132431,126.81019621644738,89.82130944757047,77.35461135897062,83.42040310503805
82.24092481810416,72.32099268473851,3.4743690660146154,96.30497078230228,84.13112512557386,70.73969772000243,77.44101212883176
80.12592400781794,66.46321021203526,4.032407013340136,65.4779242349502,74.6495157460154,69.93386438840362,69.34853765736992
80.97676098548831,69.4173778002567,3.3275144039936637,87.6868161638547,84.06300070981806,67.46257388416097,76.70207425945516
72.26990216144533,81.1790581000347,4.22327083592026,93.59793707597113,80.33871220099243,74.67435135943846,80.19522225347552
80.24510174258943,74.22050911031667,2.257778307364725,96.11591805132414,80.67959665177892,70.50572273627373,79.01387249346831
84.9799829124545,72.25856351754699,3.453958201183279,97.1821089848692,81.20211300518284,74.83230945417701,78.6238663198983
94.51143607795042,75.80009112926393,2.907878799651433,116.78341896896004,94.39204542614067,84.82784943275539,89.9194317467579
89.59270826085206,77.50891368083772,4.135338347892291,119.11642640031371,84.96373530520408,79.88653430999611,85.42220218109408
101.53182457511556,80.58699407951231,4.994447375508908,97.42489519112824,94.37356728168987,87.70864570084942,85.26570411856825
72.3265243711195,82.24249614946463,4.646006187114551,116.47727314077727,83.97854669750201,73.68281195891419,84.59637901376408
88.72320636720679,73.20115677105457,1.6283406391411077,105.36492049946634,83.46435581787529,81.45532098590618,83.00249876744786
81.83342005738352,68.36976156958981,6.04206965292788,100.96758959293858,79.44056586748121,75.8494625808536,72.56929295553087
101.89802933217672,72.93267419438362,4.295279940620868,113.59816235664945,98.40694998024014,86.99926527650177,90.1517502005105
71.91701714644849,76.30140253291444,3.223500859507,101.08378072356874,80.08017081098791,68.40132363062875,80.16832160067673
71.60278157819224,70.18120536894695,4.157127918990941,130.86716765646645,83.75026372409458,77.54766525232557,82.66182201060282
74.00607354555977,70.21424542552478,4.1761898225026926,78.42383249808161,75.08873848409998,69.55616264924711,77.64330568162563
58.76104275690193,76.71893940774943,3.333151283048436,92.27243651361974,71.46188839565136,57.39550134639722,69.835165092087
74.74244978319238,74.75673824214775,4.197916667342075,98.10221654569075,83.56706902868783,70.3267953309449,76.3974103781802
72.40867338446301,75.16398497705794,3.392527712379693,106.59179035686986,80.78143057307177,68.47100341667976,77.75982203385487
81.50393786476208,71.20752332649965,3.595638007309977,119.01940730654633,81.90303185091496,74.99936921377348,82.9998253838885
83.4175597577716,73.84799642897116,3.3137208642449156,99.63402149145764,89.01174508691639,71.4264239029032,78.98385556252222
98.76170839215887,70.37883427865847,2.5673287102603473,78.66655525740688,87.59556920417093,80.22041058463587,73.61135271618721
89.5042383818605,79.45099205562393,4.145836470215384,112.63770844682506,89.76178095161877,86.70576325152688,85.77332603033688
74.23096344337597,80.17624667361876,4.585299436516338,111.32438149212946,80.13155681096609,73.90202439624044,82.56581590364789
71.01585328651642,65.76906068880953,4.5148835960763725,70.87212010930891,71.05229989424461,55.828540255755904,69.6933590744034
84.91919171506505,70.35244569903794,4.819925252635234,99.942937994938,83.68439367657191,79.14846097109779,85.93218890088323
66.79766792979358,67.51735372454961,4.324340210014868,76.14787253979553,74.0384889693195,64.8981813464946,70.73828272876099
98.31458765854353,71.74988032796551,3.4672745017830966,90.03023353746906,87.99731024333306,81.6106235517252,78.89584089936618
91.79440120721287,74.58281015104819,4.839663864431189,86.457866095558,83.5354408854282,81.27474638188592,77.62443169425882
75.30824347895295,67.75177390150735,2.6424824601580648,112.13897047362978,83.35908490537823,67.63524852860041,77.64631185919193
62.868654709091224,70.39070093437343,3.0993286174875196,101.75245261258276,75.98780669727343,60.87374398653737,78.27356589880632
93.53872374165412,69.98021313959251,3.0357999285767554,80.71613498865959,84.71618690612499,82.99010944664417,76.19183395823896
78.85460154747382,76.03633664699473,5.08005605913931,113.20098944436013,87.415476405646,73.53294268862405,79.15064842138867
92.37816311973462,75.34672168518125,4.942788514140076,78.49291264107379,84.87289808282374,73.23061733853343,76.71325263652324
64.05572341205632,71.39131223331373,4.487305237044994,104.95170685706415,75.58592257416734,63.46568803496344,76.95543242222342
74.00624977046228,75.884104360697,5.071929865211797,87.78983996062667,81.32848981977853,68.63098253825756,77.33358697604417
80.05243699718183,72.26659957706367,3.120717217588012,94.5148437620422,82.79719384794177,75.84344391980522,76.4185394536538
80.46980593764742,73.64172444836973,4.34859511986098,107.56406122057577,83.767268744438,74.24450335283335,83.1911801544453
75.49934528520757,83.36726045149268,3.8748255716168356,107.82174098589293,88.7687691701703,71.87796898285318,76.71385024073462
86.22849932347499,81.70230525895174,4.846882103884914,120.0545361033394,85.02597055210487,83.7028709022914,89.60162594713887
69.32379570617405,68.50209381536202,3.8847757674478025,98.76619450492821,81.51046240969187,65.92216391151779,76.05429749345214
78.57620514978707,79.14866208939587,3.615057111589919,104.5967629444501,79.19568221708911,71.54656946865828,79.42518585808187
81.20295631711899,79.05698277245796,4.54090851856099,93.43394016393513,81.57817340062313,77.79564789463744,77.51428571339794
85.14438834058748,69.2586835562369,4.876169167191232,102.72984823934196,84.26063319616713,76.27995674980357,74.06133290129475
87.11614878088889,79.09388821877431,3.3316548051531982,106.59229072012768,88.49842246843312,79.08963936485459,89.68990760701338
68.75357908162131,82.68965959206277,3.938924328647624,98.52535228818437,82.30188342901079,68.57023220330349,76.76365235159003
64.65885829264377,69.38727596877793,2.941559366358347,72.94374273861256,64.85500656548291,57.049295265589144,66.55286729849753
92.7767682189851,70.41248589492868,1.5019389825070606,104.97206344496342,89.43903691766373,78.81299702458884,84.27808265673404
83.32314011979592,80.08830733421752,4.200459631413729,105.46842216033185,85.4671563607117,76.98918152339397,88.56564330184517
72.51513463443446,76.35747655412824,4.608905356254632,89.79739785478074,78.47060332804958,67.63721532751582,74.97652295715811
95.51151975522524,77.75738137619761,4.2620668090867255,80.73419445891228,87.46170308376941,85.17529940362435,78.96097773180244
81.15674634292859,76.70294608200248,2.050438282245633,122.13818725755948,88.50074523385042,77.10571713431918,86.38951783811794
91.79297184063826,76.95347960464072,3.6491505699235254,107.37168266341602,89.17200689399387,84.13327411655426,89.56181747501718
80.67518481410109,68.36763935844459,1.7816522399489187,96.56378453617435,78.80861449552543,71.94136850148944,75.44728756344173
100.60747924881987,80.23658853310724,5.369701107654185,82.94450675278769,92.36240518774734,88.41209149319594,80.95385379748167
97.55340842443204,80.84794996213887,2.913945417881914,87.67277757367981,93.68818577464998,84.95289061596263,79.3382152933413
77.51035851520926,73.85304627965986,5.255403609459896,119.53885595179347,83.54956669021374,73.79651177734824,79.80345844197839
89.71570950954356,74.78261525093069,4.945869643684146,102.0649291130207,85.59390948330481,79.44717936470569,85.67904617026313
86.45375949585147,67.34446248722139,3.099409647463938,91.7411939949894,83.92877875485195,71.9618926803276,75.3122493605905
93.68631557532349,77.57127378008917,2.867215048732255,107.64533846836984,91.83281744106263,84.29804661333107,84.65325832927289
70.35076539419896,77.86028720857072,4.350370216386338,87.78402718830515,79.0168057209282,66.87534221509354,72.70000516167039
86.8605145999844,74.68904491500345,3.155675962816929,122.51264545420568,87.93767582150262,78.11497400414997,87.29042268457121
90.58424486849587,80.62176679935251,4.102484642158208,120.29200802345088,88.6089857666894,86.23373485996515,89.39398960117947
62.41260513576886,73.3296138451003,3.5171724091930816,93.00138893195835,70.55816950324649,58.01469390691211,71.01415374198157
68.16741487334225,77.823029629468,2.2188415855343666,90.56994629453709,73.46743191517733,64.4764459516088,78.60272090868652
59.607678222398995,69.90167830653942,1.769531980875541,60.7280020196158,62.86053100493114,59.07785224113502,65.90445393695566
77.30593165555442,74.88223924562881,4.226684248494597,77.77628842672948,75.18502806885004,70.50687293274157,68.39268492014743
87.17542255795962,74.12822871048581,3.4384422536693746,79.90795337563365,84.37466564662857,75.32196205684497,77.2794511269699
95.02357052096028,76.1265396102047,3.4469101830858677,102.02785511481079,90.23555839754475,83.5399373938572,82.65110101067135
80.74094780419775,73.15236535583321,4.695863839093786,95.10649443337961,82.25849227575584,73.59352009407915,77.2194803262183
96.28615545571292,74.34263702164166,5.173442276632445,79.81996768877138,87.4001102750893,76.5895740354387,80.28174486443834
66.19898541785109,79.13023585720754,3.7274552786381907,95.78253936303165,76.95268214379452,64.44865223027526,75.37838334999923
62.96617560644845,72.81617881380892,3.6594012930901387,107.58005721471022,75.13750568825304,68.31645194095213,76.1516283469821
79.44452301103381,66.9671144963066,4.500143033113884,107.9175902487338,83.37773027869798,70.32393762973487,80.29353233707909
83.84065448939307,83.7479195210271,2.6430644303004245,71.50494578711678,79.22303329998064,73.51387457726996,77.807790668174
79.67305251905907,81.90727039345244,4.223153054747697,98.07604779274254,88.6444860215502,72.79034338494739,79.87679990699363
59.325578999601234,68.53868652447191,4.551885971822154,79.24988834542584,65.81994957330399,57.42221646642551,63.82080447088794
79.10879960487212,78.44853902622597,4.680230208417629,113.52593045710411,82.32752320887039,73.22623514074775,79.8764567476366
66.95530499495146,72.48512614724328,2.063247297497535,111.76219624530248,78.34617439143429,67.51297708717371,74.76891722077085
86.69672548830039,76.3174360766553,3.2386447301910595,86.52959160513312,81.31983491385004,76.8502863787145,84.54039177365975
83.66598246096848,76.47112064506747,3.1217367471765334,88.509321963994,84.78436909504757,76.9775623220327,75.90782327710679
70.60120213672644,73.82796099841839,4.099886954409213,93.08099424252539,83.10399363996189,63.69157810284613,71.01664020684656
74.86133082663306,71.08117167206802,4.480744579767984,66.20809907902992,70.08499491404618,65.18089574762453,69.07478795907413
69.40786478111049,71.5472947384187,5.496710407445981,105.03952260160865,78.72281337281915,66.3306332224191,76.1945702633441
79.37320902726829,70.41904042259378,3.505034519631927,95.90733180489804,75.0777696872412,73.0159108635985,75.89538729583963
89.55142320501238,70.84088895884777,3.502427501690786,114.55262623851789,90.6504619763572,77.32487349717675,88.59244112916218
70.14273953664457,74.66410854975322,5.149672018878747,83.5238617305617,72.0332004818494,68.63278021965647,74.20926154304199
85.04046515517844,71.42120005444625,4.296576938530305,90.71315577625103,80.64437758772287,78.36873914702726,75.81341625806391
74.69742381627559,78.4102603285631,5.267651511187974,77.40212112941327,73.57511991418869,65.80086657663134,72.6405815325641
72.07127167737656,82.43623077667964,4.288728003009837,84.9356415475862,80.3789598596746,67.17982743214077,74.9653338595158
78.92969640045442,72.09973379314978,2.842883381286729,82.27027005897672,80.85502376051596,68.69328541805267,76.1370213240742
69.64757677580626,76.19702250267689,2.6668716452221934,114.93960518269668,81.00765898374327,76.6857568628435,79.58357118791074
74.46350694652818,77.49842555151467,2.448487750941071,89.52607226872911,76.03806425155126,68.0855449645632,70.7077530270253
68.02122107411151,77.36001135459637,4.662051834758473,101.8626352711692,82.82591528945593,71.97007995244735,77.37037842087504
99.6472513291639,75.37977633958043,5.188596823087008,94.28854894207294,89.56289765391539,81.01212465661058,79.78543469017885
80.35263551971728,78.71341209179862,5.849362141386381,80.95802100980781,74.08078490371612,69.66604914681642,83.26075687155924
73.00274492007415,77.41124476340329,4.8431053323232405,97.47549365242536,81.07932218264666,67.45594220765541,75.06365685279668
82.13979910734221,68.81168788836351,5.162838577534986,108.98654997795393,80.71267575259989,71.92408796328736,79.7020838725936
78.8767195030917,79.34578032194636,3.4199836673463153,81.88360911184972,82.92664041773186,70.92185084168841,77.15983601187385
77.79030400466777,79.4364541863337,2.8435841832561435,112.13669186097069,84.29437195873349,71.93316623632559,82.70640898662722
86.14166700043425,71.18356947910709,4.850079332417553,87.25418617783455,84.17288923439051,72.67411586890347,75.98689513169582
87.57507710047305,75.18968917723801,4.4176807522394,92.75524110890738,89.54176264006982,80.7756922712661,81.4653430495825
74.69498852389472,78.41664496405535,4.107444374340893,107.96024684515072,79.24870496376603,75.37847209663656,85.95998078661822
74.2418175935532,73.9534309021032,4.38737148063299,90.04845764170769,76.05755535113518,71.62724914391256,77.32666501688101
77.24948302848355,80.36489023883006,4.323185482458205,100.56362289003799,83.05223849417303,74.48334556885874,85.54572618467594
56.980788352644154,86.8193624730968,5.2838168598535615,95.27963756817861,78.73316607497524,61.88692014634773,73.29460609177414
64.84808937801448,71.07006983682508,5.294985584816956,101.94052010055728,72.68752006482659,62.355326090713405,75.11392051076233
93.66874267444524,68.09477698423113,4.544220352340347,64.28891341714754,78.79149806330848,73.84404186419688,72.55813315933881
96.44967713501283,76.51909297802437,4.8458028725629285,72.55477277187876,87.6105230292132,82.00266955135481,79.46137783059793
77.50963960443622,78.60781252563072,4.514062552424776,109.23950509070258,82.90478465615861,70.08181185446021,86.81169845902924
85.76556963055766,73.84566813077616,3.538830267965381,115.55772108473576,88.95949014694821,75.15636775223376,84.02582550348035
83.11250154543536,82.26630331660517,4.75656467491314,86.34269944702719,79.32572586169161,78.88942777139073,78.92292125360419
110.78880808455239,68.30697100138376,2.6055049311407386,96.33957471743298,102.05795060696178,95.73113414103182,86.63709263720456
91.19574911434577,78.46459311515805,5.053891552295883,104.42078879353453,86.48367171472859,82.53772154072155,80.27323472889744
78.72082408519233,71.97069589620553,2.805477060233965,110.39826402488056,82.34656321048672,76.2663791957519,79.71435700192862
70.44459559399574,83.59688953103648,4.285803286794733,69.58484092493727,74.54947006244946,65.63565473144598,72.20862214701047
63.93553679742428,84.9625767658406,3.1548460415738413,86.70939629532434,80.85196969475695,60.327239107049444,72.5551918767099
82.03463635867223,71.16671706108326,4.553388983074427,95.01130930225187,77.8503967136207,75.24710991180838,80.68409043912884
72.43649254715697,72.2522143204571,3.966074774072091,110.54710295854073,86.35105104526723,71.07152413545708,75.67679949604607
65.77746290402325,79.297939434899,2.4052440418366676,137.47645725582242,86.68545960113555,69.52924142080039,85.7746964203063
73.53427115757474,73.06434675105243,4.420699631018479,96.57991409785423,79.69577836004555,68.10636704332727,76.97357519277863
69.18451996385605,74.77294391033881,3.422079223167289,78.89533806844017,70.19151762998055,67.58367422528543,74.96203463830584
96.87141635072564,75.12694210271205,4.881146720813369,106.03402115801947,94.38213343597589,81.28255591857865,86.32120973928683
88.81639756949451,65.40163421901173,4.001325688734407,119.81493684311064,86.22134912068695,76.43044990201159,86.1679668049255
79.92027358683383,74.93081126952882,4.395420985388038,101.62021181469251,87.0029483953481,70.51557016573283,82.11455887717439
94.79944138890026,71.55136112967914,3.042431044984788,86.40027182268561,83.53624041506627,80.38912623395052,79.48718214946828
80.77368307647619,72.53438588800114,3.410667768572638,114.36990912220028,85.0227304225675,71.48546567623546,79.08139649915891
71.38715798671737,82.21816001734408,3.5413613638989156,109.95318427747652,81.03798072640758,68.57265481809105,78.01916909419377
95.23124077269657,68.71746552860373,4.856702480242555,84.60878733706564,82.6757188730858,77.71151986438791,78.2565768538108
85.38910043684659,79.06602593373988,5.677377087805489,105.72138426301512,90.35033201065258,77.40471658693613,82.8970025117667
69.62753845673544,73.60518534834095,3.1948282482571235,114.95898351488309,81.81298060290123,63.85081798081154,82.30708906736022
78.09661321916391,73.60119915752082,5.0768481446576805,117.7283506383834,88.80905189568365,74.12034261741842,85.30064806434774
71.24381746615242,78.95185948025856,1.830322582274298,99.00326537035816,73.95152658482833,72.36193212300044,77.42542077856868
66.17200269035663,76.70025647284446,2.8058105989077107,94.62880830731022,78.4949331154076,65.19318891635496,71.13663829108468
89.26177547531641,77.85306498609765,3.0412215438132253,118.40910733121893,99.48909757018329,85.89667460431654,89.51042535023252
99.0941664047013,79.84092330266431,2.6474913105592774,81.84759245528673,88.77870454773237,87.876187437569,79.46979271447624
66.01432426180858,73.34345808408338,2.4164116102124202,106.57868936381509,82.25302442624047,67.51000141304814,73.87342282586897
85.62969236690572,71.93881632746125,4.412998912137797,79.44960058953356,79.93822727463224,74.37589616371346,72.05053701061482
73.49357430878173,69.57424736721102,3.7859323022721387,115.98064408389405,77.07655419887627,70.05515286206418,79.0253190400134
75.12874616235304,70.87294735010522,4.37940539760511,96.12931726583258,77.57316395191474,71.59410875086643,79.0876199170586
74.07606075761132,89.74547212654363,4.690472686121513,119.02874853471204,91.38108089534914,73.59164117344677,88.56664250382649
71.36009230320184,81.22339790368393,4.265616993172533,107.3711913453329,79.43333604409534,64.57685354210605,80.05037116046014
80.48521627944827,68.24462816895989,4.6577631761503735,81.65169654907105,75.71109624082189,72.04701353629196,67.97815997497301
71.69049883588963,68.38771021628214,3.9304677137577304,121.36941598115865,82.80911074731652,65.82862382447692,81.45053164382261
82.70456825779839,77.40933030859246,2.8130066116942554,123.26867899641594,89.51930003214527,74.82635189263739,84.67300952384873
79.49761890550863,77.73632398688983,5.057814180820796,113.23429738898824,87.97621640216121,75.0757191416514,84.363614598253
77.6105195313359,77.74441917658682,3.410887867218873,88.5761820244567,80.89839933253222,71.02852791062605,75.97394636848257
70.92436337958402,73.72522103223152,3.064403701237574,95.40979068463886,78.40702246516771,62.91085485383748,77.59403731191148
74.23228669431667,74.3727286999855,3.822082124195602,102.18140826108639,78.9495482643622,70.51074148751472,77.66573269610448
87.55391225825755,76.63939762079679,3.087189080703487,89.4443440100285,85.66155595153504,80.01179917077025,79.56931802683947
85.00917187624381,75.42946503146665,3.582569618010568,125.38519858694806,87.78660310966478,75.60314824173814,89.01546410726479
70.22444755201448,63.90349813626233,4.344053921563466,102.16489707589055,79.01595889173058,69.38371325075283,79.142386424106
80.99332305429226,73.85100184712402,4.348341739246127,59.44977929338964,73.07392796343395,65.0654938298739,72.01843453044728
87.5138712337179,70.74296782869843,3.1021699335743707,105.09033719134331,89.69465285974275,83.82813945157505,81.02343997042088
63.305947188786284,75.87605709454256,3.512294627051255,94.77763904774031,73.0217271120605,61.75399180820899,73.57305492229153
85.43360192379934,89.92629501301705,5.074333004770244,98.87610165822328,90.58334013019842,80.07731461366303,85.50619556664466
73.37376241054153,76.83740832737152,4.496400117733941,94.4707095132145,77.59699196522642,63.61234935743706,74.18924233951569
85.70598668593159,73.432351569138,6.075065039348542,112.1056962491003,84.86335827395803,77.74173025482352,82.36416809041307
72.36740843457483,79.60900750988625,5.180128173741528,116.79531667830072,78.70920146047168,72.22523758108095,81.21322703882753
61.95117899335481,77.41343943604606,5.144293068559939,104.2457974338798,72.3972376453458,63.333918021167584,78.34392794256645
63.72457562116837,77.10047245225921,2.612131449544198,94.91033219292761,73.26398257015413,61.71784299624292,70.86337985931078
80.48084946661382,78.03425296607836,4.763860351633422,99.37994192786245,84.63871258035292,71.47004694555011,84.91715224526625
82.59722501721483,85.28271782414771,3.9468931983030893,100.29399424866442,90.36805396526469,80.43054717846712,86.81392632759159
70.95683374895592,69.34555782337043,3.4490181964617506,87.96354940202744,72.8824235421502,65.67688997889042,71.59501852211407
86.38592458777374,77.36816038405728,4.168015340532529,108.68392972856853,85.9111155960695,83.21263846593612,84.66018209757225
63.3847993773104,70.3680943500923,4.9452115346114836,106.900634857907,70.34933176071732,61.70963607127179,72.95777406905486
79.33920201352683,77.77756323171124,4.500831591004212,123.1066185966501,89.51446770841953,74.61539479310713,87.174818518599
67.88983800237543,70.40656744256952,3.12152619865794,118.83024670432712,83.2946747406778,69.45717631402616,81.96964637324666
73.4816389219784,72.91316593197458,4.74245891359262,89.71487623614804,80.8309811830393,63.248425168545324,72.2403765586918
80.47398671316414,73.52455042881047,3.362412457924036,112.30447561763447,87.22129309898622,70.91560084075765,77.53232069181446
71.39586634716048,79.87908359672355,4.216683118964286,85.73569925358292,79.14609636701312,71.10102967895521,77.54647538864818
76.15444455770175,79.59227221971207,3.696649932522866,110.43898151411274,89.50523657996736,69.50888253555743,83.82058304633337
90.0629280921444,68.77141311776808,3.781133748264374,92.25078701859839,85.48740314419918,71.93807850961889,74.79671408731626
74.23108130476851,75.27467055499925,4.76624297504051,84.65120164936623,79.04319547433386,74.14090892052091,72.05675535928552
88.35692112065142,71.45210072625413,2.959806280184102,104.20068014046106,85.78785584875659,73.83916851608359,79.00474478168954
68.70293145342382,68.70747544662333,5.945195074276933,59.881493077687885,63.448396371099896,62.09828097155994,61.78242533813724
85.29804177915283,73.91491474787814,2.1789139307055034,73.73536638392159,77.736913282296,73.76049162670284,72.94500885635978
94.41568620657901,73.4575860577209,3.402332316745143,97.33762174338575,89.02539938535347,72.98303939165042,81.75285365557802
55.283554998727105,87.13358243172762,4.370211889941741,101.23662649952264,74.64855483528446,60.3555822550248,75.45080691547572
72.03104744529523,77.16479912680349,4.58431416643531,94.46021844762717,84.2942961314238,69.90128130238139,74.50344416268227
85.7707212718054,68.11191249622881,3.8995242794282947,76.30845551923602,79.21440941933459,74.16854138675201,71.95167086999825
77.96954613957007,72.17612997914529,3.9426092969984574,87.73162236792241,82.11472779888989,73.0949388974737,75.2886874246382
83.71145873371309,80.106916477147,4.410550085327617,105.8681399085609,86.19725557551664,76.11365359032979,83.33593209181755
73.9601481328418,85.44221386434963,3.7689305225423197,108.72672655942544,83.79994893256941,74.85161068704825,87.587952273854
80.865897874729,67.0700834388102,5.393181257934906,99.75665323606088,77.05759983034288,70.38055165775882,78.3602063789106
78.44322764607921,65.60037807430477,4.839349114231602,117.35250671555482,80.62917946123545,68.1737955362488,75.06461099899303
91.67782061659807,84.35482587685891,4.872824351005635,105.96095535188851,94.40577575092624,79.06785038857635,90.03762232258752
82.54420843301213,76.94807088685452,3.033843276629583,88.78816519062681,82.44022338953313,69.71200871831758,80.01124062155333
83.37602662075201,70.65853634061817,3.920611575594297,95.79246919882574,85.26494506957775,77.15738922169042,76.50822665414589
75.88123033877532,77.67314543061218,3.6995340512792962,78.95700764188217,77.94767557711083,64.78530093152811,69.64221653013043
75.12393775927507,61.82126130491561,2.9943986243105343,98.37791514412875,75.0260089674558,68.39796281534,72.33352470766094
75.6744181218038,75.0168775329858,4.360164183945767,116.68150928832009,90.5594811882171,71.71442114468871,82.51035244496063
83.94452142378297,76.63910586421542,3.4623542422201834,110.27935127066452,87.0843874433719,76.76075885804944,80.56325101722064
75.79015519179737,79.62135069768915,4.655403829850237,121.03013988878683,89.94205407506374,78.05773951207905,81.18777473450932
82.89774856896413,69.93052023853731,2.9298084371056685,95.4567213430151,80.60872784872281,72.2481240654522,76.88252362806348
100.75400798645438,75.4284358070168,5.719040612841821,120.19149691771386,99.7445366183099,89.9639503909806,90.60407546394529
88.71124703431693,70.37287686970207,3.103667341407938,97.10043660328046,87.98198761032104,77.43442404314276,78.25138801424004
76.73976467832159,76.27691877837158,4.219302337200436,122.0737762385484,86.71511936582873,73.47249370334406,84.43380412082259
92.01213922163944,70.52326838818487,4.791859310388068,99.67214878836815,80.51321704789783,86.65824539365569,78.14143609395508
75.91924626978448,72.9594958041989,3.429359569799887,110.60847060706415,82.36685933711306,67.22320470325077,78.82163195125258
59.61875464822146,70.02092302604885,4.8524686434329505,122.12668546464784,79.41761833247818,66.34074831126307,78.75351235940593
69.91913689082595,78.25568120911828,2.770816402199584,97.09858557128192,79.71551406170799,69.5587782701373,75.91837216299164
61.29208078974145,79.29225558328332,5.45211769918256,103.27583481316262,76.97161242809423,62.0679198578407,71.72538541302615
76.48486515958692,73.82689715021293,4.014149264965758,119.33295137809453,79.49173612510026,77.8789641424256,81.49350180905903
80.18418379189552,75.19118997480014,3.40358859203112,98.00495254104905,80.42943304377556,67.74527204623975,75.93303216103506
96.76437312275283,67.75704292683228,3.7008182275725656,80.18661576240758,86.35077730811919,78.43347588611896,77.53531467168173
83.26927373764163,73.50161675996607,4.808919269392719,132.14510581877363,91.82618481786531,74.73184349058761,89.0955553805225
77.80899471191135,74.74897691479127,3.415544708149562,92.95353303494295,83.9054518485953,72.50835037902871,72.01668026919
88.2940558118349,88.10396545514988,3.2506423105772226,102.38134076406314,90.9449496608945,77.82123258203342,90.08977337495936
57.88864690992115,69.44016487112918,3.778463402416262,117.3401000417669,74.83971152491577,62.032269304820794,71.70789563839651
82.35614558108566,82.32088619376219,2.823037887230032,90.87259144403197,84.38028345199476,74.68811827306536,85.45434856737012
87.70865193886966,79.98429386732904,5.820543907941816,84.88198130166805,82.44723657125668,76.25424062978034,80.25356124669895
65.21413754220158,76.40318202245068,3.4336054087852768,103.8060594516225,69.8652218157548,66.2990271539518,72.85288925024668
91.43754043206928,83.79310242097567,4.831616786180404,73.10385403131416,87.25366250359845,78.60882695337197,76.5232509116886
83.38496407494414,76.86052736303431,4.209470083647773,95.6814088469812,84.82971064938181,72.12626728145912,81.35575876735146
75.84712086099199,76.94579597833965,3.015465949518032,103.67557996473109,80.18943668559541,79.97065527259296,78.7297698635488
86.32781866106285,74.73439673491227,3.9940452907872706,95.95072154762254,80.31625802006074,75.27654567837371,80.08892974395307
102.70692857804396,81.11784441209313,4.7840027793107485,76.84823585221379,93.42608360424997,79.3581226519414,88.02721641629161
81.81866255058495,80.48234616905442,3.8117386649136935,123.91266934306017,89.41998263852554,75.43381149579508,86.19073317561212
82.48220586300336,71.87161356251895,5.193112945851028,101.55307230923763,85.30313692379443,70.73643469069648,79.84043077618277
75.40639100459757,68.40376402700616,5.021515392781864,121.46728176642611,88.61207819419933,74.05190397220211,85.36300412482471
71.50155630535208,73.98509681302171,4.918914854658329,96.09945624729333,71.23379729054794,68.76474823478553,76.6187473332356
88.30335816544246,70.99980717801176,3.540343227727003,86.79982027463853,81.0668171877181,77.41213109047541,72.30212866758211
71.43916174091133,74.68237712692323,2.9201575522185133,104.0377138038274,78.59572568458422,67.38569220802431,79.26831849202873
80.71566237219392,81.1871906734207,3.3864123946372056,96.76319310507671,88.7697467710422,73.84374536680112,77.89932654314089
75.22342553234883,72.71349172456605,4.19624094066672,82.33357813012964,71.40289094601738,67.21694226057913,77.08567760936238
84.78979825746391,74.78588309344212,4.5457867135323555,122.04676388181244,95.50217858152212,78.24673108029484,84.07624887710506
83.33662105286949,75.29011367404198,1.8284285952395525,90.66594665659005,82.97894452418818,76.81543319780756,86.96631126214807
90.375399442579,79.24215441102642,3.99188679838825,72.39600422806647,83.55073358484798,78.7206858879142,81.90939363894216
74.89983601145254,63.765553330076976,4.1580892253231845,119.92249080936,80.38571179949696,71.60140876521784,76.1906705127211
77.30125064706628,71.96649852617351,3.7224557436844483,92.43552976281065,77.79113731177569,71.88852536887158,75.70426682184944
70.21236284217693,76.05641846139736,5.291273839015879,90.88264161076563,79.77311294336985,69.609420254709,77.2615605606562
75.55706739923889,81.00039478213431,4.421780074250871,73.51918619455039,74.0191051183476,70.19286614747107,76.46132311508075
83.77300493044852,72.54048776246897,5.310191908080897,126.11412229895487,90.43873498949557,78.99087614950325,87.80016472500158
87.56988616645351,65.61723646979063,3.784039479649768,80.65779119185468,78.82753121337893,77.67598078456015,77.00639126866177
70.77834675822375,78.09855722983067,4.937477492506925,100.87674221058475,77.20143639388642,66.67300371720022,78.06382725601853
88.6960592010566,71.82318805587185,5.635066394527519,113.68930483810661,96.9542791514156,76.94748251521722,83.5055261456434
93.55637858804951,69.0516667045482,5.311693449272661,106.32575399504645,90.54716165358614,77.55014044061069,82.02518081061281
84.13434903223701,71.87827305143388,2.907858406571267,99.10518532011713,85.58227597021265,75.60631209315859,81.779208717176
98.76795812558066,74.07737321172075,3.746323922457619,74.47501212568875,90.29015618569605,76.33718639884981,79.53758146306126
72.26210800896428,71.97627667730893,3.6548352945502036,87.85412746349074,71.39619619387234,68.28987870482347,73.85475123073884
67.55345296688583,63.97216971450465,4.489254535076328,102.81700507063783,79.23757959279561,63.729552400102186,74.61824597156007
62.212797510957216,79.48533098443566,4.686353555014533,88.19238895019505,65.53223966086455,65.91653805344559,67.05586469430081
94.96044311489183,81.37437520639361,3.161107325974264,103.05039189998152,90.51242400184218,81.85653890141442,88.20485356254197
86.54365656354058,78.25760995669754,4.0678385139169375,110.22615113222713,87.82403032707998,78.39716003782576,86.08856117850667
79.44415329089544,69.31157164787592,1.9800726678438636,114.43754328700152,85.3462341589067,76.5371778994771,85.47069561224808
82.7996862631982,73.99254233026241,5.44194500580189,81.60730963280974,81.11941705624443,77.33265262816701,71.06927802334614
68.74510952701624,74.96739342385271,3.4876257593233064,132.9496908246843,83.30102930943795,67.8438189621256,89.0426166948458
104.45751979616827,77.99397194780956,4.055863939844497,111.51219016831196,98.29898387619068,90.37545537583999,91.24749923780297
81.29221181975228,78.3417024435904,3.6903502860119386,99.97428769496405,81.57844013997955,75.69338831171919,82.73843758198478
81.09394794604893,71.32913100610752,5.146027575013415,116.3430487461496,81.23722859813546,76.19206281783062,87.74525947187523
87.25766623898691,75.4099777820678,1.162493558602621,135.4811165799996,95.64383399298217,80.31322933571907,92.06822796733022
84.81009231736714,77.2864020230762,3.983389657674091,78.41919848414696,83.75426376581179,78.42774480358854,77.76100144251618
82.23884024279131,82.27911161073384,3.894181242502302,96.62106036262969,90.27026692686314,70.18154017747011,83.04956255157067
72.09525544554688,78.52253269912362,3.5463636124083173,64.32352510190007,70.45367762368575,64.48525797418044,68.19999112566664
84.71468357135996,78.94528343687759,5.726226545635632,102.88977298972037,89.26994970015365,78.82325898204593,83.4884283019033
98.82024496475034,75.4191331396468,3.1126705411442286,105.48091362887712,92.59219201906487,86.60700645962974,84.5043174353065
93.45420046154977,82.05229572601752,4.771796177235661,99.41256826835861,95.27390717555586,86.95969295853708,86.2923892242705
95.93186626639397,77.04881397979749,4.356252788706083,90.18199643502535,92.61849022304632,86.01738365777288,75.79023040773414
74.88784323568815,70.69456044913215,5.261519252535516,69.25728225717512,73.66352632694567,65.66687330628872,70.13484430523606
70.1039517974142,82.01684985062596,3.3328109152224945,105.60300525117653,80.09232252565448,73.25893639580542,80.37338666820128
78.74213079900352,78.48951636269514,3.267031100876241,121.83151725872987,90.49372340596868,73.31091135656939,84.95776855459273
80.55724912288694,72.78477989435758,5.096069907477398,91.13472316399852,82.79132372306789,75.3070469081268,77.4884522235508
90.94191518470949,72.60253516300378,4.42532130833011,106.60089893534717,86.96110885289978,85.61984560305716,79.33691978180434
63.07535370285181,76.48287772570382,2.4550626533232416,76.47783529869923,66.04021747377092,64.679909882619,74.7912854136742
95.29550319460614,77.31592397633793,3.4606949855367297,106.85819595538771,91.69463877779029,83.98968695669609,86.44037140113166
78.4199210142101,75.98646132815603,4.386382653848061,94.09926553383015,85.81063172374732,71.10247337760872,77.66580131814362
75.7311893005258,76.55654336721443,4.837764221546589,88.56373074095629,82.46854170697226,65.5043978612308,73.3123828251158
69.87895624739832,83.4997868728819,3.3207693468070447,88.59454538175804,74.7034177875843,68.75048150961449,77.08219251818062
63.451433281342304,80.35771576117443,1.0857440101830589,94.09582626950485,71.257498776243,60.31490846509631,79.02621412859598
88.23170583961914,75.95317795632512,4.5232231857370335,105.73649973538804,92.32548012139688,76.7762273963072,87.07113997441947
80.73317967188405,79.70655290383742,2.779679310056024,80.31755198206723,77.21312632023881,69.11870411090021,79.16222820854706
67.10039100258946,69.8373804823623,1.9826612018775887,94.0432700264822,75.03621574241365,62.449126822892154,73.51248303562576
67.04921227936384,76.98963524973405,1.1676740750158592,99.37792333001279,74.76563514209731,65.59810591460702,74.85462214477052
76.64215300709871,84.04653174866556,4.813980860197741,83.5144116320221,85.57045121413827,72.44828114671144,73.86146913752091
96.69021525289392,73.90977052303813,4.128617450404967,126.94997802512526,94.00962173601032,84.10242289765512,90.32464359332558
77.40408648636395,70.76183035690458,3.774343619287748,87.19756779907988,81.17762486261559,72.8998602242216,73.18388718773312
64.96857046881894,71.73955555703469,5.389024362962761,89.95844629549764,73.09131955909676,62.23918468457444,74.63074191079211
77.54256935914056,69.55183481328805,4.637324683023072,85.32538075266253,77.92222830509435,67.06901182191395,74.03861995105595
77.2727643025233,71.07619045936148,5.6163000427219165,126.97720130707177,80.00538381070244,74.51712361009596,89.03598539138846
53.03113357058429,73.14745950704986,2.6072645278330038,108.29357842899222,63.77050671637169,63.42891484007451,76.22527378053277
79.45705133482188,67.97216490410679,3.9654493760460365,85.95111990634537,77.0452462367147,71.26580240955899,71.73909191657023
77.69065469791322,75.07809166974802,2.3832866250519857,116.59347338289953,85.66649637921596,72.43912027137186,77.45890682689624
86.96206364813418,79.51138586893323,3.7706176681445327,103.01048041433317,84.93801195121497,74.17524110255881,88.36811189764296
98.48956094945345,70.46121909926539,3.7513841462333226,103.85880131667253,88.26396465103515,83.28876197289952,88.33691954533755
91.26565029547757,82.59641961820884,4.626613637263071,94.83284186871322,91.5253986601488,81.9294040267903,80.72183067598789
77.3111130944517,77.55396044263797,4.045563881141899,88.75876019564541,81.7666165486319,70.01514967911062,81.53916279595583
68.9347409125833,80.15290292812028,4.623407138279916,105.06649148581901,79.57565716455574,63.36426108086093,80.8480688989974
105.7335980324986,71.71082723073931,4.703440133138894,91.82369155006614,95.55573467235644,84.88334126545722,84.54790570390963
80.59218434014488,79.27262613533308,6.1549286773831415,127.25133444362658,86.62103287997556,81.91407752591779,93.4671284314328
80.13929291912946,69.54033049802344,3.6847033447138755,80.96063342135344,76.42453787645293,74.75817853888049,76.6848394516855
79.75874912889996,79.45123750418254,3.058977299333621,123.04235159282418,93.57274668155397,73.69571235977845,88.88154708943472
81.98084760767856,75.85919669896765,4.246083615316409,98.330217268033,84.04380101848726,76.63624835433387,81.57705101863229
78.55639588076058,77.76625609992392,3.1977199728604564,104.48628601031659,84.20404151346783,69.91977099244832,83.12383357429704
74.26337993119763,69.12202697187574,5.481960768436536,112.49736649944151,87.83380719179672,74.39331492586638,77.67428820658786
74.53141058759608,70.52465078861698,3.7167819610547674,90.54626057493346,72.706004343929,68.98578830756257,73.59806158042024
79.67246729784002,77.98614109126693,3.4344236321260095,112.96372577047954,88.55755459353492,77.88944803306755,81.14534014951394
74.56575228866235,70.258259978879,3.528684278848882,59.38684216928234,75.58254983916054,59.93737597223872,64.84992353508146
72.87154217322836,77.31603146049561,4.7184174234716405,89.20015700167092,76.96787988794857,70.61090034432506,74.69577546409843
81.06430227691897,68.16431096769877,3.842253016768515,86.13905788988401,81.1723736689873,71.24655245930288,71.79020138627646
77.45022782579144,79.24087106333334,3.358333179869618,81.19740981442358,76.12663202113468,73.32967241994338,76.1447587116025
95.0399298858269,68.83738342615746,5.665351917623531,96.77567742881573,86.03265346158412,83.78014094566511,80.11871192895678
53.49030191606988,77.76149968839762,3.14383015933825,105.78624952272543,72.70013303317603,58.73684312395206,75.57653151581803
90.91506851922462,78.12815466823001,4.035566074032993,110.53989997748958,93.8032172823143,79.82972973304528,81.89913048865543
92.4608519249763,71.51614090785212,4.65230615161023,103.61315135800612,92.23593865882478,82.94537363405631,82.60578132055491
59.2660976759185,77.91013283542364,2.3686648895829268,90.0145980265968,75.95476054368247,60.19954796603842,72.19748659756414
76.57312405919652,76.30221131666778,4.480260501405925,105.53524656737751,82.52996111254915,69.58751254514688,79.61678474197069
76.28559134004209,72.30579071903631,2.9448923245195506,101.86428542276276,84.08271446825421,67.95297402818768,77.19862079456809
65.92488305282178,69.95722657961896,4.822782780834002,114.04084251904024,76.21314175184058,61.001244428667135,72.23824556238971
72.22183312409125,65.1868715416371,3.037348988081024,111.65405054397274,81.00779696690422,66.30874065729836,77.17984485209604
68.89424154534171,76.74825023649846,4.692769031848861,100.45714620880943,78.6547683821237,70.50926263679366,79.12859241288281
97.52270443423623,67.17598614318972,5.1058330662947125,86.54120490758115,88.07000606946652,81.64701308568357,80.00899385699755
89.35678393147461,75.47672099720654,4.861436525632805,90.20574766251879,87.11922507203242,76.62682985937212,83.39455715112616
92.71555094994159,73.68275891958875,4.251316648238102,91.7531596054295,82.4242517073637,82.38089779378969,81.46834506875857
87.21672064043236,78.39571387719097,3.7686990570703007,95.27100499125616,83.1857798107494,75.41571569936009,83.3424013913335
68.70948228782771,73.48977250255068,3.423580423665156,104.0207564138463,77.8558065392674,66.95412837995624,76.9957520697505
74.75479733720226,73.35276106826454,5.471034690817104,110.72761585192087,77.01401638962288,70.60440455207151,82.33275495384676
84.89374561227918,78.65935352144147,3.300504779832357,99.23321960476933,88.71500657110839,79.25888238688103,77.50355680203117
67.77872191108054,76.67529014542059,2.962933926430004,100.2418718185071,79.8512836543753,61.591086637467654,73.82789777114964
87.12998430172388,76.58077978591389,4.66536893503283,102.14959457500005,88.41719355377278,75.72504965177643,87.76921015998693
77.59674601841866,77.34633794904263,3.2038631968135047,92.2614203030149,77.41154273593268,66.65910657355896,70.38218607412979
76.25179192450402,67.32213938396447,3.049936502533873,86.11911613535565,79.99177147137141,67.35361812985646,71.37112905067997
87.10959968203491,78.78394339993491,2.5563957378302353,73.66843154033936,88.2909406620039,79.27931372792219,79.96384938916803
84.4426331148604,78.06234397006801,3.517090160539482,89.57275962884691,84.34751117261186,74.07069201290791,79.19869895715269
76.3903383418092,69.91658435711751,3.917284976103507,107.09718179901681,82.51291547080729,69.3869147394341,77.03059022720741
91.59329803364248,73.77959763162899,4.2430917276606985,89.45632842940648,86.85131912934544,81.69701363477041,80.37863935969098
69.18936672400102,74.80346356186185,4.9513062442994835,96.4328944386109,78.4085395097076,69.81838149042991,74.46975444823536
86.15935606944264,74.32751607799133,4.526897923665794,106.99646931118475,86.87124024284309,77.44774037894254,83.0995137466462
85.93101257968384,76.66929983284267,3.80912778044682,107.81034244634003,87.805584787476,80.1085590992072,81.92083537613385
76.9045356068601,82.15683390915592,3.80180432362028,83.80700721750941,82.95805265353282,68.10410567742638,80.78213995850795
83.26133022242118,80.40883363836414,4.5101574689151835,114.95589034680462,96.23238150466159,82.11909264447375,90.82722349230743
67.48886423614697,68.43890403284297,5.272570162928569,116.91025134033228,73.98519690908047,72.84550038039401,77.24049827716875
89.240270192069,78.11034995153024,4.1263141994832,83.0522521417216,84.76488447657732,79.4477361132341,75.23876294151195
78.15097863557011,81.64466659767704,3.530869145789591,87.6424469553827,77.90908414704742,66.08385724696629,76.97187282951577
74.7727697948096,76.93404260344602,3.0071339989144548,117.86636024719287,89.11665782349688,70.66312903499235,82.57114216114778
90.49009225836889,80.45490212592983,2.5547947355877745,97.79719718117049,87.43322176879657,82.25871093689109,85.67812366422301
72.9565630945724,85.06135222850382,4.666269672043523,66.70333078822225,71.47437795932876,66.65871935697169,70.2632432981233
65.91538703636441,80.11854773053491,4.577978523639557,79.0047774290097,75.1665721720543,67.74781302594084,69.9524393829952
64.43370826476097,76.24654297820864,4.577363525106661,96.25945562241279,80.03337784706564,65.75768726255785,76.11222651865737
86.0600995134564,80.22544237042376,3.871340553647944,82.55436024573098,85.9864821780486,74.2042917597991,81.94422444280504
67.19570647503717,75.72443916548445,5.406934745891751,93.79864344045338,76.23000078168953,65.47966396906746,72.84440654518998
97.54794181984364,75.11951521642477,3.5158815054151824,100.48594320525368,92.98602503476948,81.27135094434075,80.96140549779571
59.18070592116278,73.24292882143133,4.955269237207205,121.93381906052093,80.69004433131236,62.29816351151943,88.13048305949636
96.96456368290038,82.81706679416054,3.961257105010457,95.64319125658317,90.22956803147358,83.03881668343402,89.07109491369783
82.11017467202619,70.90785667028999,3.3916492353206626,116.08812699359139,85.5486933470915,78.91993916086403,81.7259629181187
79.03286888129608,82.66183862339058,4.5925303073177615,121.43140243055156,87.7024490989787,82.90251849773568,90.42842009407313
74.5508091319105,77.49932061870186,4.409636118683994,121.51464504028114,81.7654974496153,68.52921271907593,84.03170777578352
83.9913611435207,68.00346912599029,4.3569727592669265,104.27131890078353,82.70155658739043,69.08869081868627,81.7216422998388
79.62365297575151,76.83824646495711,4.081278422056199,70.55066278241539,80.70472411399894,69.86951793333533,73.35043153094924
91.03301882016521,64.49986746174189,3.962106918283169,106.91237298105798,88.34496138182327,74.05198567789557,80.706077608256
81.1422764866204,78.12754008415519,6.3883719928704386,115.7259983172031,89.72636863160902,76.66094575082337,85.14270875318716
81.50301761461877,79.42615741494495,5.184256645196173,98.78399341846874,85.29400721496619,77.43067539954451,77.35286110137095
76.36387787786144,72.03822022173973,4.722826894985512,126.16875805112872,87.0694106533627,77.7975549574767,89.78934969726376
79.43054376278933,75.61773847977791,4.111799158203389,112.89750342201187,82.98950299850644,75.08698788779654,80.09280248917821
83.0780176889206,84.77078716875143,5.007157200596669,108.52410065729177,88.24725118882206,77.57462815834275,82.63374818965741
62.89831607343375,72.47126647869031,4.517994776391452,116.29571066808757,77.47749230248665,58.379458734526956,76.97104864871775
66.51814577894287,69.705462064717,4.026204752774036,105.00054776891317,76.40598911459223,64.83321058003523,71.80728077418253
87.43264094022715,82.40831701231299,3.6964356747340847,62.6078425090697,82.29059120786044,75.78553756662764,75.24440669379007
81.70865438127942,84.81293595265397,3.9190826623373116,92.51291572794452,84.77769354220939,77.54785010096487,84.21715357246744
78.1601666364732,75.01847835923924,0.8295742641219443,117.9575204087178,84.12781813077315,71.65304081642847,86.05516627802307
80.18433933065393,80.05731517704179,4.2106008392976415,87.88612989852555,91.58096413120725,72.02658190687545,81.12554263540397
83.47581705361671,81.70737957765441,3.5115239198896404,96.64791242144591,88.65121909518002,72.0089030159219,81.49750747613466
74.60240319690638,71.28757883730808,5.592669998282884,84.32745529145393,77.35167573562255,61.13709179392692,72.96529229958581
72.21695274597687,72.57347082316066,4.019344070811754,126.75883892802653,82.93459431800393,67.59719283971174,84.21072264837821
81.95845255097682,81.15437256577367,2.8110365804650383,125.22238686127022,89.29746259468943,73.49831094515531,83.5031747221636
70.21627222384969,83.42507139354255,3.9501198458718823,86.74196657288905,77.48666104797175,68.89412314115624,78.42467394503456
84.08252755714472,77.81440430087177,2.953878914937496,102.20947000583627,87.00135349225495,74.974330116538,77.97407146344031
62.9741639576216,70.60092823248974,4.473407415712466,89.79258928353929,65.43191241464757,59.716572300771716,76.37281871024354
90.29155637325644,84.9353055584972,4.290947364339486,109.22416958547068,88.19212972158142,79.56026749210871,87.79772838246932
84.72597482413043,72.34514551094017,4.957839631108268,107.64524615863493,84.1807170933682,66.8672262781033,81.45621260435641
82.56029734313876,73.32431109414274,3.2091182083054344,112.17558357419898,86.65488884581823,80.26444304920491,80.31395596768074
89.82690983945514,76.7116891724481,4.034008096228146,104.97877671561831,88.6082983827529,77.13895065101698,82.59263391858751
96.65474444462576,82.77080210357387,2.6349782045733647,144.03109309582703,106.66269297130623,87.97635400798055,105.33004488688977
90.1437006501813,79.26987988276112,4.701494781924715,84.58114352483892,81.79200211209194,74.50378370146943,83.42268131252716
61.59125768668355,77.07432750180955,4.518871180440122,74.3409496834523,66.983967739809,63.17139322908318,63.92256906921447
67.20423033264298,77.31644265059053,4.495805021027571,94.10364698947808,80.62763308447032,66.07605874186642,79.80076736260844
73.75181422304321,75.21757334321732,4.001619031356941,76.48017601659599,75.53073419496712,64.86368685146708,75.51258728847672
80.26091050210833,77.79069757259253,4.414772890788791,77.61306594991011,82.0862827502963,70.74078086582132,74.4163972139005
85.17659020469122,62.352199611528484,5.604339108308596,84.9802801870305,85.0041857638495,77.66939574102895,73.4996686451122
72.74256186846534,73.51696270465101,3.714905742957986,86.16716641852558,73.94988034992342,67.11822858251394,73.28374887021188
81.86766764477078,76.2066096745839,4.138645183710085,85.6807284707491,81.04788392390529,72.79865927437746,83.00166277184938
72.44617067646678,69.24492958190247,2.9138737008185904,107.77328425668118,78.02532773142961,65.56125965959275,74.42335458801784
73.88482197008052,76.9316165890578,3.1317390384016677,92.40716408371996,72.95272366889193,63.587363360655125,76.9476769326647
65.93338903151778,73.97764389506939,4.097813293093307,97.3072813769128,74.10003487770369,64.01595564418712,73.02813061269687
70.76766753889096,83.77737849157745,5.103933546701907,113.41349161751403,86.3533255572337,72.04427407504552,79.5610933808285
66.48315394383667,82.86509862607429,3.7437191757484274,88.50516212827861,77.7982795284079,68.98655361490256,82.3537488071776
70.24126747022667,72.67097215440918,3.764083470687876,96.03181151942917,78.36194554055476,59.913054808530575,71.1686347659849
90.5364179660784,74.24581144216653,3.593114755495625,105.48639979139374,87.87201690759898,76.7036755417002,84.43020469032624
70.50601111168056,74.63026217195804,3.465243329155677,70.87648299069667,70.19561343046568,62.92160846171583,64.0207136301939
106.32382064837391,72.74170261920189,4.294971455708821,64.22641736574127,92.06696874436251,85.18432924929012,76.49746568425529
84.93317900880889,75.97512492014063,2.5027423548213554,105.19175993196583,85.05580176324894,76.48928154340692,83.80926147121394
81.84836123694873,71.20858965556205,5.280939576666728,107.38021420850347,85.17314043089,74.25178399473685,78.20093678342823
71.41642219818786,69.34692332531237,3.3345777018705394,130.96330202278617,83.52841031346453,71.3733141321507,84.1651137027654
87.00309879408991,78.11355611950134,4.721903485438141,102.37142313800214,92.26724225781095,75.82402383036093,82.84037011767951
74.24362173762226,78.14764792110905,2.730001402606124,112.29609575887142,86.21256161019582,74.48073666964402,85.4959173770349
81.22009814645361,70.97842120170004,4.668840130546219,97.0679103462104,77.89826565403216,74.40177550098628,81.8099842707713
105.60084538268795,79.476777153813,4.671944607814497,104.4584083237763,94.43967246269948,89.20940116115021,88.5261239662578
79.03940100275351,71.84211135417334,4.3842020720058965,125.00885262624301,88.24925409428535,79.53409231797842,84.5887068880359
91.49273326285676,76.26582619018991,3.0055714782002076,68.14010772811547,82.36168023979097,81.93262122309889,75.99037578810858
72.96823574874112,79.10172006306227,4.249548189598077,106.20424386357521,80.5149221331028,73.44535073275588,82.57769983048486
79.65011509503039,74.83193717648143,2.8169438152656108,132.0338009511605,92.0099769242017,67.18586065725374,87.30194719791446
97.7080063563551,77.27370456070567,3.7472367449038146,104.23051328814014,93.8193190247744,89.6141550074125,87.41223044298795
73.73032942212232,72.41785178056215,5.029413100955326,124.75859444849272,84.2025526056922,74.08484433174642,82.30008069174269
98.12448557996929,74.01766708285952,4.7967019270707425,90.56181775705836,92.1990625812264,89.2333026461052,82.75009183637586
87.07751935455475,73.9707028455983,4.0151829425404335,99.5192875875443,84.91001935788908,81.1064930100616,85.08745686347828
74.37533224105732,71.26710826729881,3.025193424077158,100.50287053582882,83.67644900670945,73.9664554265766,78.33718935044107
86.3240773905552,74.11612918442108,4.645587712174193,66.73613380961844,76.84452011404602,76.39180897393773,75.02831341849584
89.7255444962673,67.25690850568127,4.019381237698025,82.477332582247,83.90803663908349,79.98245937682766,77.21187805477588
86.21809962217196,72.54423126428948,1.6796844017695767,83.54687380924021,86.05116090837735,80.74473306946538,75.56036717129977
64.29775280109544,73.57562253315164,4.782629826316518,112.3309911704879,73.03413790940616,65.65480250210267,78.47619825089734
72.72862824175131,73.7191012375231,3.975767166130308,113.08229658526082,80.46407499824043,65.37011193546013,76.91764715376215
77.52481364448495,73.79251277064611,5.202451247983072,104.860546640598,85.81913728501088,71.35730782963287,83.57637651790176
79.25566570899954,74.69117900069935,2.9047294811571955,112.36154345283559,88.2697018365855,75.1880993170892,73.83038530133243
86.20672097550678,77.39720759043033,0.8232961868039994,97.5377588091734,85.39791734423285,77.26424235610256,81.06738828213183
81.77701000933254,79.37258537066262,4.279083858345185,118.02897504309314,86.52997072928761,73.4318430713976,89.8539314220407
66.64655641289899,71.75117386575866,4.291563676681973,100.13182663948108,78.1719595287338,59.88730477692249,70.2795238806577
83.80197851005963,68.98399572305428,2.309328372393548,100.86796071140135,86.55136025921053,72.17222715312163,79.49692102879952
86.10585745283824,69.78977793878448,3.0215004541333936,96.01611050106384,80.00124420814339,77.94844982293202,76.16262176501415
85.5979044793104,72.56398539402537,6.755217743719902,110.26675716454642,83.68528011824493,82.31475656968685,82.17852765853125
90.80780725554622,73.24039341091745,3.6943893858461965,93.6820177508063,87.15763418574502,81.62010659050958,83.35098526852765
88.33922154548904,71.1500196690127,4.7309589763762165,114.64647065797102,90.80508860296683,82.34356168587308,84.92720661985643
84.59180079228437,68.51941667875053,3.3493401726316163,83.0177628892599,78.89300473919232,72.85322739781921,67.93908105374216
79.29834288541353,72.71939586262906,1.9096971011468433,83.51625617907709,80.39709260737263,65.43923285867844,71.11350320142219
63.39039066484008,75.90713310056985,3.8297417532040945,110.31140132689757,74.78217988277876,63.264113584380055,80.45828923905124
84.29618219132585,77.97514732917783,3.7343954397138948,98.67183678125481,79.30436139741741,75.63706876711082,83.05386025491866
82.07687687163111,72.2128847344584,3.6001217613316285,93.19162875770307,80.42893856682906,71.87672066126677,82.59054912647106
82.71578837195374,72.93501088928284,3.8853591644936074,113.3508659871319,86.48680300617677,76.10418231231523,87.95720402079617
67.2325142417969,70.36650845576345,4.264268271645636,90.89107878870874,72.50333236284443,65.25260422194512,70.6520322023281
69.18943459591738,74.84280414812612,3.8498830487461935,96.99698118549445,73.35613329339158,69.12595357533021,83.03039320691967
90.53152853332904,70.75785682904592,2.7359938320526362,120.9884192510674,85.51745762116059,80.00857020101961,86.19354418874755
79.60444846143345,77.865639066206,4.486184791561939,123.08713518715976,86.68569505406298,70.38185067103967,83.5842960772096
86.81500697372624,66.07066754032944,2.0506282446775765,123.5859731540549,90.84392851918992,76.41816467430148,81.77593703573328
80.28318376130461,73.20185163773769,1.9496425427157997,95.76811334599134,85.21932661368452,72.71318736417696,70.8299951855234
80.29756139495746,76.50553669595871,4.739180494701568,118.46054357476706,90.82960862310529,79.4680403495133,89.83855308951557
89.38283805975998,75.91917258161253,4.507020272135357,85.76570758346983,82.62328574282559,76.1373866111867,84.08428635439238
74.83955271782627,88.46516831990249,3.942604634925964,86.39645687916908,78.17175972331921,73.16830233128398,76.98191574190008
80.96120776940984,76.74900012283953,2.604551495244928,64.74316221063458,78.20429535814787,71.53155975570806,70.88078279175843
75.37724711294958,69.97972701578995,3.2920890593259244,125.09302302847794,85.93565520763373,72.19250647907829,82.65895668855696
75.65503772567685,74.52267876455464,3.737253252313496,87.04030226385882,79.16661708580942,72.16691389790805,71.9451872209103
76.90827876531361,66.11876833266774,2.4041060314258864,98.1020113037941,72.10839292364525,67.43680906898597,69.14080359951011
82.22133771633713,74.5970012535162,3.260971341976767,86.34513487107574,78.48423958798585,71.48725415288023,75.94955842404232
75.21251378336522,70.83471971499621,4.65233033817668,110.42747872495211,81.31833521413164,70.76673065004857,78.23912296459484
92.55756125573521,79.57695137780081,5.427305364289216,94.3654950892399,91.02935017937602,79.50876755907309,82.83828478182792
71.05392697780496,72.25229862702233,3.5805652473414495,80.42774664350576,75.94818101825193,67.00768397433596,71.52926717993097
78.13128355838641,74.41617042102376,4.756488354316098,106.62493846279091,83.62389000033625,70.76056998784891,84.86412008034854
75.60268941725825,71.82221079297798,2.0859399294125325,78.49404962784658,76.24776328464779,68.46296738791186,70.43681637966702
94.46977884353733,83.69425675926665,4.6594512411136115,87.43891412026763,90.55149077279685,82.33003688775356,84.88861156916589
81.96554776511574,73.39378616941045,3.196051585272519,68.39666328060879,79.05670567068547,71.6621352738698,73.70636392647678
90.31844539468635,84.162785217396,4.30734561670797,78.64062831703589,87.5055154421127,77.9391974884763,82.72933540666772
65.14439626963028,79.07075881059133,3.7522475817602907,102.67793754580717,77.40145102547186,64.5265431530727,75.56067335549791
82.67050265869258,77.41033363667692,5.320414009783834,70.53195942845613,78.39167830960683,72.9576334703661,74.48546758020225
88.89630795623437,76.8436657365876,3.1255643516600817,77.78281413067427,83.61424723552176,77.40357928777551,78.9635163274301
80.82283989275425,76.96898649108125,4.627606297561831,99.96446625800787,85.41154391157708,74.3341027432523,77.33465006086269
90.65480375065351,65.36163710327195,3.7204925367034667,91.84589655860421,84.4795477383937,82.1379356501165,80.65126101905092
74.82711549899628,73.60558302924622,3.8416945219903362,129.88054953938962,86.99799127338473,70.01739955516115,89.23152614018566
94.0934744018558,79.2257898559216,3.8161461068407903,127.50844819036563,100.72594399051515,85.2410906571603,90.19955146020942
102.9889812361925,74.75551408262947,3.154326895505887,86.98116305873269,92.42830191242199,81.0371534873143,83.5983498579631
76.37161439560342,67.97405076598213,3.9859010340933283,108.35706427605223,78.70102982479665,71.76831975757518,79.71509061921404
75.54497478599228,74.73797774711265,3.9373517778781784,111.23923835319177,85.48628392353862,68.44649982499445,79.32225342063614
94.533844771177,83.52052758127746,4.241240248406729,91.03781712963395,86.85617309773245,82.11738734913604,86.60884632059786
95.79572145730712,81.23445857767359,4.084505145692862,77.56687695252694,84.94578406481244,80.77326982374699,81.72666175712372
74.77139972846732,74.68997995316984,4.797994549612236,99.81552326037914,81.24313975138186,71.104860988517,73.57723736442834
75.79813182904142,79.75724638529043,4.923508616047369,97.40731487778834,83.34924367062999,70.00503797123096,81.11017706261848
77.18215391139493,73.16746489815974,2.949376678172199,93.46353254544071,75.79380693153875,68.79815915574825,72.92949452195528
66.55549488965723,66.4806420658664,4.868772500590771,106.63475302246728,73.88731547618082,68.68734729153111,76.76551797893529
70.81348053515802,70.37767005935223,2.8136635728901456,88.73905589491602,72.73096732499792,66.57259465116947,69.98829246854916
69.95859233247933,82.81444384254098,4.587855888137735,82.72003678631285,75.3663932964335,65.58568087937405,74.99768651557564
72.32202434895872,73.63003459085348,4.619738784702869,101.63624455524747,81.87003867007404,67.99231884610727,81.36747983788604
79.65315112613219,73.78308010312492,2.088683108337496,105.78955138853314,85.44779457318572,78.27239500280359,81.65901263206007
82.3421473253652,73.5008090186256,4.09297924652941,82.3503258414992,80.04331292166194,72.04428607299381,72.06607439369039
95.50500492814076,84.52068294786504,3.531503886639684,113.92135916486622,94.60824378872232,83.8845959821509,88.42509031940351
70.0164595926121,83.12979457681031,3.2412347420646253,73.44278293335883,70.91089921956694,64.24924798809248,71.30582828728598
89.84322398476584,86.09390116724067,5.350852330699006,91.32829811926536,93.81108201582394,79.14525022633536,86.20916229181722
77.86011155774491,74.20477394799974,3.346320859362581,96.12987195703586,82.52843614147056,69.72114783860657,78.64925860948503
79.50536290347567,76.47812244373547,3.19362307088195,90.45664431022105,78.98680204177145,68.52492542389507,75.00675547273583
86.74819492166604,67.41678725289604,4.075694940005094,91.52409289673211,84.47032020292345,71.71965289641163,72.98192238599894
68.77277978437701,82.38467213059137,4.685589746298416,128.06611723462171,84.97290309119623,68.52781187175238,87.14982077340736
83.82409746184051,69.16110224366032,3.858351413989873,87.23673866441652,79.63223376371361,75.01090098903632,74.65402731684841
81.66452208213056,76.08387781881315,5.166370545669253,136.61832583707871,92.8033611935607,77.25024658949715,96.3340924556277
84.92451264008149,69.51348736183579,4.53097566196409,106.55690169596578,82.85628568424288,75.3447077249269,80.71143147973406
82.89168643907819,72.05566586630653,1.8217886802685697,101.38082705967987,82.48961770086356,78.27667068646775,84.75100582830714
104.55300139910895,70.8136878447515,3.470533036492992,107.14360530081498,95.66076460939087,91.84097369196174,83.48670604399796
73.62260015748684,71.96062369662091,3.438157900648301,137.94891623877928,84.83473264689474,71.85801741834584,81.15434345200134
74.69003044998182,72.3043864842551,4.479360953429422,85.09610494102827,78.51074388461862,66.33985162423566,69.91443870939146
73.76859473575236,72.25865602537462,1.3751829436258882,83.19373121595416,80.94535822407676,64.57648852146373,75.60614042076837
74.44522880839746,79.16666955890153,6.549009708717723,88.67700705142119,77.10002325520377,72.10140018195739,82.4201444543234
73.62612872693482,69.4756860346874,4.5310260948942105,100.48214720446842,73.2099263353446,67.95801007246777,73.33176538544875
91.89016531107552,76.10270713506934,4.148876803917691,74.1134331278114,78.00824859958384,77.02138693586372,75.77712416061222
94.20504247989855,81.0897957615278,5.1815677164191465,100.33508858977912,91.5632300335204,80.85165654545186,83.05149562285082
74.29253706250523,72.43401817743302,6.343654052812624,125.40320700120508,82.60198701962625,69.92801275135734,78.12879870659279
71.67644426895771,71.41040554626198,4.870746644588404,102.27111085937166,78.82622213789186,68.96230799550275,78.52072030405317
84.71415556386404,73.84737687409874,4.94881309647162,95.60971811537084,84.52590879296127,71.70750703666063,80.26700982099865
74.47776955719029,80.89862604180355,4.130690024464382,90.72759326974558,75.25740970768948,73.3368213534597,78.03574705300619
86.32931817755511,75.97053815476679,3.858474246633052,113.47767556827347,83.59255158508138,77.12377958753234,81.03503113274644
82.029230208513,72.343928526962,3.524204555995099,87.61250840142928,81.48051551926876,72.35108729348725,80.89796830258126
64.84255885002769,77.4193832559402,3.173888008285458,127.69593880898871,81.90995746858206,63.465460768510404,81.31051864672597
95.47505201330061,69.48853925081788,3.312985900300503,129.00039621571537,93.43801161996915,84.37697945501843,90.78585751774068
97.95877673095522,78.40679755221474,2.649444035657017,103.85126197992682,88.5651936752962,84.12173332250279,82.74689992476854
73.87211309515614,77.04303653850884,3.9241285493149767,99.82727367885032,81.82100888812725,69.95677359104259,77.95271067720009
76.12298440064016,73.46095764430558,2.315332422773613,115.45989712362339,87.23899079688563,76.55863181897058,82.30767589095193
82.85865390724905,70.80707100776385,4.19091652414371,116.42197753340989,87.2088827357068,76.47099008902829,83.8957820914142
83.34456789987026,70.56659538858271,3.963669391957658,87.91012403410878,78.27823264083227,70.92346160780792,76.26603557242488
86.5854427267283,77.67408668172955,4.146935298386688,92.10167300294947,85.56363199502503,74.9769840708768,82.17629351235199
100.1020453876635,81.14490251244531,3.4778684299800076,80.16478847975057,86.67689574371241,86.43986698380151,79.65989063761293
78.2305277250595,71.81346126485603,7.076860370180503,106.13597407501085,85.76806523552315,76.51837220550631,80.38218321405903
72.01702755461547,77.29193351775743,5.360115900180313,109.99941825185336,81.97752207661229,71.05031071377728,81.16702667191883
66.20680771985472,64.56486490698965,2.755457499915277,79.75111543208091,63.39416143317227,62.953853140174694,66.73410381434498
72.69069960058081,72.076911346714,4.2328680874268985,93.17201642775761,76.12409021726776,69.59950365121986,74.78294439087082
79.66873027126204,74.84470533564549,3.391993857062676,79.79119123627976,79.97511889998957,75.34569097929314,70.47545978152596
97.94557863517788,70.45158291509082,2.985520273292586,86.51800284634244,86.7112739257874,75.95924555791031,75.68823625284227
74.82388700963828,70.31746812605202,2.659927928876065,108.26525590339449,79.59854075188073,72.05200103213402,71.39665196083868
82.23787951638899,71.66110221765557,4.432216690759254,88.99776899982581,77.18683927139044,75.9691548541337,78.70268302508515
79.83577103927247,76.46096364163186,3.318619764930426,95.48761065951552,83.98518168176692,69.05810727592774,81.38778492725854
91.88393273448084,74.06335490796813,4.967826024025204,75.59032408079027,81.83041265813402,75.34184108074443,79.36392758099922
105.26932425873622,63.808843833375136,4.993782214530439,102.80485314586997,86.36832799899258,84.15087861207233,84.47498531700232
74.6913122707968,64.39649923682467,5.3739143852114495,99.33590020233027,75.95540527342182,65.97869807946503,67.40669793117885
75.10560557481777,71.96567411071412,3.147613233925896,89.06561124950257,80.21383774062728,67.23266946256976,70.97636463883971
90.44160877069072,77.28843293026776,4.47536561069201,97.16478553476288,87.12703959264763,80.61447540217829,83.52160328138817
86.81891489626311,61.26247578637383,4.632454216642301,102.70442320755167,88.00628520258883,77.67455579095414,77.3281927261881
98.46707325736034,72.50134911924185,3.525821824896035,87.77697776635983,90.17882294585985,85.95474461069577,80.34553470077314
85.83928185325964,72.3687607174129,3.228228042607125,77.85606183997331,81.54057880095016,71.57228106019305,75.75429011805218
76.40707909212941,81.94168889104223,5.609520665775973,127.08361649030223,88.37852678026259,72.96778995298496,88.34608662955341
85.9065483069231,73.07489094143568,4.227495875732053,90.50090942934591,83.19381428604176,79.57921322299745,78.62358400400157
91.08703580582907,76.91494492370464,4.635967750711738,98.54859845219666,88.00104694017791,82.29389889478514,81.50743748839044
88.20482181197364,75.70628570043732,3.1779239881720724,115.16259602530471,89.25780004374857,80.14679675422632,88.95733138668378
85.07274031107298,64.347167600964,2.780715533477806,152.93582781355727,94.29835903808636,80.90474206820498,88.61943859107733
90.66674689589154,78.84103608315868,3.4305502255078895,81.33270325166701,82.78778625640585,78.55516935632983,75.59224959971199
91.69295590445672,76.07698252728144,3.875978612610003,106.74740820589764,87.17897072668053,82.86726277912393,82.89393158715932
93.82158991037527,77.54134319837294,2.935779993182651,89.3867157205884,84.97453390550932,80.02527206775963,80.90466160750032
86.48709887589642,94.63118853218162,3.990155191349617,91.91814543134933,96.552514246039,81.21574189756177,90.35867307728789
78.32881919683146,64.57943530250705,2.3114948119315,89.19681968489814,78.19978231235235,64.53237187717477,71.84954502776213
81.46713686433323,83.62348324880554,2.879952577530128,83.11517548299122,83.64512036619996,72.1411386899369,78.54187645930256
92.06508966508358,73.56276240299822,4.670911248276875,99.38062957323008,85.27204658203465,78.32572683142946,78.84443566698555
71.83064329012764,76.43664452201504,4.603790520277894,77.88245969427646,76.75321289457591,65.51116980031429,74.64148206694384
83.68673308872901,74.77243877349379,3.608123234613134,114.20211349767806,87.12661916004959,74.16801151682604,82.15088583355754
76.0666118767264,72.87881833300978,2.982235690923047,100.82504404050061,81.0026906388538,68.99582788831093,77.32502368316143
80.28744822934817,72.1508353588062,2.972596448473989,106.3365245935216,80.423678338277,68.99030592637534,84.41713845862404
92.78451862607298,76.64754367786504,3.626731754058686,93.00717082080666,88.83143632821594,82.30971159788804,83.81646552042629
81.91099068019903,67.4141315166416,4.644518491645291,94.49194098682378,79.27107422700183,72.29552610256047,70.97385068802357
80.46436548156149,78.75289583760883,4.928245691344324,104.31345857750992,82.91673430560924,69.83774606001603,77.14953876853369
66.40143859020081,72.91902797557373,3.503468264518031,82.53924051391262,74.1369416244286,60.52444989543828,70.05544178508785
87.46253566027221,69.34965330479821,2.846507574015216,94.63014348379997,79.13371985014709,77.10492144559099,74.42491218242881
86.45484181141076,72.74993571002094,4.267843637866333,87.1057972918232,84.59467423380539,73.93119048266223,79.39869293896633
101.6325472330546,81.28574608431286,3.1764650293741505,86.64146784113478,94.90139591364452,84.12764646333194,85.26768851322629
76.92221765046999,72.32332456491889,3.4817473611387975,68.35242639061538,71.5378351822939,67.57763484741696,70.11251813000482
82.1915032766394,76.7922680910481,5.325276090437038,120.0898988422,86.22295405972042,78.2456656829916,84.07539479859956
82.49383683710755,71.34521862142263,4.827115428565768,89.70191870269346,80.40450224457663,68.9091918685575,81.65993645551967
95.77453279763475,78.7896092496181,4.157974312251452,117.45064082745326,96.27618340180526,87.03388848612857,98.76234107687007
79.04704467613048,78.42753869395102,2.728080998887277,116.03188482091439,86.0724040348795,72.58885128162653,83.6665580642111
82.7902152577034,84.24304416648206,4.211396567470659,80.7100044022526,84.53184879656955,74.96109418014139,80.40261057483261
86.0789650971654,74.12218027250393,5.062657290787526,83.67383146490732,87.80610761000628,75.23920356629498,77.44267012718909
81.86609123156359,78.34327402378953,3.6243663342344643,138.40754439033526,90.95682302696,77.41030226143371,90.26361743638066
75.53566385449471,75.49033769769473,5.351114089986715,126.26388912890715,81.05728255922561,70.50998693573302,82.72926222795272
81.94089992898307,81.47935890931507,5.292745289518207,99.52722230007844,88.32674737534552,75.08534885393574,79.59482694842686
90.73631749859771,71.40583806195635,5.663732832143474,103.86059659626024,93.17834649813474,84.55138198161586,79.19114775167186
69.73484700588939,78.72502656438641,4.305243126531353,90.53730395579217,78.20122166522556,62.98514313325238,76.90629726209657
81.32969674146877,74.0265135194166,4.5873916998060125,106.4852907130051,81.36535371307998,79.78732804736033,79.75992242881856
72.99879185060827,74.67905911445752,5.41418728833109,89.24227148916293,76.92130959660149,67.42156929777627,67.15907861608429
91.95046628924842,75.45876242224186,4.447393937068975,69.51469353552423,79.60496951947363,77.76435525652268,77.14900199190762
64.76813095216225,76.26120198213339,3.4987658922097875,80.17666320233424,73.5762017822978,59.22052944302425,70.38911691552458
74.41078152728412,74.4188547843902,3.5514571634721386,100.3163912177588,75.8955999507628,67.60321646133916,81.74261175510529
83.7721187506452,76.07356591585263,4.238554953773739,83.03399146746119,80.83839657846339,72.69651012556707,78.074710292739
95.65524029234341,82.89059028781092,2.7094385780537813,98.99083802629698,89.75089521669804,81.00420498076957,82.5709127071788
79.34249738927012,79.9272484280761,3.8567410846358072,83.88008440850706,81.19158826862777,71.73787679637897,70.63315093064367
74.44800473306802,79.34577296248449,5.096547118230253,88.2646911624701,78.09130216818312,68.65303358498743,74.74494831025245
98.8115706944059,72.72230236988065,1.808746148834719,112.79747959619787,94.493132902041,90.84436889243014,85.32775171556776
65.51986099583756,70.55379585885838,5.534482101794515,103.71220821460157,75.28901077357516,60.849422243872446,77.4651786142147
58.01194043379918,79.77650279118876,5.122374218703159,99.8550336802998,70.46218812901417,61.56827715866332,75.01968500262696
84.40014450053333,79.38023396264897,3.5402353841695238,113.18445959605977,90.88568908727733,78.9321418365782,89.30035263615548
74.97945775647389,82.36335337875491,4.54339082787181,107.2091289002102,83.94860279916328,69.42463565648801,78.94847036056954
69.78767182869287,71.98009687015386,4.0031477269063265,121.69844936877051,78.26228259823962,70.89926466717269,83.64921795103932
87.08356447299353,73.85225672319827,5.229990368438683,93.1021110652729,91.56366017197207,75.65881913316205,81.88896581305416
82.43800713771199,66.80257918737283,4.982683142769941,93.55547532208737,81.89843120391367,65.19996701183828,69.53400278390647
74.35921369263272,73.03764446969564,2.599929276816991,80.48336100412982,74.98778365553478,69.51093497392714,76.00150506200538
67.19695601329106,79.98285255289724,4.587262413464177,93.5652892394137,81.01073144184933,62.77917663153479,76.51201497231831
88.72457328280144,72.66752310385901,3.7943721463567526,114.47154841453668,94.96173729826124,76.45151580812471,86.04755766357724
86.50201177958661,78.20239897600412,4.0828325705181,119.499810583932,90.58392268949109,81.96365742707499,85.12425231855308
79.00824136220618,74.04748447001094,3.2718280990301842,114.40457752130001,85.96865679557368,72.94059782610357,86.23912583061167
98.46636996047665,76.6202851411078,5.748137069120835,73.08712200175846,84.44750017582562,85.04072136324999,75.76446911767724
69.29915233673847,69.26154305092166,5.040061819902576,116.24717818991101,78.73990265131415,71.19102229930473,80.80844279697519
64.74474829075261,75.42604724816951,3.2602288360270326,72.42222065091894,69.21346767233405,59.565517991813174,70.6502553023534
73.08091930118755,60.044320145496386,2.665389393089767,113.47175986183521,78.06912770678368,69.8509180231694,71.78724993846042
79.54413983644503,74.06551920919007,3.614327369022152,94.48323210143417,82.24808627407961,70.08296128657202,83.60252756358912
82.43339449322691,66.84763378142429,4.434502646091306,110.53799970900783,85.50152293393562,81.02616143912745,80.463332625356
77.5876394214367,81.02997258273408,4.240205843946223,80.01327478158152,80.24241499514937,69.10505521836797,78.28930826232502
83.52055396514297,78.88703676382255,5.253132824768244,117.5675144905922,85.83297631242603,81.25006678626634,82.20946705542792
67.48460575809555,77.3333549098304,4.789919722180852,78.02537880842667,70.21097576867707,66.77033436752889,77.75674636082033
94.4376460407326,82.6050311357969,4.969569025752907,89.97317633720233,88.8527016727301,83.62613185422127,80.9383648840268
79.17848821607431,70.25541739587581,4.326855400610437,85.02858058346447,77.25754920778417,68.48209052297719,76.83654617742809
91.17295831588127,83.73681598957779,2.6107012697890095,73.68572720766252,88.85806239474174,78.62658855936525,76.6753357291844
83.42725346377703,79.66095782130192,3.8043014688530987,101.41791351382703,82.78710996737108,70.05000080196098,80.96071635789556
84.56753219153784,73.81722356390527,5.0600897399086655,127.09133676755442,89.28096434793017,79.39236679359682,89.79525886755472
85.69767280232205,80.67810073591473,3.948477071475354,140.00357833480012,98.30685849068514,82.99827536228887,96.65636642050931
84.47708560017315,69.46853243794183,4.503090368623747,101.45733680629371,82.9212465061004,75.57649882236812,75.35648366475336
86.42722759867544,70.87742919236163,3.681251684753867,116.75021912601284,89.57625850025264,69.15505096487658,87.29029899793456
93.29152530132431,71.9570513838015,2.9701881514581547,103.48141956892806,88.80755466595032,77.21457689432408,86.22110274426821
81.9652116970147,72.35511145967992,3.8766559359538895,107.48324792152319,85.34380423628551,72.54186674734652,78.17005823721558
87.09003757588512,69.71721178619873,4.309047443032654,94.86777023309142,83.1792234832951,76.99012346995036,83.17313844274612
79.10264305712774,81.11541533547663,3.3443122805385563,102.92615388133903,86.80680455171358,75.17973223448867,78.0395714790004
94.40117215449473,73.70572799815085,3.7642887551433315,108.06218056909643,86.66600024380693,82.05382444883745,83.50851355282153
73.2360769794073,76.7625248417844,3.0605367580140173,91.32310406685502,77.12753440624573,70.63825184830003,77.40269743322779
98.00940432910815,72.1482431679316,5.119244917564096,98.83758550160518,91.81833473709392,80.55224714705943,81.17870282483318
79.59842049355656,65.89698349725741,3.705544242411966,99.12354821503767,81.3646551072228,73.05206325841237,76.36649549412917
65.69224897881952,76.35028679195712,5.452755545126183,112.39604975995786,83.25455390176258,67.89451359071121,79.88794341859699
81.2810441491079,65.43872512290112,5.528747850540908,84.00951742558479,76.4538438809986,71.94286224017127,71.83027201810198
73.1894834252512,74.65682976957265,3.918954035278256,99.22686687088523,83.66750470678488,68.61351680642463,79.71133837418914
88.40643548988724,68.15842480583595,2.9915512674526505,128.68008203579046,88.70884524061874,85.33494105991764,85.71897139039315
73.4737602069761,84.93637999615405,1.9141021222666628,117.46090228878907,89.88732400695267,74.48861962999167,86.36364415753313
75.5381656678522,79.5568136108736,2.5279629269732085,120.23768573333058,88.38886173664672,70.60581939915575,88.36220664954745
61.10459269054469,75.5287689563574,2.62616517510134,100.36647760267051,70.80646333132712,62.81269011058343,76.40048819671672
75.47693680750923,81.31853338827334,5.378469627461505,104.81496345529035,84.55598578579631,74.82666220165805,84.53905757794655
55.76120673371044,70.76842011267132,4.115824587226946,115.03354250054389,72.37571285289151,57.761018974764674,70.96395057175134
64.16097176514276,77.71739689335047,4.389604524091988,123.40383294296396,82.39218577260351,70.08722292525464,83.41902692774178
87.60414656144297,75.99905216859356,1.779578991064874,70.7259563067567,80.25512332645745,76.15895301751469,71.99379438831072
87.85800158650832,76.32010040666835,2.802033570782738,80.26838039425232,82.23717167419821,69.25842741674613,73.52859583346624
84.25457561784965,81.36176750053384,4.887079776446287,119.64166152103972,95.06014208922609,80.17698893257894,88.2494379934404
70.33023856870787,78.662460513899,4.286774112382586,95.84665966346795,78.06570409908848,66.72589115835143,74.45585124894157
79.5228864385802,76.44361831412512,3.8527947213144027,89.92418816112884,83.54391279046014,73.99169325784268,79.8651326622234
79.96397460909432,66.72556281885852,4.5648423586001226,81.18758519506594,76.01760296994532,72.73138460535034,74.10464654191419
68.41635310807457,70.19976852360269,5.635797806135815,91.67474947683836,79.16662656478192,65.40630643928814,66.66099167269908
95.0339830176715,74.38645533202138,3.7789575364629493,78.96446074864262,83.9687121238105,85.16777940735182,76.08782823700943
88.77362290575671,75.46686187138326,4.06936980265807,131.36641409098715,91.86465921901502,81.36500385340472,85.89148059767182
77.79035826170336,69.34898137663038,4.192596918731305,99.6634592202914,84.62537662311992,72.80407031541198,75.23356654226704
80.26885838994531,87.05838337789211,6.392109635273993,99.13074187355923,85.38246437389378,78.54010458134097,86.0110397914278
82.08382807947552,82.58197027626787,1.9006437355809744,108.82115012751748,92.5740224401729,76.54683238257054,84.42145633203116
59.58265131575709,78.01059160196242,4.683223014788808,114.43517753899854,79.2253826865303,65.59987208915882,76.62103215047865
77.52822617479403,75.36018430641873,3.8851977512409364,114.18832234831959,84.13440350442815,71.61230561462972,86.43293140521115
73.18015752002202,73.93895515049424,4.56677172618418,116.10432915861358,77.00942789344894,69.49529037352819,74.32615584699646
69.98379990105084,70.24040769988882,3.3426274460052756,90.53731673813715,74.44779343990452,61.48888982801359,75.93764203226053
77.18899707114045,75.38740259259431,3.9510349691415496,95.53199792564708,81.01711255599237,72.06340939979212,76.1544500056964
97.97686526849523,76.28876270071375,4.711410579465495,111.53547483163413,98.15495066864824,86.64431526991288,88.26481792532405
86.4084286126701,68.79119712259188,7.1129102010438405,92.0891640754057,87.73603880701847,79.06129349550307,75.94614496868546
74.28821010217203,76.67088208622448,4.808036189402071,99.92340051959162,78.55589186238065,72.75366616251513,83.28553574006698
85.72582781356158,74.22370475587626,3.1519344019694913,105.98145646637221,89.04505535897961,76.33919005620406,78.68244903289167
93.99355436586002,65.46096221061305,3.576240317977297,111.77777623465565,91.64445159288283,77.48918765489907,82.89854040952955
89.24633682912769,70.6980749461025,3.546585891616146,73.33478556444697,84.07444470767693,76.67410543986335,75.50113125761345
80.59630369920174,72.93197233289177,2.2043568273699847,110.72118474833418,86.03848591827888,77.56899036091374,76.52962145045078
73.53063222294426,84.43843828670096,3.669909808298563,96.49413913222412,75.9351733318718,73.28802680657085,77.748891724526
86.9822331361359,77.78276562266879,4.732829081821745,110.61186566296571,88.95533499806061,82.5337950552659,85.12613136742829
83.9348538542175,68.32259215450054,2.725767880923205,111.65397538532243,81.60045371386497,74.82773647646044,78.17185694248143
88.95193220027733,77.43018144708819,5.048482651050593,124.11872591678735,92.42579666397343,80.37405956184087,86.99783080211544
86.35171801681969,67.26348005530818,4.487774821084338,120.30180471431805,90.80405415837602,75.53198071799831,82.50993683968204
90.49552715319335,80.41345526943536,3.265766678028962,120.19857493915444,94.653544320686,82.55875210768065,91.80229298516363
74.64764788439432,72.6443767409106,3.8584703626621524,121.65505478749358,87.27826755742757,71.63304420592782,81.41642598232082
93.17394065634326,74.53181905630414,5.5983218076410335,104.37068477223919,91.40574694241543,82.42766174867215,87.93260786704943
81.975996046924,81.62898323771095,4.733547813505866,100.48277630555259,82.15162521822968,75.64513431649593,80.08184500959754
100.75260872625265,68.56418215707875,4.0087836548981475,113.09225624767501,86.40234760555657,85.47362246824434,82.77007030944041
73.10812181910433,68.01440907443504,3.762316683039016,110.98121427149533,79.97728443952441,66.61202584288661,83.2268874629984
97.3596380316525,72.08200336826998,4.07660907045166,95.36400644892609,89.14310282408414,85.60110208523776,80.51931134660647
81.97910783462648,80.19189425509659,3.488236442057697,106.07235113212403,83.67957884632715,76.4114564959445,79.77907728054974
73.48581996385552,67.4032696226158,1.8952504942809854,99.47355299823109,71.94624476883268,67.18569444923183,68.93356783658741
75.16114165945679,60.839222009447155,6.042177910534731,87.19100637309916,71.6705268578177,64.34556006617929,72.81341994289772
76.7965269180568,72.744205707955,4.155324999199402,119.35691112064525,83.92496544086956,68.9822415732363,81.57525334466008
84.24165946401916,77.7587039995546,4.398147265122537,100.82798863795134,88.05148685709766,80.54324264627783,81.48156948308461
85.228354880355,81.00130874869414,3.9420922501230913,130.73062386548276,94.02079730759854,82.46846241390783,90.7653946327134
74.26299996061421,72.68419318957301,3.264883199275412,75.6176159470025,79.21097118802524,62.11113500120102,73.78554238466475
79.75645407739017,72.94286696441999,3.8140755190512294,91.6483184073495,77.36534619325992,74.27811213408714,76.04968443675236
101.42270358611864,80.76950367127874,2.4006052378056886,100.48958255036307,97.92335660446842,90.06398517544314,95.24926030410658
97.27543170100711,65.65129150152289,6.277086498053304,117.06071646443371,92.51485147303866,84.20242598406034,86.05116992389041
84.36323669674032,73.05739612408496,2.765488001577604,105.99204058903277,87.6578014759157,80.8995067891775,84.63011710702588
80.380034781682,75.95211944962529,2.9680337161528207,104.65709131271127,82.8943302700895,74.83111618818931,83.52005567366868
81.20031326718261,77.24609360642518,3.5597407956135996,83.0910431116878,83.96320853908955,68.58401448847718,76.45591135921472
86.13517972730416,72.45096653404559,5.288075724852377,82.64587904155793,82.74653747969832,76.0602036229776,74.51470869286543
69.77207434801595,75.1722050585292,4.014508999262654,104.83756990434857,76.76832861760947,68.51758541601473,78.80796493949266
77.42623462576655,62.55836323293505,2.7638642039695376,79.53841009272463,73.6286226349661,65.3877503053819,70.0806940283024
63.314159261224106,71.70875793833076,5.254338360757339,92.02183374566008,71.38084002050773,63.77854086567463,69.75360199984857
83.9922312260528,77.26754356277233,4.731000626785481,107.51375993628787,88.6197657837076,72.0703277059209,84.19179346886652
86.4719593970274,70.0885298287266,4.538434957216452,85.26513591584836,78.23007907789949,77.85293917359661,79.68266390792222
75.16813537700627,75.29492110794799,4.71573424117084,124.0803394354271,85.37213022574295,70.40510770463679,90.60569726852252
95.73986763290033,77.23436250401349,6.394361900582451,118.35904516356835,96.53740954837413,82.41129541160687,92.7277288285032
67.7423433699766,73.28725399571117,6.185094895036112,76.42870002492549,71.86066729976946,63.22276199620192,75.26082290890508
65.3562511979018,75.85231885498285,3.3132846569967045,86.0144313522702,77.00885972476645,64.61590487479525,70.06028080436137
82.24451818559972,70.18633717357694,5.623884992811153,65.71334133257575,78.20528533288235,71.0094731693942,72.12545516335418
90.47098302612154,73.96694360151977,4.3831681897589005,88.261129561778,85.49367493462596,76.11243081381343,83.46638849309653
96.83927691457869,78.05108084794611,4.499095816137749,111.49582714858599,95.23410501549716,83.79500674123314,86.13203657420323
75.4111573713106,75.78486480484217,2.3077291683566714,93.79157586587715,80.31712287156503,66.61447084504579,75.27457613891781
90.78680833431295,72.06734365218033,3.829614234611804,106.91195865423951,89.98885922962013,79.28567131501936,88.57912604542341
79.61491530499293,76.12108202145396,3.187176409663435,77.16498522577383,72.91852295805994,74.25344539436301,71.17693360061162
78.2737270005918,78.57304895318309,4.828058814893309,111.96962881872858,84.68093094417783,74.34582594142226,79.60456361039978
88.83659937486672,64.75029360711261,5.071080500402805,91.67336158107476,78.2318509312421,78.50470531876867,80.81404444655271
86.52322878413419,80.79537032477948,1.9255136489836886,100.18254523424358,91.56412874362648,82.6500212369377,87.19986979600182
64.2360784301575,73.31872630659464,3.9779651359957295,98.60688247910421,74.05028155646878,61.69982152381253,75.14309017381183
94.76540349725896,77.12744966620116,5.121861504794252,80.92677218661575,86.63845438725353,80.32987564157051,80.14344092409375
93.80091354147451,80.98623461822613,3.813321037686555,82.70373502390326,90.80879826085412,87.6430792378764,80.46712630454665
73.7443729849047,68.14163151384767,4.729063645002364,114.51691703505139,81.95794011046681,74.13257839765757,79.56439992795084
83.95803533437409,71.45279498786226,4.351165467627084,105.98488236252544,81.6610456396759,70.68177140377512,85.6568448784372
84.94030186282738,73.55725652062148,4.341660231952626,115.7507356233014,87.90892494787356,78.84631695552883,85.20962448614128
82.60673765823907,71.08123239437786,3.7286850219317027,104.86987353253778,82.96908083645448,74.64182490628504,86.49216319338797
74.4969484615458,83.67468287918405,2.7834191958642904,102.14485952213825,77.82459425272403,74.40529285714084,79.07885949313086
73.28376632061949,70.71613953086603,2.8784698525749723,74.1098407199985,70.89571144911514,63.577382453347084,69.17177410343332
79.74445929008554,72.22226610256567,4.709352514455317,95.94449954858246,80.6481236709251,69.83768888474621,76.3855959893741
91.72729019259364,76.02194515801489,4.019458255518883,99.58923519394384,88.6451687135664,78.57342034622461,80.17176802831084
85.43600154594432,68.98925236961955,3.8614877553927753,129.2966079740886,85.21355258318309,76.65947533584335,85.67062536943321
76.29385667913894,73.02159644121868,3.5761099576776476,110.30434948148016,85.9268849131413,74.21465174006993,81.46128734923217
87.71698710648344,76.58726630625088,3.694811154519248,123.04091772564293,91.50602892902317,77.07761489370982,89.83714429889008
51.51457379369924,73.33569797808744,5.046911794488139,108.96306558842092,70.16795981739054,55.10903991024998,79.29781103245686
91.48765700372104,74.53306570550026,3.664755918131973,89.33045159575781,87.53823903949487,73.73169092321734,81.53525207914635
62.60286221221901,72.35333943775815,2.6589352866984313,101.75686324224777,71.26047035284532,65.49531853801477,77.01066095337453
76.37559058596868,67.42764845409616,4.743651775540173,103.5433546939635,80.968193864958,73.95267498764423,76.67940573614788
68.80330105373856,76.6079660566962,3.795123336135283,85.91266645343977,73.84486203012507,64.59313252994852,78.36577865393808
67.05318524279095,83.7746653582362,4.031395865532777,94.23418935110618,75.21921306369929,65.91955464454603,84.98442629050243
91.6082678737852,75.09200815391719,5.60757830639951,96.91349509484242,89.99553571274238,81.59513540202744,84.18204953630081
75.32298798688109,76.12632058623775,3.979439442649493,124.08429748847678,90.1892151876776,77.64887662462361,81.68743787272132
83.46503881730716,78.46361377558429,4.289183673118726,68.78889211913533,81.6327884529253,74.3053858674183,72.61914266784599
79.53079421120816,68.65334751726651,2.8210765087016747,118.08727631074065,87.02989696922363,71.4473554846971,82.11136073387496
84.77040827223121,83.51257329064802,3.78033054764904,85.94807147560925,83.44473165350988,71.68113210783483,82.25971335473018
80.76821891060256,76.01164398211401,4.609526045208601,79.41881219095579,74.73945850514214,68.7207151784103,77.27653062369971
67.1700777581143,83.15928449544555,2.4446262661587577,117.69913195057697,86.7875258107216,69.16793772656867,84.5868070968707
89.9626681944714,71.33483502238005,4.20084509311571,110.97847103851572,95.1611079891787,77.7965169647196,83.91843373965754
75.06243416838687,84.09030961278913,4.100791072644807,118.81778053571784,91.56036550374728,74.73228270239848,84.56582256685151
64.4341810134025,78.87577747017392,4.041287455587439,112.01052921318364,77.67870051900965,64.38207372024469,80.69280549751704
75.71884839034088,77.7652004292618,5.037158898658243,130.89767502606102,84.40833220284047,71.40339321864558,92.86668935256296
95.00759790634311,76.17012227176573,4.334438514848522,108.38085755416728,89.26740290356088,79.97901791070137,89.7754942626616
88.50221742113493,73.75735690962776,5.478071898356444,97.65283935815262,81.4054931420798,82.8529564883771,82.89264046339179
76.5134786559214,81.00265829236936,3.006410484405964,105.14389565982015,83.564821140846,75.59061271400024,85.18074317280836
76.50742295681572,75.70179934924023,4.135924567218348,118.65203692518945,89.92528499918701,78.51516364866214,82.40315245641837
76.78364948782617,65.16465148206424,4.084466786389948,88.30937012109824,75.58655299577428,69.96235638212268,70.26617254915664
100.76747983560841,69.414067691465,2.9307455062449197,90.22167126202929,90.45233772931888,82.36856889064094,78.74754535561463
83.81935452231554,74.07077123903626,4.9562950020913465,95.36559978103139,87.8264489821967,79.10797920697865,78.9830991795724
84.3004164719107,76.54999491582778,6.3246733058528175,68.43125801852001,78.22163970949579,73.26663799466394,72.70062071828501
90.30283454031843,74.71705755550052,3.982993925516169,102.0711761262632,94.48566352477242,80.39305455134016,86.71774072664537
82.38789159026514,81.09485394896832,4.505021088273767,71.7080694407346,86.29080119928972,73.14454165962702,74.33110932704501
77.40957854179297,65.24449067980687,4.084518475815328,100.79588969398928,78.45243224517648,61.14197342016556,72.7241548806555
78.03650150915021,75.7179396825258,3.286415330092824,112.97934634202875,82.92554066869025,78.40627004609199,88.2636567472684
79.28398740585936,65.91010387306423,2.179239722197984,92.84685309034246,80.29403359430817,71.72803433725576,72.33371130865478
79.62777763490159,78.79856147742085,3.2942265169046347,125.15673805280306,87.77165269537154,77.37094451600143,87.65166174392633
87.2762954363698,74.52770642778998,2.6080416190482687,78.09248650872269,78.40609545896925,75.15604317334528,77.26226754629506
80.519458858073,77.0980498601206,5.704102078059118,117.86891022447749,91.37705260034303,76.57886997827997,81.90782111253593
87.3264007721558,70.68058519705117,3.884890306076761,110.12705584610381,90.93061830685292,76.14131531038302,86.29110312641387
79.19283419891417,81.39732465828875,3.6540806709528293,74.25950127533966,79.69945763039762,73.43626170255732,77.34112466370128
80.7863519031609,80.20862332029425,4.889153824787806,140.661914485608,89.28846696608458,75.14734760379758,96.89335862982848
60.01799315467892,77.91772151505944,2.878248897144112,99.04382071744051,69.79232331140766,62.34475245468935,72.3275132547049
89.16327674702481,74.3524137656828,3.2331359619954476,86.83773966766552,84.89991189820735,79.06025677603085,78.98173121902472
83.46488475897992,77.89928642647565,4.068072269248621,78.89369207823975,79.78816084649037,73.35895717396322,76.65088112321405
89.98010109859652,71.46553716006325,5.0287689914234805,96.69972958510489,85.24925571705575,79.56662132623647,81.30115842164406
51.03744621806311,79.27777829510356,4.501685045168788,98.08889691415061,72.43589395008964,53.76307840908777,67.85597792304185
100.88374704780728,83.2474044716196,4.248325142515882,101.53968292809496,98.34840191752777,84.86104961738148,89.91876454246783
78.60410371844826,80.35305279989593,4.078117735236017,95.5330576566406,87.05681904553748,73.90434169331498,75.93804257566717
91.08182816737516,71.35198765096295,4.400235855526775,109.4983796517264,86.31434022474266,82.34500494520616,84.97497601544912
69.60094072874469,76.80708658636551,4.201652905129254,94.18555251005131,76.07029742674506,61.336105329532835,69.39380554289627
86.12773905062569,68.53429228120676,2.9700277252230642,70.97553824139294,80.39321271685611,74.34412038861068,65.88666684393034
69.46584436826343,77.86195155587838,4.046079221633152,97.75957756525538,79.3922661091483,65.80285810969357,79.4869863567092
73.76231039304194,77.2530170643127,2.9263113410822474,64.48783519940082,77.84439963756604,65.87098604081378,67.95029007906587
99.14031353866787,65.65091830233918,4.081082542900823,105.30655946337085,91.99646252471214,79.53458221360061,79.97768940891714
78.09317599236654,69.19108078043818,3.5193520585117586,85.31049654576047,82.76227405763464,67.02225489137466,76.77244891832876
82.17432873179723,73.58430551628116,6.539381622782861,102.450405323737,85.92652865297809,77.81881301357748,81.66240805238856
88.70067730688754,73.49570126429587,3.960105616248288,119.71112472286906,93.92378688169715,80.38525979284408,89.14655130754046
84.95681887972604,68.95261532290597,2.5957604337384113,85.76876957098,79.60697915395129,72.45273218775998,74.40092203392346
81.50418905143576,76.94489364676092,3.8658197893230755,115.91884387768177,87.4487750098668,75.92049346902103,92.82768419365401
83.64961002466225,76.25736804470256,4.519358745637888,93.49915649970771,86.58661581176565,76.71072662226531,77.83698158037292
104.03415585238275,74.02865434010741,5.673363946152524,126.29792203098378,104.89152954081477,91.74483646565477,98.48068023950628
79.42381202966415,71.22104249920818,3.4105476000612818,94.5227108020268,82.51152653293828,71.46674055665854,76.27372232879867
82.01099046714967,80.24353563208282,2.41757202597636,87.39260521739963,82.54931885347338,77.51519646373397,73.94796731648616
90.50654396007612,83.27703556544148,4.816837011430981,110.30857675592932,96.9117867905845,85.38326277659,90.21099339214074
91.05525932957984,72.58219258076731,2.619401294100349,93.46315405564546,79.6809224107196,79.99796573626713,81.05244122357279
91.8703030556038,71.9391654142259,3.563844558492515,87.37825728806487,81.08223356101126,78.7680604495934,75.5619326454439
86.38730222029184,77.45603832705999,3.7423795144890057,92.83240223944313,87.41608367860661,78.95303045833894,77.90140565254153
68.56995087269516,73.20985310126507,3.930366546699892,99.33090201725499,76.54947349360745,67.05287026566916,75.20311405937834
96.33431532301096,74.30301399668383,4.689164457074336,120.13270196867282,96.77005965332512,88.32577885113591,90.40729380205012
68.53654606981311,78.69826575862336,3.3163657177136123,70.98868381810635,72.60034866518201,66.99076987740946,62.8729060879387
83.02635465239034,65.45321956246353,3.7262707478332393,100.34620988425631,83.30384933038043,70.2589430628827,79.89405166151299
72.45724149980641,81.59151162426335,3.9857296470506114,109.37355391981065,80.53614952286982,67.87068606919752,80.83153110521259
79.35861653407008,75.36340262164671,4.149597957518788,102.90172862487694,84.9950928324954,71.28923446979873,76.30557540553222
83.2876241030348,72.9425342771891,4.0978271747079225,119.64797754150301,90.84919414506828,79.86407785908055,87.5131690577238
83.21357215450273,74.55382922889275,4.43600577522258,98.88482005362214,87.85515124595958,70.44206473105092,80.10135527934146
84.21920754235285,74.81214677510259,4.843839509641738,97.23172836721082,90.52464031205963,76.88578283544147,83.8736263213426
96.13711269058646,66.34399348277537,4.392634115650968,108.88494320520014,90.92030177323812,83.36645331627093,84.57271890787302
84.5353430151398,82.47469113726618,4.4535855235092185,101.48970722427025,88.57511210649626,81.29841748737364,84.38640048519822
77.55843364709351,75.2066281613531,2.417776833253522,94.14386892579293,75.84223934791507,71.77356646842303,76.79062528016507
89.64087168288357,77.21501065223687,4.0502276991656805,107.74216059379569,88.34415972237328,76.37713579772196,86.76947835075202
91.89470488924641,79.75774885287021,4.479507548001608,90.21207560175033,87.78579675361466,77.67946613715272,81.45586226413184
67.72392184863007,69.8941877121985,4.72894119457045,90.8323427197101,76.62053855820271,60.62333247735233,69.13456073234202
85.97400069849859,77.36735949517615,3.307649225766206,92.0800896735158,83.11098768281303,74.98281430906314,82.08504117782783
87.01172742310898,73.66179454550603,3.340960725111355,120.29603740249611,92.38672568746314,78.75439047345556,85.70992598019255
77.02436496640009,79.23385387608246,3.4258993247164016,51.684754660214296,72.95701435964915,64.07613057488643,68.33662754832106
93.75706813311619,64.36386289824253,4.536413899891343,105.93398252144414,87.29662648496453,84.58603907360863,84.30476282304042
78.49944412967473,74.50452849879366,5.033881054924208,100.51407721300333,82.95396606996833,68.579523888499,78.89361627670212
81.25576453471542,71.9858967210802,3.5925398927083982,74.7869431114282,76.36682477847972,75.0268966370464,72.4518065872354
78.26928175716131,77.16131475317077,4.907962313627049,104.64590168704004,82.4159001290246,76.90470749931566,79.44403166286797
80.15579047581467,77.35022093684101,4.123479809164595,107.13627987747299,80.00820775800035,77.38440209058787,83.6816372601693
69.03724913104799,71.46187052588986,3.875714222837564,108.844588470361,77.36981221766324,64.90545403063636,78.13791093872649
65.59949117405705,71.43913067911978,3.788615770182031,60.22257905432576,65.21495774020164,61.07599296023967,66.58176214834545
95.94505063224972,74.44667315721335,4.746611364602157,120.49584117781657,93.33241366726516,81.14849686438252,87.6607499406841
71.53038651681672,70.51678886342395,4.32557781678707,88.93394942972739,76.39019677282987,69.08026351252751,71.17470462159396
70.08607650543692,79.20991847726063,6.2758254276476375,110.29851620129764,83.46919543729247,69.329109417,83.6022054044433
58.466098863962856,73.15396399776277,3.1477753570026756,111.11610671023429,74.41382102298437,59.90887968089391,75.80924724949153
73.61038252310497,60.46505890339179,4.518101702029976,86.84954371571061,75.75267341726357,61.72477129634659,65.94058512394228
66.76910206592501,73.12588971689097,3.470798990188487,109.90689928527325,79.37746348159439,58.59189065459234,81.19809337958398
96.4201516013637,69.80728089578014,3.130713013011356,94.21760138631463,87.42368307856302,78.43275600879959,75.77761343205077
90.09817089342634,66.84362092269527,3.989132862965028,68.92934230992765,77.89838461466064,78.05786882472285,73.95045940382394
73.11849654822277,68.81286680888714,4.137352479407036,117.51612888291669,82.05853605160212,68.59051914151905,75.66469467266731
102.52435805344308,75.54704235916485,6.9181735550600925,88.37432555475641,94.01427553063398,85.64528664353531,89.76479733110357
89.81765486991594,81.64320414124116,3.815854184316798,87.18259805892919,91.41342662864234,81.28574204938774,77.33680657913419
76.75168616491378,76.5659223693249,2.8698212705153168,93.95401197944916,83.99692345101602,76.46358613215848,81.02760293826192
55.005942851264265,71.9674830589213,4.273010717494386,104.08355087991082,68.71280857151862,62.207732447120264,71.70571232651594
102.90942572590743,77.27952097585352,1.9253599624536317,99.14094383766846,94.35327507910705,84.3911849992788,85.75886835238256
66.10427533236404,72.70454844890504,3.908043217395734,108.22100387060756,78.91156071146794,59.58866788368755,77.11074939893577
63.546012530431085,71.52699815418427,4.0160252822951605,79.90765950207012,72.81823347429128,67.90421840483235,70.14962270613827
90.2257043200964,69.22818665883509,4.7946003829452115,88.86420444353898,86.95051749081543,84.15391524145164,74.98102562089687
104.39752406339272,66.24085596624141,4.973622249427847,98.260043915177,92.02875633105293,86.77541303703225,80.67929074621709
93.84272818510519,73.05038146720277,3.4964303810922823,128.46830938988057,91.11771549151322,80.3007224448555,91.96332754238531
85.6390912005236,75.79026744960066,3.849385985370067,98.29281192379364,82.60331768970096,79.64540760283248,76.03641635780247
85.94754341665286,74.51688164992555,3.233879169389329,116.27833395492448,89.72579145418617,78.09917263437036,83.39299376952935
88.53415558780307,72.92016536026321,2.871937445192306,100.57832753176477,87.57266339112572,77.71060955311036,90.42574618264456
87.58928589786765,70.2712696965161,4.309894779380635,92.74512043843647,80.55999930321087,78.99670352912091,75.3140190807151
82.81191423969376,78.04123095842485,2.726414451403401,96.2991336382834,84.48450341283919,76.20107378508979,83.98722060783868
81.04201103951875,68.41434040026708,3.585373099428137,97.47370431956678,82.79225888461102,68.85653771261933,74.82671921062695
79.37406872100478,78.88013956921738,3.0048260401007627,109.05468608441107,82.00881607963846,73.6321945536516,84.60580730549769
72.46035411133323,69.98891490536637,4.54968318629026,120.61916901364832,85.12064525404845,71.9743394538511,82.5339839986908
77.19324923133226,71.23782381323483,5.801430099266488,105.39521271529482,80.49456386694271,73.21393525011752,82.25899219395613
63.07043185804615,67.66607404692161,2.698412017196669,117.80616518112633,79.43895171877443,64.21198136711973,75.24310079360525
79.0166037320525,72.49298926557182,2.146981517102431,85.52815393555471,76.97617024719128,73.47634250103917,80.37291645356308
70.11408892849083,79.87656229238989,3.8751131146499325,93.78054236778954,75.08375648833274,66.72418040036463,75.24324446089254
68.96410682784229,77.57814044221978,4.015697795957759,89.13546198688499,74.60974675403469,66.74521748909082,75.30936963215419
81.79894151153478,79.89211056014018,4.2186593067572975,104.71666886312279,85.94685925787778,65.82458253540412,84.04432358596362
93.920022863446,77.61071272966969,3.553679484765655,94.6156242223088,88.35627832324779,80.34213605318054,80.04134556934548
89.18316606002313,69.48165085734816,3.7993607011745683,110.94659405551293,87.3573289037167,81.1725340088792,81.99654601506326
64.29499396376823,73.34605387836221,4.367510410540602,86.03497432551337,72.79695450057808,61.11527222618735,71.27533038115001
70.10371863429663,71.09900435441268,5.040430892644839,100.64546459981922,76.50115852331125,65.45193942555558,74.09178498651734
89.40771187988216,81.6528745201952,2.0449512296817174,110.30286866518384,91.26644997014857,78.08562516613043,94.68869511916054
70.1751260646169,69.01605676786845,3.631060560968538,69.02045837439084,64.83189859603621,66.18353656406721,63.94286318347685
77.75366850002976,79.46848844694556,4.213808793941063,131.82446960995304,90.67874963351468,77.79511645041809,92.23995805478786
85.50052099024552,79.46476935054385,3.082023895389264,95.75272172680187,85.78082814211021,79.55298481994444,84.40592749274641
70.31655545136366,84.14810100858044,5.731169631767299,69.6244012948574,79.73158419185279,61.37646867932309,72.9783964038079
81.0537550614596,72.95156703685251,3.364590119771263,102.37140847865179,80.40439284773116,73.31481617429166,76.99866680925079
66.65974505081796,78.56161079790081,3.958707312992717,100.50165201959726,71.9696709144994,65.3138721000799,74.83702097507863
73.98632356048786,86.40825918269421,4.556022096842291,98.7715843064126,84.97976408780907,71.1644914933614,80.58159823470402
83.19781934142537,71.91179161533152,3.4087152111981056,114.8678666939,87.52647307015096,74.28062548727746,77.59511255787613
64.0700626646833,67.3247987623382,2.153426952195583,111.21167457140584,71.6648495089504,62.20519468829772,71.2664747126232
84.40474737960399,65.59994983046118,3.5713454730834666,104.46814286535768,78.54387489430796,77.11572157581871,73.76671213727668
79.80362201073319,78.56356014430666,5.0294405559270405,106.75233450919971,89.93648019814411,69.03450868177045,86.84663538116475
85.52489954417148,65.58424895970708,3.6631048732148614,98.4346232584287,86.73329077082543,79.97344663570003,78.90467816988834
82.23914134064661,73.13840473531039,3.1535656985410214,126.63236273860073,81.24055093237227,78.40128197024362,88.41615213234586
93.64140429973844,77.1865659351948,4.925672209502721,77.8120597246335,84.65698200853514,79.76893327331503,80.92540928120908
81.25224502647907,75.92587768414957,3.6692251039769475,102.09477511323846,89.1823395158815,77.23342501355768,81.3210049955122
75.70594458874747,77.12722432092086,3.4898391863497826,100.9753694678317,80.10700972951771,66.9400282473455,83.71203234629039
81.22297503032284,76.11144927900428,4.1494560896633095,112.1992060909689,84.82787242394286,73.59683837660475,81.65140418969507
85.43298029036387,81.39432906656697,4.770750209618788,87.34219183862652,84.23202427095109,76.38672189518458,81.05879517093653
80.48860070325705,70.23841809630602,6.3817135317325455,73.84491096405196,73.3602884051995,74.46018760209041,73.90160870374476
80.40591691203882,71.61502430770734,4.8272361076574235,102.3523452414729,77.5263311747078,73.14502340029813,75.11632882764303
72.98008312193245,71.13670277364588,5.159839966388344,104.21845738327906,82.34836979855889,70.30338417641083,86.46706307524374
73.37099082449052,79.15095905931305,3.4940338010121446,122.34399114171474,79.7201740197403,70.66785181302123,84.86748101498564
65.97394728200307,79.50199294197532,2.9741318940305237,80.94456930512371,74.0657129303482,65.3371632844148,72.70121182350333
97.4957674318694,77.25612659659254,4.062331349619123,117.3204065007508,98.45477460829747,91.1186783424005,93.86126629085317
67.56136764608715,80.91746833444964,4.107169915259596,135.51121546040682,81.21520551028232,73.66873286713121,89.8741429790273
73.07094802204092,69.10979566311809,2.921487258635403,94.33352668716284,73.65446156546679,67.14566137709436,73.70104149063492
72.81592734430802,83.33612055775569,3.8247054700959873,80.63586670760164,81.5579812931854,70.82931027770212,76.30228723810362
88.94924376944441,82.61619310856129,4.399317601719131,93.89538450439943,90.07716363902351,81.4548059578124,79.35254854777163
77.05050321707972,78.67810998622873,4.36039339501808,100.2100745105707,80.75488172538776,73.94273373314428,78.62357526296087
92.47742072673734,83.9089945438553,4.504287853384272,108.45681812510372,97.15994814696793,86.9002220252435,90.64830239332379
73.26509375756132,66.71688396161113,4.290964730137443,91.12907905242929,78.9221315211265,70.15787053662808,73.42387470166945
82.78994162223802,72.37775931868674,3.492991340729944,123.32797801221014,88.93035142228717,76.45013798174952,88.80752666832038
71.64652946740243,71.32348269659023,3.486099373351157,83.28201527487907,71.52484185136821,67.85506286901584,71.00526746890928
101.45149127773388,78.60739661878672,2.801048602006124,73.911922717408,88.13010791776978,83.1143864588597,76.61468446019518
68.12401580970487,69.74929630198928,5.784775039185095,116.60065636430976,79.74456580409586,64.29359469762353,81.52499490298942
83.09820710227028,78.78747574668743,4.013450364619293,65.88068453190701,78.19704373054223,71.79735163324032,77.82490915557175
86.33776880932099,81.85268071998357,3.775146944205148,96.93805346690925,90.30668554316249,78.015683015482,86.1379220577165
84.13799097451498,78.47601450041999,3.0712079185475414,146.76521693812072,90.68264177653438,76.17689700292584,93.29288750226232
78.14712341122292,76.4187551183075,6.935657902327778,99.81934670560102,78.17383278525797,75.42852320943828,83.13998258806905
78.70179300266574,70.06063329549626,2.9266719677771045,83.18848523955626,77.84206406911801,61.54274191362484,83.15764475807849
80.4381147197911,70.76574516937318,3.5711520743939267,99.1390380431981,80.15907048536579,80.83148769596747,78.10362174896663
78.52997998371511,81.24809452648333,4.4158368362860605,99.237988170707,82.04745382347934,78.23862679761399,77.59489429709215
89.6387911679491,78.89674501952666,4.600212965744277,102.40974910529675,84.12622004994314,79.48059373926195,82.98394943072476
102.10523001591352,74.80490240311228,4.957932055215684,109.9339447323943,96.0353054152854,87.74158525062289,90.65713395831206
74.42508214992166,72.91045227117054,5.807608507769263,84.41333247448391,76.3908387779834,69.16814946317426,68.6517670155369
66.30197020420923,64.87096063444312,4.506157655460712,125.3132208285519,80.08597016954921,63.96983093384859,78.35141339523331
79.11717951648745,69.6457379065778,2.943969200033332,103.67671426558927,81.68876930270117,72.63938108053111,79.09523291492732
105.79709337654319,84.55709543569861,3.7430548748782186,110.90191069602706,100.42255071095293,91.42217173705117,98.45426731191887
71.9632543203027,68.59772214498767,4.307832372513885,90.57775900366536,78.63828075200313,66.1032380071042,76.2492643290422
96.39116805444067,75.94739910610541,6.068226041505824,119.295732054933,91.50837086384348,86.10495965397128,92.6242313539888
96.77700814076441,80.037219865976,2.602194521575703,96.14421386780403,93.49789991243611,80.00770630152984,78.9863360022635
74.46411758292005,68.72538665998854,5.2025765052252275,104.16328770240298,74.18914848607366,69.4788434749135,79.41375772439973
85.68983079185276,75.92355237390542,4.179914369546417,86.00340884219337,80.72556867348888,76.10728451091914,80.32074971127903
96.28396623128538,79.68957768755328,4.837830535229481,85.0460256039681,85.90387319835529,83.08322975426938,83.5160350569184
76.20872259012513,75.06249660953625,3.898005283364068,110.32307959679324,85.42335433197425,71.51234909768961,75.8624197341185
77.96419639897638,89.34201527833385,3.1575673698736737,93.3458975468892,84.57340832856737,77.710840714637,80.60585279566862
74.18319086051356,66.65700370560903,4.750872779401332,87.19265368743434,74.96180482358756,65.97471023946886,67.92808477056427
69.85243269307134,80.2936426494194,4.6544310271056215,90.35224986959454,74.23000325480261,68.15283395586627,70.31438867063237
73.50722454933992,74.13599131301768,4.972056965739722,110.48429607576132,80.68939409250282,74.36906089813424,80.06470099956596
67.76059733237743,78.85960077418338,3.9866953646213648,90.56443208194584,73.7593389413677,65.64526287885893,72.71766547023792
80.34083468259226,77.20653575849623,3.4001779766801508,98.23517602596753,84.46979611626918,74.45273316392203,87.92960215197681
72.30026768941359,71.33421901445001,2.4412130049761585,100.22541625430645,74.86633069440586,67.62451343352171,75.1399881086134
82.33785911790747,76.1449819622967,4.819373268139406,71.23976670984551,82.73169791204101,75.9497352416931,77.57345765557109
64.44104353796372,65.71049274300856,4.423889482443986,77.93310391939723,62.93593797513598,59.26925032680518,61.056072486728766
83.30880232214457,78.01623750285697,3.0342173671360406,105.04416833871343,83.95196831901598,80.24643119630771,81.32504162952031
88.33528961608924,76.49079232995263,3.461426326703376,88.94455958270954,90.28153858614095,77.22916714264417,80.14295128959365
60.062643574285445,78.19330084321551,3.5332411880485592,115.85087366920628,75.70739464886739,61.036278628595795,76.06435615925767
83.74056569847572,80.29059162543575,2.517015568017582,114.50210656375816,85.16494721320875,80.04248946907252,84.97488328144496
92.27668992473292,76.83809920104855,3.1823176033948664,110.78752999533155,92.32272716969983,81.21661505365513,85.9386240784508
67.90358981308795,75.74044709899138,2.866169643193646,127.29657680968896,80.99368463585492,70.76802065023678,82.21960147608954
96.72572386837703,70.59465831669354,3.5875209881120633,98.75366008385225,87.14313277792331,74.20027093679016,88.04747937547643
84.19019009366045,71.43889618175474,3.2613025016704373,109.73322888855759,82.51192749683906,76.11696221725487,82.88979695448452
72.94988144241591,80.93367310088665,2.3729950791332515,91.23398535105953,87.54426004647702,67.93854563237372,78.86141096153823
79.44230922342294,82.18167702852989,6.022590230569481,136.78554869303085,91.58037078138115,75.19275877252593,93.42410360931719
85.58326912521723,73.80944781843974,5.252540731029231,129.75450478654028,85.63392185755288,77.95283258505584,90.26314630324187
80.76005391412411,75.23001373626637,3.2209805784800145,100.17820651776688,87.78789971635996,72.12084437247448,79.59905943333291
85.38755992446369,70.47692812503116,4.27242139665361,105.79879344857788,87.25707194445384,76.19108567965586,79.93536168455755
70.79326406920634,80.86378422633723,4.417465089821295,120.38946399047208,81.87600731652152,67.02742881096573,84.84392685094285
81.69360824036077,78.3270841184589,5.191085854773477,97.79290742778839,81.62326216069467,75.92880243694358,84.53621770139533
65.8628550309502,84.70608718231874,3.1813949733399216,90.15063893800443,78.7119393435803,69.89077820178566,80.03487492802381
78.88773938651299,70.60838461410131,5.092106783982426,113.10984626510324,83.01681002643741,74.1173013504801,80.22975781840235
70.9609235853521,73.10996050490891,3.4520946957930647,101.17658869125505,72.21604369664374,70.08838041858489,78.64775373875625
72.64470057410233,76.15722961262786,2.6641375958313867,102.7449167446789,85.34663617317244,72.64285906487937,77.75839785370727
92.36093175210438,78.23244768862885,4.7241365593144975,87.48592985398052,86.31782842272054,83.99352376687042,81.68297319678089
90.9131012059427,73.92166181226183,5.290758424122428,74.23491777454905,87.49582375341923,82.89517678434903,74.77436814928058
86.09138120907177,70.6351945477315,6.587908973530684,103.54213614818651,89.43877196974286,75.2972661523333,80.41027714817166
69.07687235327421,79.40703764461786,2.8002747349097863,113.57443062241299,78.35243243454761,66.80954952113704,85.32351583831816
76.83591550305198,78.6056768127279,4.698919685080789,96.61289876385938,84.89170210971376,74.30426345424499,79.62837146175143
92.13097699979184,70.41862949718137,3.590198756206467,121.546442793383,89.90505813375653,84.00077491324251,87.13773293624376
81.41716913639905,81.77721400552748,4.783358710524031,89.44125511876683,78.00823390425171,76.95523156472107,75.87220059162715
103.19329539981695,80.85099354598302,2.5295104487687494,84.1794331755112,91.66698894561608,92.42491767426552,83.79493917663322
83.93317839394372,75.67148248623896,2.737230224301436,98.99154539205803,85.93297854901414,75.70119082164547,79.88307268310425
81.92049116490031,75.39798931188018,3.224125176833516,98.76111136973064,82.26606722365469,75.70888589491119,77.42180923684964
76.908835357975,77.77028885557954,4.0789640456680845,111.54953097002834,83.58216191145853,70.32104373302012,82.7449897340923
81.33540904782282,70.69148464871871,3.3589187334616444,88.37555763904022,83.31685145446708,78.5189533676155,73.98739692293067
78.47530163619456,75.15015739582041,4.65905434391342,120.52141355222346,86.67236812254971,73.62362448686717,84.67185255456015
87.0810867668859,64.2380822769541,5.026894618257915,129.5037544376238,86.68551348202487,77.62468563662804,85.31404077244885
89.56702316794585,79.38227822751467,4.599577541245356,99.41283959547488,91.04681169644881,78.97766158691773,81.29890169797721
72.14010539492051,67.1925338877907,5.618787639660868,118.74565630276479,81.13184958917924,67.22432683282,77.85217204778318
66.68767046442221,82.517099142145,4.415826629455343,84.1525439406211,67.80624202153824,63.18454801754701,74.94577362404074
61.637946268967035,73.34939953016774,2.7831032896598327,116.12832311772874,77.61282668735993,61.97267745948405,80.83358825910855
85.07991326912544,73.94166509034412,5.3633765135383396,115.70914612839194,89.57610916184649,73.84614545958428,85.60259054439123
68.96633393826127,71.86133046957747,3.3948437643940026,112.95155920284819,79.03172571575548,65.03075299280677,76.19574319492824
58.471094070475175,73.55980563038962,4.91041849968557,99.76655366694558,74.42294305092088,66.10920411936901,73.84046594271918
83.88578604530964,82.09265672574018,5.573734216555106,55.68626588136953,76.24813588532677,75.08296841305038,77.8830717746799
104.9299951743279,62.5609567173246,4.456688010730399,90.37409284521806,90.76327133894068,87.73097906383965,82.51552706990933
79.93929088460106,81.38482693044094,2.5038411868353503,90.61125973473096,78.05685147356049,77.08367637125622,81.2066887405716
88.38490774451643,76.69011740550854,3.0817878334902087,85.32617592909284,85.79417421327486,82.71216819715706,81.16210196930204
80.81829358547564,68.96489176071393,5.322744466885135,101.833645068206,87.8567968679014,67.68532580260576,82.40812984129842
79.01110346808858,69.6234380347538,3.8308773143571835,93.71554831718149,76.53421148193982,67.39634290509815,78.78310531283003
89.19076482987768,83.38196513604102,4.079573534942166,87.63081985352467,85.26468688398697,76.95072028129744,84.32993764035517
77.09725455811349,70.27246560028634,4.758824416163609,84.1179977762827,74.7998026273409,67.7913386847012,76.18741237281405
82.67392314071903,69.2332474470202,4.696322862080324,89.26730521772157,80.82002381162272,71.9456580100599,72.27179736597405
83.21697806196013,80.68657271182364,4.2787998123854605,116.82248817774892,86.41772964275434,76.83669752013613,82.58036876259172
73.31909546356951,76.69276438142957,3.7913316287795342,90.08462418058758,79.32717718128204,69.37553247476049,76.233986133038
89.92042349536523,70.31037211731801,3.687331554267643,92.27591940350091,87.41776025541247,77.71653978869524,78.92839760850374
78.25040243304592,76.0831248770231,4.857898825291343,93.1495357746513,82.66887735745064,69.79910550969169,76.29270928763977
72.44254840507155,69.87123658179861,4.553569531067794,105.0849027071413,73.34973639469618,61.87697725226086,79.11307827016952
85.36509843570404,80.50410699211302,3.7426999993822103,106.843742327928,91.56230277648555,75.39991857643996,79.49492215009204
71.01532018208962,80.30685482436567,5.082112312993141,54.33015191135257,73.78606039468538,62.96407353662376,66.16787604098685
80.28181157369129,77.66003099410972,3.870965884870216,115.32452820741412,89.38140143208732,74.879404241842,83.10546616970248
79.90881003355797,76.80830530623508,3.1483378256656067,121.54552051365631,88.7393612399148,72.38733053738238,80.64569057952697
90.85895565831578,83.80594062433687,3.2410293010966553,84.24720193957496,88.40537127709901,78.55296524443474,86.81221084909564
84.74698232879953,74.99843163694112,3.021259163690234,85.41552632897748,85.3554200320258,71.29859210847795,73.15293400422425
79.74973041254856,69.09062937289599,3.727589983396313,93.24619918332593,85.39459331595826,70.98788498413555,73.66683899434084
88.17766299200287,77.24736956416153,5.233724278336193,88.65993970815093,82.65928134461916,74.52616412159489,83.02622956546904
93.90207549017313,85.43023524768557,3.194904818969491,103.35890310919909,96.80575561051332,81.53595916734646,90.59981427655755
85.57810306351863,69.92620253407074,4.188475761018103,70.80212070461704,78.0875327149834,68.9051095985214,68.64818938353662
80.10352619843381,73.19268616653007,3.343310654372587,83.2310858794489,78.60109803441716,70.8975905190391,76.6648680219422
66.8816376764984,77.08223019050726,3.7396909587285623,123.08795800262361,76.94745652065285,65.62885023027853,83.09967995959228
69.34886336924627,74.73047575497131,2.489958788014748,86.07670048977974,73.70354215932578,68.13243190034777,79.58862493974395
76.94775295645333,70.08848209811343,3.779461770843463,118.65142417154388,80.61685724514857,73.6469875878121,82.56131528289878
73.90487797840717,80.60928928115236,3.806294620195038,105.33007293385205,81.19030653382137,71.16886579412855,80.89491606926977
78.13028697014553,86.6002036100863,4.540287944035695,72.86098428117613,76.776871067403,69.54588363459439,74.4059509256193
80.56649924897107,75.98065729511954,4.223280913255371,109.5299379282431,84.05903732805653,76.05291380850532,80.3454592109215
85.2969275435673,70.47965855132,2.8016078750479547,98.2349904671072,82.50118914703569,77.44985073866582,76.28262319522771
79.29501221940909,67.25519737473263,5.0841982440435425,93.1679941562539,79.25634873309588,71.28133128322662,78.85850733312157
84.86501643826202,76.28987990610591,4.210303040221995,103.67435639758006,81.631124187627,81.77655735435938,82.5795011943987
80.6447441481012,80.5193867165813,4.198393517177487,107.11950228350189,81.98537345420715,77.00142536646938,85.50655390143916
60.24533433646128,77.37583873247691,3.990817646614861,110.6138773296193,76.94301883075065,65.82365949869967,81.81877057326886
70.60664606181246,74.98798079540573,3.4822425527777803,117.67379271322004,79.29038571623943,69.87788356937634,74.0425782713053
78.55912444278384,72.05364174105347,4.217802339748726,106.12203869167534,85.7654320867077,74.60718047679433,83.3889953472388
67.90305257158893,69.53918183640955,4.475588435928582,79.36548866820458,71.80974657999624,60.64343192264106,68.86548967383094
85.99928729996205,79.17375663162441,2.253104308654445,92.89531813523213,87.37643114799944,75.57397086105239,82.33622913766591
95.30750832343698,79.56885810692793,3.4612391626539045,144.14572502902934,104.93175747713082,88.90706369506324,94.49020320621293
92.18761851697317,67.27135106654633,3.7450530295964106,110.86736590572592,87.8940606271356,81.25438166169756,80.57805221723586
77.86557129069791,82.94919489090341,4.256170605694278,135.53930951217245,89.62756295937507,78.81156523321584,92.52913998190695
94.90726136849952,77.87035610447,5.193311005927126,120.93151123298779,98.13547861957747,88.43208894272139,97.78598871246828
81.48667457202112,81.99797322572897,3.2282591854032177,103.62703107333623,87.91950207872587,71.70221489878617,86.64612824648717
76.62914028881961,68.28936125757443,3.502038153182158,104.52110604671677,79.49381261687981,67.51431320196565,80.7566375885878
73.8659733645906,68.1708792229228,3.48746588935345,99.45129940184731,81.79763081934477,68.93635431568175,74.2380846216269
76.97530313511872,74.25515345116352,3.1984724098954587,73.9329307623025,75.23389806683868,66.57626199311335,69.95704319930408
76.11823181458772,77.51392213447598,3.6528135048877375,100.27070878702337,81.83103656819745,81.699380468707,77.11422276591871
81.70416222375488,83.98180411463481,4.770802219987971,118.16011828813296,90.21939417839604,79.6591090655024,86.89479904392176
81.60573981049865,78.53039456907565,2.9461645046356546,91.00540007768194,80.05390305727657,73.82968671155561,72.92880716638412
80.03046020153414,73.78659361593984,4.427814395152903,106.17929498592714,84.06260479070893,72.28989796296489,78.55801338391609
84.3693816974635,69.86815396167054,2.2980977699816645,112.77386568839796,90.12000048410614,74.66196930707105,80.11519771332448
91.90646274786342,81.15000286359574,3.438662003557794,86.35479341031287,89.2479620615573,80.44364574676979,81.6103630997247
89.49554135441323,70.17647287124643,3.670510699782014,93.23045703484503,84.90704529472454,77.7586619582237,79.17269274774299
65.15102031550097,83.14234277386161,5.674859672914065,84.73132764284261,74.54666264227188,63.38960204156802,75.92365667171954
54.46078865098045,73.57807675196746,3.725197695247312,87.6675158996589,68.20244138575602,55.71190316091268,68.20034980795405
89.34319911239274,82.95291036308925,1.7987565265490817,80.68592074520409,88.12383235228643,82.4778229929326,78.68108828520863
66.33121301584579,78.3946564502964,2.00111109313875,86.4932730793296,76.01048566086087,68.4806124047667,67.29063548887895
77.75234598107316,74.31502255278771,4.034029586346681,121.2918352119676,84.83685517193514,74.80310051883751,82.25385023117555
68.2988697394064,72.40301814086936,4.613770855789909,86.26784456364561,74.55963109260247,60.52430783205105,68.79254303438854
61.9801956241998,73.2954606132696,4.375455857627252,101.89688828591035,75.23547846247041,64.08995338144469,75.44098362752526
85.41462728204787,77.1415834618762,4.167570105800991,92.45696869493567,81.73635446657309,81.0023942665107,82.94826144905
87.59155160302647,75.38578248108858,5.162259597505667,117.68298905555409,90.96902594025228,84.02595562922671,89.44257787803757
74.2348959927328,72.03094295965647,3.4604087792628686,119.66743444905424,76.5223469930934,73.4631880688317,83.78962411921887
54.0895770785509,74.17184294841184,4.894910556026825,112.9610497320842,73.82564355528208,63.34097973148148,74.46953211299763
74.53755551747517,75.39288514859575,2.3679851149735827,104.59201829654133,83.02287463780998,70.6572634987928,77.45575635963453
83.91804005402547,64.35632952792594,3.095052167061934,96.53410694738652,83.12488386893341,75.06931475894643,73.27442012828274
65.21088431225871,77.2908405739435,2.192958605068184,82.12187943713126,71.25122551973678,60.973855807388325,66.8165184234928
81.83359919779156,70.10139387641597,3.725154699330208,129.15293321683296,89.07746038019228,77.28504345404158,88.4132049205352
79.84690150827005,69.23333798397127,3.9537387827336574,88.60490473371169,83.08166851096561,74.99927558531239,73.86755953311757
85.79291499601088,66.56327826444645,4.11410149222652,109.95469520549263,89.50909911253434,74.42701408580704,76.72995394892635
81.19580368414154,66.03053751066055,4.061883352887135,115.89348358935096,83.90443005074816,71.33479611844798,77.8741353826468
70.26931059118445,68.22276248443855,3.072446669188272,91.67079254642006,74.66084610931532,65.5729295902303,69.14754293881636
91.96571501664491,71.45489521184754,3.8097591555867845,115.57018790973943,94.24707300358658,80.72841614771707,85.76475689555075
78.4147042697303,84.76629568763283,2.5025533313942514,111.46319805008284,82.67772973852445,77.34610000072371,88.87451562141413
79.72695460490068,72.37060162052398,5.36322897513225,125.91945753072648,86.32564496423498,74.07878315978995,84.1067071098445
70.66732040926804,75.88875053134015,3.696373927101999,92.95980300359933,81.06859472407642,72.39907889170713,68.59250263093065
75.5671774880849,77.00240693253164,3.5111138809563087,80.71203974080427,80.30343178511272,65.29407494765016,73.60825203130588
71.15197285973099,75.65532593107925,5.588940328444083,92.41765366833233,78.42280030864985,71.38411266039128,75.08189499640909
78.27053940076577,74.61278269637003,2.7577534664507706,103.13280313801498,77.9039432675501,70.17938815525574,78.84837801044253
97.11708480142343,69.02353118200378,2.874412885968031,100.87319090627585,89.57795052604135,77.06176929272713,80.5116140732656
66.28098857068643,82.25463774139607,2.903779675131435,94.09843155588175,75.15720369770173,66.63336728283899,77.39864375018203
63.86438602123259,84.03598321818943,3.932128618300518,71.36203811534136,72.80172516942308,61.89142097169998,71.40246126067298
94.71170327493608,66.58670652938657,4.4316316296375975,107.0572449419366,86.75843569325045,77.96442282428728,82.40275863178532
77.90676322848134,69.8798570455681,4.7396754681178335,129.585167186233,83.23116952704568,69.10838293649172,85.66913898787647
73.30927261340084,73.60094828811496,6.571995317494968,106.96376857184505,74.59027820620248,70.03424725278313,77.87040407040818
90.39904687396077,70.17731102544904,1.7505675457992362,109.1370327858027,91.92059411128568,82.29116103749793,81.27772479158645
73.94384460263136,77.52982776727933,4.608735589124417,108.58667959232653,81.20976857454805,72.9466743124391,85.17343459290764
98.26009713546937,71.35863898796694,3.4428694274277687,105.955700048236,92.54450456762235,84.33776297295918,86.70490639114706
86.7792587133927,85.82528033903301,3.4135848511112266,113.97498950302142,92.26685549469913,82.4080114509087,91.85051303588145
75.12088591854297,80.95274297171798,3.3802278717461225,105.93060521778499,80.168107882637,72.11252105728892,85.58536220546046
101.57308213265503,76.06287015316107,3.091230329192027,95.30984245520087,89.19929890189064,81.70735785957342,86.76605040611436
73.94285076996661,80.13493131659867,5.684524834603452,88.0601663498687,76.17644515540528,65.50448388807659,79.88971410769565
87.42095372009307,80.52950212178655,4.8422973270139025,96.26539517078987,85.43713094695369,78.05973631923948,78.49274487028131
82.99292580406492,72.18026255970878,4.023195978557375,104.71194244675999,85.59506849819425,74.62336197781423,81.16390938956468
93.01741289398798,70.91891377729017,5.351015752487,95.2587555831554,84.98408028149899,82.60815566093538,80.34197525233138
95.61511196726853,75.39071531484824,2.4874710347011244,104.71508024697145,96.856005625737,85.43937804282227,90.42576270576731
80.32004149065767,79.30818062248972,2.669294868669074,106.58725200550626,88.61830792772336,76.79471475358692,85.64942852328001
72.46582129653817,75.6953019932671,1.8220322678053122,112.49769146905273,84.04832141583742,69.20967741103058,78.52425932132272
84.59972142939117,67.11501758904501,3.3005854598767126,119.2419245325847,86.25383273649425,72.29513086435942,83.64987489215066
73.22284630247894,70.98587778024579,4.161698526704753,101.17011127718287,83.10022080058171,69.90027772912336,76.78103160149114
100.13387247526623,74.63013568202811,4.102858577932334,80.38335152278509,88.28891621122841,85.0304795714236,81.96647698223393
81.36535331082737,74.62167197837086,4.149341911059881,94.82343854771214,82.35501590711063,66.47523004061473,75.53000830005962
76.34678448687892,84.86271088394903,2.588943168933918,100.66093851109899,84.53321114698517,70.60258647717247,83.48274519847281
81.84680305864909,68.07006028800501,4.803154742614022,72.46346865734364,78.42289794308621,68.37559310060453,69.93395136066005
66.52873710470304,77.52794620917938,4.239627518238998,120.82996780153724,83.02343296424563,68.28484164000564,82.66058498536961
70.28385961489349,82.44556554164144,4.733054281465998,102.13566868765699,79.35066280028336,66.9362198758796,78.13410391989225
92.00413907944426,86.35724872711398,2.107237822409948,105.72029251870427,91.6650452855603,83.14228252072685,87.13511050352663
73.43105721028604,72.97801288408019,4.31149085879779,120.48289693789398,85.05636981528191,70.50207086159787,85.50949624111117
69.53089017318061,77.457147263601,2.812234760082473,90.5478575478648,78.53909400292551,66.06852437281012,71.74628288335268
85.36652752527286,77.84880178599323,3.6026767474486383,108.61062896326045,86.94024439136274,75.86182456233102,81.50927452178541
91.85704154662997,75.97740865776646,4.534364898636383,98.35203815347097,84.08402328216741,78.68139180254198,83.06149642861203
87.18953310665067,74.50577399380347,4.091093606255913,97.23869699476121,85.18139922301948,74.10705254351075,78.5668366935874
89.96047685805816,77.17987694750023,3.148460020220681,88.41711418293431,88.00304774836566,79.70902124637192,77.78155548839584
72.43204911430539,62.33876957390157,4.0062731561844185,124.98404820529791,85.73134292526053,70.53932340528588,78.82730350222927
65.78189333258156,78.41034745031315,2.468464684756357,94.36749939886644,71.94052336261167,62.52294804759783,70.54565396161868
95.01333651955487,75.63088951830984,5.150267395898296,110.49196370343553,91.5296408370556,88.2603232133794,84.1280010936931
76.77320161157864,73.88762551610867,3.794715980503749,71.87488918792096,74.13912721168036,67.46460224468524,77.2872271327438
77.49166983544953,85.23431097859779,5.118549944255326,117.6998279453468,92.4353648130935,80.41425875733917,88.91238999695601
93.28194141849058,71.62532990604724,3.473468312903957,115.78316733935588,91.52772547884513,80.29351287603497,83.8618364129309
85.5623000940066,72.98462005467485,3.476424011593417,101.46151165445954,82.59450111734023,70.34836430414593,82.0040248002244
84.55887772081607,84.95776651102366,3.2358132133621536,96.59586300793113,89.08560858540304,78.91664103156074,85.68709908560129
101.65002344901083,70.83969347575072,4.876173931693075,106.00000008420349,92.5506216171178,86.99120548150326,89.04555379607908
73.56481769619857,72.2494235853173,3.290568842671524,134.33185991320434,81.97950297052864,72.45419959629295,84.66429695931811
89.27840128081237,74.26487288284575,4.644595432415176,73.55144951644772,79.41509202996254,74.31292240461089,78.5035143396749
80.57013124897084,79.20367241064774,3.61754760233071,111.73041081361191,91.95613013390305,75.61389239664886,78.21240360805642
82.68592278863257,76.03901253676656,2.0240367001083803,86.32574046769146,82.77484458384377,72.12055552370425,73.93749808180827
95.28468426412532,68.5368732642387,3.429685932213534,99.70122405550403,88.80989768201407,80.28422751109943,81.93152769385048
85.07835756289624,72.33915718436405,2.820891785637152,96.28179821382005,83.02969355064891,77.9500117418515,79.94165406233846
85.38296079049633,71.96322783393894,4.0339027236823375,93.57522613303367,84.27533077076122,75.93598661534746,75.66372444952931
90.72507337309803,74.61389477388477,2.80959226432551,99.84302306420906,88.8369767959963,81.45293867348515,83.22353450097388
76.35047270457115,77.12921829314915,4.925975100714616,82.98743282083313,79.2805923990904,69.33186255364991,73.3710628528847
71.60790332660994,77.09102877943987,3.908924139646973,115.43770654191951,82.75422929031879,69.29155878259627,80.93367048350436
69.55190805978967,66.11994122975798,3.822404005241261,73.087847332021,72.2181412806672,59.18571062288569,69.23319274562657
60.33643410623998,80.31970493780427,4.655892137787583,108.09646769242514,76.41832432472725,62.430927596621515,80.6781254414339
100.56207129940321,76.26284422998312,4.963906934075863,95.10196221198143,89.7428555478425,75.63305487347687,82.20265469283116
68.96791634278317,81.92266023796952,3.979901248230348,82.4361265928882,74.10870301348051,64.63621873845875,71.49370144741906
77.78746376414227,77.22099163645336,3.2287997004507094,103.03575055898042,77.05300337437917,72.49750908014663,79.2343731919768
77.2318670011108,80.50661478867882,2.2260303838878706,76.64573369940283,84.40011906355556,72.01864052954178,74.78730509471988
83.07406697809101,77.33272655725064,3.31395024296482,100.59570732579452,87.77565172153413,74.8959176226058,79.52763461849669
88.15737212539297,81.73112878101374,3.3827877533520385,78.65684638282669,82.17746126351344,78.4876330717914,82.43322023713188
88.60473488359746,77.6112531800889,4.107057452992297,106.91908126476747,88.53473084588683,73.24833945378148,86.01392019638118
74.16922561431062,74.51042376778548,3.654853118861973,86.13463999554436,75.11952382586672,68.21205887696324,75.35508048774605
78.32878286213588,86.3621736022344,4.687932972051428,93.23508974456036,88.81649639197782,69.02349833064937,78.25585019464741
82.825799504883,79.44518561139947,3.3870167287293107,104.40924081914743,82.20737377975097,72.73923203301936,86.73804896227227
77.51308873816453,77.86872210502207,3.9429588331470584,88.41186832236646,80.53725872483322,70.7555837358629,68.63531990229978
96.07345576019992,68.61847791730833,5.183987443196889,99.13054000497546,88.64119447291269,85.6280137480195,84.33182736825482
84.90974951638252,68.5584619126823,4.341825213954967,77.29254248132719,81.39562024178423,73.93459915230437,75.67365423542503
87.34877786049817,76.46357741070926,3.9399624583114354,109.46313405394233,88.5880575269074,79.0969848410775,83.44963864283157
86.62881268667412,75.7276059888412,3.398055558064823,126.47370708326157,86.3926084824819,80.05139390550406,92.22655195780611
91.73473857485325,71.92938717495842,3.366768603285023,141.8831330186494,95.40613540004522,81.81082406248368,92.0786823287314
81.81021558703706,75.70491349806031,3.149386747048052,101.36752219999659,81.28853830381077,73.04685270642072,80.82661374737393
67.03168052044154,82.94313464021798,3.4589931342171005,111.8230621119578,81.34803102776911,69.61796890133841,82.7799588725543
83.99687951752642,78.47701237275149,4.7556658387443145,73.29061490638766,84.97776414530159,69.74207670424586,85.18559714220025
73.4864310620817,69.29495745123631,3.7781117287077315,122.54101489458382,77.19944118550245,72.3619249406745,84.99918450632018
74.71383318250243,74.44245586428528,2.6502269306187687,111.64342757086159,79.88269335157129,69.98063533115,82.60291683491181
85.86364018755093,70.97516759573719,5.768169293059783,92.74099832573151,81.69130810559841,78.04080561816582,75.46122061014842
92.38283071433636,73.06150041795719,4.319965191145163,118.55771200433514,91.10851111629725,85.21304660343755,87.65764163767781
80.21271576736062,72.93192167185178,2.5930565994868306,96.18285885031987,83.70218880756424,67.57235330225018,75.23188431991274
83.08833012598964,72.61177208697997,3.558151072759176,93.12962225478165,81.7888029946369,72.2993875360622,80.25366863904661
97.02214944635239,68.72432314013302,4.110886382828418,107.13002388141237,92.21287325694274,80.51566225844024,84.41691394494086
82.40753179488568,74.36172659240906,5.704592093297377,84.04968250254522,79.01536045380901,67.85410795977806,72.96149457621856
106.01683114180395,72.19696181576344,2.8918875417411307,115.32437146599922,98.71134019925879,86.77351712038086,90.19208381686306
85.65509645631545,60.35275654998866,4.976040719355947,84.16015282109734,80.59640272194252,79.70099607362836,69.07582346091891
62.39237240844182,85.26486012250831,5.399486426972343,84.2491781526522,71.96852986498982,65.28179161616653,75.14952193775743
87.53341621104532,80.44384827108335,3.37134569492543,86.35465317387498,87.85200215053476,83.33328317354118,77.95469737035873
83.81158384882778,73.11849637537502,3.7224863811397664,111.39250056274183,86.64920789387145,78.90944359881483,82.8798347027372
92.89752754082745,75.094095248703,2.9636907526262295,90.74836957720439,90.55941605717487,77.90301212419469,83.28995195472976
86.73181351269959,69.14172826341219,3.7965388589196953,79.78006323449247,79.83983206793299,73.07978037962128,74.03157602086051
78.61544016016227,83.47861438905433,3.963410025657069,90.91480000096303,84.07433936504204,75.11811651729116,79.12662450624255
67.75701763710634,84.48644347386556,4.6596499980823705,99.5193644397927,79.47246105344404,69.28191933124354,80.31029995351106
77.90976742713974,75.78346864123262,5.090183471020447,82.28541274503422,78.3673884159268,68.90808775901083,77.11274625392515
71.494795457907,80.11765322092673,3.251903935378353,82.72478336448485,77.4296320463434,62.988097137178244,71.34293154752548
74.19476550195277,75.87643389466962,2.0326749357740055,131.66944501149376,88.00789182292813,82.92564163699858,86.61323416580882
85.88578404420609,68.31637280562035,3.978755220723758,87.0915189427917,77.50528843864784,73.87832338697086,79.41459981136866
96.69904504351406,72.94088315518171,4.29353752996864,95.15436446840489,93.992914941443,81.57517717743426,84.33965941155357
83.9467152982298,75.65963983385979,4.249417687685042,94.49144498801071,78.41549124399408,75.71404680499533,79.88140686316997
68.04116937964815,72.72726140628278,3.673326752490956,93.67964788344337,72.88758903443,64.3772656047058,75.39337888023873
84.4460266822014,73.90673361282482,4.124752099663935,109.32020109953653,86.38874164252715,77.16164477492231,84.20275390793212
91.96631486645651,74.54300221245443,5.515444808352248,114.22214425708074,92.9790993364738,85.92299012725735,89.0507514579212
73.90217095680617,74.59560751067269,4.38173416896251,95.41068352702612,83.57859543713049,68.86602040675783,70.447030465463
78.65982833327082,75.26129245248741,3.6266315749969156,81.45282570111476,72.98665573542895,67.26796990008785,69.94929824151464
80.14688194729197,69.69697466801699,3.4998021829040042,119.11660341773356,83.63275189071906,73.8042332786065,85.24146308171309
72.1510168691776,71.41491925436031,3.8301476423222693,98.56988363204977,71.21647523814127,66.4203917555861,70.91242828837386
86.4828043384386,68.57707867150015,5.6367399618306395,125.95482722285753,89.66403113315465,83.03595186757256,86.91450647727824
78.79051851392218,79.889077748431,3.8166992904738026,66.31621153652256,77.82194557134238,73.77877493495187,71.68819546315389
84.19532443907028,64.47176529079837,3.980205655479292,102.93104831924981,87.1958092626863,74.42524812036714,74.38852863938679
71.125078221979,80.76795171658463,3.517686429063697,128.77909500814312,86.26241655318024,68.22210785576723,87.41608014106531
75.62541699676589,81.93174698631421,5.0989833574419645,94.70103796842763,84.97441391203407,68.0639249375895,80.50353140042836
87.22381357827771,73.4890970650869,5.959837254744675,96.61759864998047,87.32965060875266,77.33522093521019,86.94218610651403
76.27166847908234,61.98431456086351,4.4506130494313885,104.43267537385508,76.75698039649886,70.0571617499146,72.57655355534092
97.26963851233405,73.19344719016355,4.0827729037854255,91.61806271672565,85.09786100656366,81.44668764950607,86.29553240472238
76.00363814385398,74.6790791935559,4.036782833174235,95.318921019209,80.69801221202842,69.0330603576402,78.16523954350988
82.24684725751887,69.94700890035543,1.6156932112142544,94.93277358712895,76.77934428597717,71.21395911488078,74.64533947123407
89.3259083187309,72.42390803095878,4.745150864284818,90.5886889836044,88.86800066981138,77.54352870148738,81.52401995609834
65.81634267066968,82.65097599431675,4.134166415995844,118.43284825300839,81.31726411972066,61.12841521194638,84.73084573794092
62.39191188019224,78.3246358115087,4.428342050660725,106.91617048444652,80.10494722003835,60.93054565761867,77.54825170194604
64.74343685429905,70.3771794281095,3.2885378059162953,103.75942348154953,73.12496743008673,61.74514159060586,74.8059254381302
92.62584103427182,67.01200415202284,3.6155431210229083,112.12856510335175,90.01034145471837,84.17482585826087,81.37606562194544
74.48141854107553,73.36491341195115,3.588975063496827,96.03466250194799,79.44405987286645,66.88275663779325,73.76004143635113
105.58199285668252,73.93271610324781,5.021622984073039,88.38694272470649,93.01522974863143,88.01799993103064,86.37598994855921
74.35752401342612,77.48099593681658,3.621240163396907,90.96063543078164,77.67933335006428,70.24852940762983,75.9111821880196
81.84551303197037,72.32341643716171,6.082660322109797,100.02674561656913,84.41076465807006,78.07668121746474,79.16185694216726
95.42109952567876,77.55749787680931,4.430862419015037,84.11182437440647,85.46476045221534,85.4061601910037,82.18137925271407
100.06092888159122,84.67577020030114,2.7243173400042684,92.49608475119987,90.57653819824917,86.32124267175061,88.21712056774986
100.61503576636397,79.07750511222132,3.871453706748043,92.25825037192848,96.59804554188936,84.37103866656197,81.17281401086986
92.08366230593143,74.75955746334614,3.3483248778435843,131.8683434474352,97.35970353591725,81.73227640027888,94.85701253001781
90.24062525811462,74.08424764473352,1.8056175301799757,58.392775900991246,79.40237868150032,74.25787435953525,71.93846969580464
85.92526949201184,73.21663432910064,5.59947094011379,97.3057041789155,89.94414012216194,75.18690600995937,79.6226214765233
87.78361076166638,80.90320456226073,4.703142542220004,125.88540689222157,93.00686582600319,83.57054454097083,92.16572617330183
74.48814283671467,71.86343277024349,4.533207317899312,101.82766696198681,83.59006503358462,70.96258913652173,77.93834037813798
71.81801116577692,75.22611354499992,4.165403660299704,111.3012621013164,81.68035468745916,71.45809955806278,82.38716291057621
79.96625542589048,75.25598950940542,2.6179824313075626,101.49739472649652,80.04694950396777,77.22034000750429,81.4732694943024
78.29815377475072,72.49107903594233,3.5163828604445633,89.9899992817528,84.79015931586562,76.41635365045916,77.66437368329584
75.46771950672725,68.13767226057949,4.841780774784013,66.3712609823663,74.9057242453614,66.40346051208996,71.26744883524168
86.96387447456715,76.61487251808835,2.9487799702174975,103.08183530554454,87.01458095781203,81.40275203012112,85.59876081843716
89.5530520857051,74.69498014072309,1.4682306837491863,88.36590093096413,87.18653711823907,76.59925988953636,78.57415885631848
80.88406886291847,77.50120234718285,3.772893992219074,87.99496890752044,80.45756801434638,76.76248902791065,74.46167445523116
94.77530081055262,72.33199846780417,3.8582424459724614,92.51519116031332,90.4635595274561,84.15345101204852,86.07631758627521
68.58310885866496,81.10410649406523,4.135563416414709,126.17292109935241,77.09769124321213,73.42678297541771,84.46696992248455
78.06340540720282,70.61613109394078,4.728518643514536,136.07256313380958,84.84450252181324,75.32358716441682,84.97357039963516
72.83177679397195,83.56020142008947,4.637605812231208,103.25811906292601,85.53711244968203,69.19560435594413,76.57360379050024
61.3346338292694,66.26181745085869,4.258769805243921,93.02849164132408,68.82847084402476,55.59828461879375,69.81647482617822
79.17319314157301,77.17385032278446,5.195531388086709,82.34160373823184,80.34925243874311,71.57228783956924,76.43288852621797
78.78252491616716,77.37715341263312,2.4810302191866853,107.02810242319103,80.2177750020841,78.29489652321223,77.16945416983071
95.13449743242131,71.02221466029559,4.50458181447739,126.74358400097717,100.2166890830488,83.48042326896514,90.67064049266004
86.30811684554777,77.12196968930506,4.626538363336943,96.28989419462265,89.58287093597667,79.6562870573658,80.01310147043824
69.75813175670795,81.3975933488008,2.7604377139197602,64.31505938870163,71.83534387700053,67.37380163560387,78.05025239266216
98.54092566334188,63.91590580322968,2.4971293913176105,110.05074507723286,89.49100895662819,82.31146534272459,81.3078121220277
92.21033695525352,77.51372403745407,3.2540578735243986,114.78099567175074,95.72970369482465,86.581486847729,86.54636830393065
85.82097703468615,62.53364589834961,3.3384585574847083,76.21231539421228,83.19430257194567,63.2284105622098,67.68927042915837
77.73515901150168,70.17167598238396,4.75341946350243,102.6472627549443,83.7851575652392,67.74724798900795,81.59767626779144
70.4056076327652,83.14583182450473,3.3854612163089053,106.76839024204148,88.354185535963,67.14101920131972,80.4616043791939
76.27793223928947,72.09108983303973,3.143651481718796,98.90339046986593,77.09428232451597,67.93053643673794,74.74246848343054
90.88748619704185,69.13060017795513,3.388366263305441,88.1384362137197,81.69128652948558,78.52008085507634,79.58221495298199
98.84586305934609,74.0103113550766,5.118632334154212,115.23905835345334,91.61887648614206,87.01546258454543,84.69438409208138
95.43243528272188,85.33953169081776,4.013043374376952,93.94930381046976,93.83452419708637,85.30557394280638,88.73015735866448
75.11150578213726,65.84158876396987,3.820748974643088,77.72220755950102,73.7615565790372,68.17776135788819,74.21795062610342
68.80382566710989,69.74345044180328,3.8899945012989487,69.25788271495479,69.10967058880082,59.69545950281501,68.13632122929309
81.40886246911204,82.48715841589814,5.292060334326523,118.91274279998964,92.19010923712594,74.10870127765652,89.85321180601903
62.31560634437149,84.28851171768866,3.250828273396758,109.24995964706677,82.31641725988938,66.68610398823056,82.82038139388557
83.23167714184781,74.48284387854858,5.3155082909401035,101.31960320693753,80.17917597710947,73.60838998966685,86.01899182537572
78.52397413701331,68.80473648736678,4.210496298921504,93.39588044723794,77.21271765035308,65.92454431819338,78.68931327275574
75.33963498131757,85.4792175090458,3.839580618024652,92.06502378695309,84.57097634493479,74.80411778472192,81.70477970427463
64.05296932733205,82.97221195874599,6.500900497934282,83.86395027337583,72.93781230418267,68.24801478478633,77.05757242664012
85.13600106569717,78.39473493881117,2.9443605102014034,93.52816533160173,82.69187190275795,81.07928288045684,78.06458492826893
74.6729916033809,70.9379882553129,3.646314240432994,68.19869177319738,75.67787433991828,66.73691637887832,70.70259363474568
68.30083164289712,74.75485329580981,2.767568760836,88.95904519797229,70.77693751669763,66.98192732869978,70.03041951126029
51.2773778671835,74.19819959477584,4.952461970536169,95.3359372547336,66.55584303665152,59.74451123187798,68.53827955143434
79.72485094949364,76.65425652307789,5.689188933651679,109.14820070785629,86.24319354402105,72.72525346839225,73.47189988566136
97.72251596669744,82.25500719065668,5.6699227814046385,99.40110304939954,92.26351328683575,88.92364665339248,89.12381082393487
96.6125921454787,79.39708520568702,5.223948753146004,111.92384670813338,97.38205281942626,86.3879405769822,87.5755496825986
75.42903743413729,69.61311961507622,3.8023795322040344,120.23702657670144,81.31946694456009,74.32512195141592,84.43700829589102
73.97787939638219,81.8824822500977,3.6347590225101536,115.87255140736153,89.3175290372815,73.27223419346383,85.63028625598685
84.68774256075024,76.56566070006578,2.328830227505935,107.05764771067835,86.58074316279381,80.95319559952574,86.51861119415175
70.01614560811709,78.43532897929458,6.035873535181793,100.17794018771177,81.19165729902352,68.98870582064315,75.07805171734057
83.01791899819466,82.33270429639302,4.468978078148468,85.28817987379661,85.95137642953785,70.80107087498767,82.94600720966594
87.6608027838469,69.44209875243224,3.508043095130517,111.09916077068975,85.3510474730719,82.30140170432078,88.69364602615897
92.26933223884308,74.82087210646769,5.328056888986968,125.19621073332294,87.99251594095746,80.53560830391403,91.99988463071446
78.99845923520047,72.34272724320392,3.0272354832399992,105.13159059475628,83.61335672182818,76.44267822829245,81.74465866509365
77.96326249823034,67.16070287317272,4.406622034222674,128.75888722639183,85.53914680114222,73.25592035531324,83.61276803965436
71.2201741324344,76.7335498880246,3.8273708657091654,77.11642437908374,76.10365207773762,69.70122693713797,70.33867757787138
71.73119645960139,87.55778275792211,4.638677139880301,82.68754922830688,78.45472819967821,72.68720290876428,80.19373803721255
77.73521108098473,65.79961127747123,3.9364264608138786,112.82802261622393,80.27545299665775,72.76792273473498,73.91962872725577
83.67365506816178,74.83859694475265,2.549072108888776,103.96435315229877,91.36160349180041,77.34886090884774,80.15771902799516
89.13584626233249,78.20271467537387,4.075576372670038,119.70673264857712,87.96057951622852,82.76816744617668,83.24668895988253
71.96821049319655,75.61539100828091,5.048864141875362,99.7679253890989,81.32904547618259,62.74420918182831,75.4249613878821
94.92688568959522,74.4343597374213,3.9707835941460146,86.98036866207502,85.86309728330345,81.29310924355812,82.51865458216842
77.2887639895743,68.50391818277087,4.775115121589086,96.79610136692436,78.02495338194093,66.88297115093441,77.01966920861149
79.78632705651565,76.16393371470082,2.954470514325947,77.00974043614399,77.48843028360757,71.61456550313353,74.24981837562632
72.52788320852177,71.21618011492036,3.973739206730148,83.07113990354448,72.23009471760513,63.035626219974944,72.11988584760635
55.75759739727059,64.05039147510723,3.3754895449114226,114.58665996877015,72.06246972012136,54.50599586107373,65.84283037956068
88.8404539636105,80.97296110256866,4.74698084010471,113.09181121704415,95.97710642784503,86.09754730965662,86.90863371867462
87.36843897092433,79.79192909921021,4.031491562261996,105.44506427209116,90.52400120960965,82.53544695020453,83.04923831401784
77.18672442881787,75.2583048842554,4.690073676336612,74.18383718559296,76.78677447307408,69.2386589655023,70.53163055865264
80.66990717224871,76.14537344102851,5.087710426157866,94.62394636730667,79.6528044372123,74.15649062164846,80.87700056727762
85.159392177041,80.37159006357781,4.691618575121389,81.62500167009924,85.03581109659918,75.05786726623319,76.22492490282052
64.37454143113457,76.12169828389041,4.273118434293644,117.64799880681647,85.44974070071497,67.7508053675084,77.99996665936249
74.70947322653706,79.52008777380657,3.0017877414885947,91.24416799656098,78.61769144748627,68.1261339648421,71.22097950071874
87.94264679621827,73.51258899563075,3.9972138893330986,83.71378433827675,82.03962761533143,79.22042648822197,76.43348826395842
67.45710576830751,81.55991869286973,3.466909597984167,100.44694247682136,76.94934055423438,66.41837188399668,75.22935862340226
82.9355793216663,76.60392862966341,3.6559360432957733,90.39768314748082,81.42585578007466,73.22795425051643,78.90766522779876
66.43418195376594,75.97025971802937,3.625465849249749,122.2561586530556,72.58604854681073,67.7078626215505,78.5728938737655
84.66429982433526,68.64969455643984,3.0200744252177554,88.97783653698714,82.23973918658592,71.95486941233277,75.87026480455361
79.64358517702516,76.43477927150855,2.0426614108660104,79.01157611163053,76.222151204314,72.16457776125591,74.09222321902148
63.848681840944906,70.84022541252774,3.331856951672233,67.70629726363727,62.22006433575006,57.96898184066325,69.93317289508168
91.64739354457171,71.80858636735753,4.193379451924159,99.53820246379877,89.95282096964293,81.12888240024333,83.22286408541244
72.65408423201951,70.92312185841939,2.65182295457251,91.57104829213111,72.93731727229324,70.84738165230037,67.93709591150537
71.89747562985619,69.66882534050387,4.0156822364716245,78.5664309023241,71.94823265953995,63.17249669946954,65.88606635390204
82.00569197230944,85.62385701508481,5.900268424310965,117.83839691883678,95.24703649044436,78.3103267488319,89.36151391805959
91.48637349428715,81.65669530994202,5.023056555252239,110.00867721143862,88.51658904386558,84.11032867433605,85.5746741132325
69.84178181021603,84.60183751072131,5.64354150912053,99.57673181594156,76.1833479686315,68.03989185583588,71.62887843699924
80.61679849847971,68.88552490222219,4.391127876932726,120.464893662563,86.31406680879941,76.02574791596183,86.56278104911466
84.28816500330574,75.35626874955446,5.167509822986446,109.9380405009792,90.7037843010448,78.82090436624611,85.8492656502225
86.93105607263143,68.53246187397951,3.276035269532213,87.65716147722351,77.16127726771161,78.20823102193326,77.46092785159226
81.76441555277225,71.52152561401468,3.355659732978016,84.4116975401385,80.77964015242756,70.3217200435232,72.92223912000613
76.32972160916678,70.40936508291712,1.2608597938625272,112.26972316680792,83.61069956209144,68.40443855745912,80.60225258972802
71.7240977935128,81.1979200322078,5.1861454740422985,105.94550434701027,75.75165887214807,69.46447549596326,79.14761428613323
80.86143883046375,73.01885160949121,5.5403239798198864,102.54621651955992,85.79515461369489,71.02603065147318,80.54814692045166
69.27860988014393,80.34189666847008,3.44682275465273,87.30253295696639,79.17688044699808,68.40397544508478,72.5012486063613
50.78649516505393,78.02060444794259,3.746048293602765,109.11921350508631,70.0625197275192,53.87729026796056,78.83476630067324
84.36559804157667,86.51819376052394,3.2461378863090387,88.66751675299076,89.95341337506859,84.11341229573883,77.8600468256311
89.03934841086195,67.60277888430139,4.382653551477492,98.47020018109482,88.34217998506264,81.11723378135592,82.72471564350695
56.37067564458162,81.29616619893399,5.124932545303241,121.7041621958047,77.73686715281389,62.80227540944751,80.74119708774673
69.90269295290062,80.73220435200363,2.257228026118959,90.0874864628478,76.05989170625806,69.9247115700317,74.65574446027547
86.19154261005198,70.13310580986483,4.4094385306422526,76.4051611439071,76.93919545208223,68.91260110252671,74.17441993762186
100.574954697117,80.0356666823658,3.7233282282808546,84.21179212194835,91.40017807238743,92.71573818396494,85.99824436834517
80.20793707675408,76.68072481513114,4.11339439196669,114.91448240031434,88.21169866128845,73.59305105170532,88.18054101803547
72.71997058770866,73.86261870023296,4.458994001674291,103.82096706070314,78.75633313311035,68.87100995721146,78.9245585912333
78.1710355889516,70.88032256514,3.811797561227179,98.0668393196687,73.75165916828817,65.69874969292324,74.21983091105591
93.74876419148185,71.40445274275407,3.8964131465942193,92.36359292032645,90.96421950102157,81.61501158435468,80.5286609279143
73.54035820875464,85.24906047892964,3.786124832445361,107.28039861329785,84.750259119495,68.96164689438172,89.00012974237663
72.00807993349747,75.00341409478742,4.970316201788282,87.26342723514665,75.3159077723626,67.73387240744756,78.208228113557
75.17256477817968,78.9106500076573,4.418759960127496,104.58498352963893,85.18982525859742,70.1532199186423,83.65137974731876
70.46671391741287,71.04550309166224,4.220583537737361,89.03118146780565,79.34921832298824,62.58107366454344,74.83615936986794
81.22670315994796,71.10073526889181,2.729048278907717,86.53510922087419,71.11776412424346,69.46950019443747,76.94978987441544
96.2467845846956,80.40992404624971,3.6214202567868456,90.43768847762482,91.99884017719258,83.91333053576503,87.6669046553624
83.23079273116029,68.25211894224233,4.898669160339174,94.36888830274057,77.17472899240383,69.67118225484614,75.22722148881533
77.47646497873713,72.92393116047364,4.037696573123923,99.26755246099445,82.37002350741876,69.1547551096781,73.76979636170277
77.08188731084456,75.17013705536117,4.6595314695891386,103.53183692666671,82.64808691144663,74.092116780998,79.98152046971407
64.36809191303342,75.55686300920026,5.766511800327634,44.67452062857334,66.26983974434587,66.58377061717314,59.114034944449536
88.83109777147159,74.10453357491922,5.038606069208816,87.88524163379853,83.23007504840818,78.84471660682654,75.85318181410857
79.22162802987198,76.97909890547962,4.093158337699743,94.12645033965941,76.31942925282428,69.99897254022315,76.54287857695947
78.19520086409375,78.46427877908906,3.489010829804273,122.57593057912496,86.149866690809,74.11512790495004,93.46754781371668
111.93107567844861,78.67318772729665,1.4464504039441017,83.79996087426801,97.69267427808066,91.51269109880744,86.62392947583939
82.98752908365687,70.07098095666086,3.8316150775271476,102.44194927149869,86.43278717690482,73.38579522452174,80.19560419634811
72.48208949904816,73.57922451035601,3.6739875041831507,122.42545464603756,79.65180788083914,73.52421731673297,78.66669001998096
75.73642403794457,80.9738143093847,4.390366194395376,80.30547205079091,81.74166862200447,70.758621558205,70.31411700061639
91.48445709196756,79.47323593786936,3.8460947730253126,105.90962838796604,89.20711761330077,84.48445091358315,83.8317948863269
81.13270410537764,68.13570274259467,3.6796149405632055,87.9659224909822,80.05555851250358,70.52798538400718,78.45210194810744
65.61722021682633,76.75739950176101,2.2206010694927794,92.43049386566148,73.01430698042614,68.1634221831272,74.83166589082114
89.19228934575203,65.10887375312595,3.0600321708499334,87.95333749070028,82.57198939717514,75.13902857138679,77.04436077761171
73.31855914461006,75.23467451030184,4.476651040800557,89.02214037376172,80.1574080079388,65.47437992286866,77.23216841467045
98.73297776217545,84.48883508372988,5.715907631132694,140.8286822185974,99.76942438117383,97.32397380215092,97.705935922069
90.80048065714648,70.26053641365507,3.9024746162543766,112.66683808107499,87.3622986402697,74.7143937058685,88.26033622723298
75.52678104341248,70.8283847725421,4.327811073574123,116.52606792679313,83.30478840821117,69.35091730467786,78.87165406710845
92.81016361735112,78.8201489078643,4.952478156952806,107.37990230254744,99.22710574033069,80.80228244244236,91.17765302531848
80.67855510527403,67.28599242395177,3.18910606379975,75.90614817397062,73.43564638449615,77.29877579090149,71.89977292263156
88.52773675122219,71.83622485057481,4.3668140432854425,105.9243695548496,93.55669280407275,83.9335820331013,77.06178999806282
84.84732817294474,77.98220568790876,3.2595098936678415,116.0939442176102,95.37633553675936,82.921967883403,83.91546480569804
71.53643345009127,71.82857076155298,4.864824438491011,87.19900788941332,74.95113852313851,65.50198146802678,67.36701837915925
73.56450167682539,73.82015006394514,4.1514030479517325,114.4799000074169,81.34495858527508,78.04439533594645,84.32994238605528
90.29960817581161,78.72092855157517,4.29845181398144,110.56504314781118,89.23274086834468,82.51535612350419,86.79007617001636
76.65224667893459,77.1077304176828,3.217401402581411,127.78060067220505,87.13169514847328,77.44448440928532,79.58149922934264
75.96351536758003,76.33409198147702,4.707032359610785,93.73325481229571,75.87918117897466,71.22804247735269,78.58930060503934
70.44877420650647,73.30438860364981,6.0847129212310165,83.5358352658641,74.3026249776823,65.7437973493736,70.64156067089758
84.23599065593461,76.85030557634478,2.992088304571794,94.57557835941182,88.87805232476285,74.91308615344894,75.65220969775706
100.62524919243145,74.38133659950121,3.660240992352476,121.53356489745435,95.46650746736205,87.14187744408231,95.90643428165247
69.32467085745728,77.28902804962893,4.231607474168092,72.57391178737055,72.06481403654108,66.55863499658825,70.81308914334635
80.24219456672758,72.5153398744101,4.786406211995817,68.97436426853452,71.04579129779157,71.12606115929776,70.16005211177539
94.12220555415429,74.0871551281023,3.440453714710531,101.3409291839742,91.02166678816687,81.67447853737046,82.52454972772928
79.20358608754285,70.05021103723993,1.16696970985726,93.36116060838766,80.19923050246078,75.51357886989476,70.75665744226102
84.52371796249734,74.82496194996882,5.359189494164025,100.11591839763527,85.45955727448008,67.3264747504499,77.20631149351783
69.37606471853121,70.94499568185577,4.760506119584143,114.17967656853799,78.63303583882191,69.23831798006569,82.30456310299905
84.28307097207649,69.42976774919003,2.2570524695133347,91.71145980821721,80.66018926307267,76.0058634808339,74.9016026044231
78.12855734995452,76.29330573927695,3.392431208220444,71.90491253604068,78.17819672589253,73.10641853701972,72.50718541875096
89.85729995679863,76.0636988792883,5.568182429527326,130.66722335799915,94.3515727519725,82.55604600552941,84.75171131408058
91.87386051564751,78.91436867474286,5.447796418457866,85.04157568841836,88.10925125444209,80.57988745717658,77.25119290207816
105.89563642018614,72.8443721521245,4.938640022678944,84.11444316981854,92.76283094432569,89.9694097517305,84.50528414238637
85.79633173213576,77.04026423418378,3.8238875660401375,116.55580020583895,93.0740757953821,83.39731987614665,87.40067368002151
83.25796316582166,77.75398786136832,4.08298741881251,94.23266318437723,86.24099161220319,74.43553257654933,85.50972359938295
81.94384301577335,77.22386903915798,3.8690741948738734,99.04915221947783,84.9144056124676,75.70382960811347,84.84421869938942
76.46833707189312,70.8717315859893,5.128239783268837,107.24185186090477,86.01214845420773,76.32807961779736,78.1767597712257
83.38483843461691,75.74681741135595,3.12415759350489,116.25374654664994,89.24043509656539,70.74597572942027,86.26509946475548
77.0459858986097,76.8207014802733,3.1942003451157954,94.99808960227342,84.80312941472437,69.34092303051565,77.12091848531874
81.68460976269614,75.03589233453971,5.010274586836015,122.79928008871448,90.23478388329639,81.19640772788956,92.13553052874471
93.17597535607959,64.56761170814458,3.9556385444884383,67.96300226897792,74.42067826193296,79.28858513744822,74.81097772715665
69.9345743472036,75.8024481198674,5.378467355453808,111.39680855429616,84.43973434592462,70.36609745605072,80.46637906657341
91.39878561129045,86.06265519698621,3.3284877930194545,87.40708662973515,89.73798419401807,79.77956922911962,84.79692694319738
93.17115067339866,73.19980365621508,3.945221639661175,120.58406974911986,92.9009882346516,80.35012477720406,92.30361820951418
78.81931473008922,71.35961451072339,3.0775870151560465,102.13066718245818,82.3954788987376,70.31069030223252,79.92267861254562
58.78145100991405,76.86674279855698,4.007362681423567,89.90642001985897,69.79781913076707,64.67762209824416,76.13472588078555
73.92178012905568,76.56189105233285,2.521453063001201,109.94261639532449,82.85121254675956,69.02652516626651,74.08421873915454
92.96994546561109,80.96367582708207,3.5123665790450374,113.39782520810877,92.02924898142716,83.96999051621744,90.5364500438965
79.77131937701118,68.71065922045557,2.563746135071882,109.62841184287957,86.50373121292849,70.56301633350773,77.66101978822209
70.0069776770509,78.65690126287497,4.693923233191258,84.55455640550409,75.64009848094474,69.18873691297215,79.57671535750396
74.95225078771783,77.95211030625731,4.7165893397596514,92.73974314566873,78.73361452067851,68.69122694138568,82.1981396077689
88.40620026504553,74.28926731529727,2.2697372695156552,99.93890744317848,83.92985809554139,77.82965642289295,81.66126188415845
85.4673356820138,76.69343658960845,5.333885745500573,99.38110521024909,86.95763580193524,72.04044142357645,86.56982744126798
77.61067900830305,80.14728740799178,6.497415126419854,111.24618213157521,86.30982496588136,69.53011990376488,89.47762002752192
76.33175588185313,79.36157690014225,4.046006386736341,69.77648151240088,77.49952179315557,69.07663727901857,72.91839887650194
76.08241850956178,69.28490343963136,3.358885739775355,105.01490581830255,77.08379436179295,66.36833948387785,84.71204756155859
70.77589815501497,79.10079093377742,6.824330591003046,95.6502796834504,74.12713175699638,74.84841802521332,77.71528187151935
96.15375689469442,74.67655697483741,2.6810315016974893,87.42249075424071,90.109220748336,75.4533484210412,80.33096442115037
76.7767953078866,75.36437049007758,4.020106466869098,88.86269833345601,83.6261846999742,68.02670586678768,78.59509510754441
92.17158520825497,75.36598495500847,4.179622272631923,96.78193503223055,85.39087645716964,80.52240644824356,81.55892445000536
95.21316051922452,74.2487850560087,5.345147620452415,45.98372343310723,84.38079907576665,76.01514161470507,70.81718450690019
89.9831089814796,80.95853748553533,4.359738975126788,89.48065643812674,88.46295409774757,76.25317605732842,86.63077591661144
75.68379687281951,74.58141020075394,3.5013661042115487,86.8627776303056,77.91782491946572,66.4891910188084,74.83625902200737
84.03730090336609,69.40226935808415,3.0488156296120437,107.99174813983936,83.54991636040003,72.43492855808391,75.34230401471922
79.75804393609084,73.03235072015136,3.6581781797538646,87.91709976234219,75.58441089625966,70.75865921543418,76.77031329998401
70.96298139269872,75.89347358405237,2.993072639054856,96.77329299744265,80.86668418273288,73.58890738463172,74.19968725949228
83.24359281721603,81.14607392148525,4.047825319784683,123.13414941491953,88.67041191570317,79.12737983777171,91.41803203734014
68.20960208840198,78.01547342474417,3.4358038201395136,114.91527279723135,78.49665798587166,71.91266506788969,83.00182791622576
91.87679388461564,70.74732360626479,2.505962206710249,113.5340709991518,93.09578337434951,82.40047341009296,89.03558073318466
75.35382702701607,87.42594958339446,5.255145788374904,92.50191354383722,77.28164533611613,75.8147792600564,84.21287509805623
82.0115965587284,76.32387655488989,3.5023274765709607,108.14548418934478,81.31149739935273,67.23662150502584,85.96548260937051
82.83287871546142,81.37695368999508,2.7318631950246877,96.49153299319609,85.34661565234667,74.98408352265325,79.92601753777603
77.41095026295923,74.24142783211386,3.8317408655124585,97.05860183984593,81.65265122264876,75.30529626418628,80.17122728919318
85.86693801475275,77.66679622352724,4.0683715659676585,106.14528015619824,89.32360500617774,76.35967975752568,89.87872953586229
75.25096343377476,79.19734252259202,2.2535332744209664,91.04509617368602,78.91366155565552,75.6073290042028,75.28758034784359
88.71297297457244,81.09097355877128,4.331647667125763,122.39504656664805,101.18706164088486,86.57031838117838,95.69800498279241
66.54020319753252,80.28684152689112,2.9528424313097354,97.59804790603094,76.48737020487324,64.62918710924941,75.27118563761643
81.26379579546412,79.36098500036489,5.711028809190788,109.27540849389497,86.17401952123143,74.61962765052095,81.74312544848763
99.38928999058285,73.42456634402946,4.5239605120767346,121.83400718885947,94.1502523810382,83.91346650618581,91.21231073887753
69.99668675394426,72.1412697902197,3.6001000098906832,115.47480661862762,80.46741608831584,66.44497397767094,81.4119618467981
73.22255029475149,76.66303755162099,3.2548322296826493,78.86621345964213,77.55379602389905,63.78047506360082,75.57200868035356
85.13907849658915,79.66564036170534,3.895032292436376,106.67343842514826,91.80415643467985,79.35985578335205,81.7753068814918
81.79581781939598,73.88639649611696,4.612790741583289,112.7607909169097,81.60941232275268,71.22398867667098,84.27904057649336
83.50630099273559,80.32585982857194,3.9745058714148005,113.37794533241123,88.185962083496,79.71539673030901,84.06623272861395
84.89187130147664,82.2630837274309,3.7828411928631436,83.30057748828054,85.50337121833745,77.98031748518727,75.29859866420323
86.3472146856177,70.4183954046329,4.058370290817896,90.14447144474013,84.49502988601215,70.32867885030124,74.43018702574784
91.09699841956223,70.8153964810186,3.396141068763045,114.91837353612432,90.13605294160149,85.30218562741481,82.64157156475419
84.09818656928513,74.29812470547331,3.6567940731569624,88.57359443976031,84.04620090014862,76.08240361720314,79.20540905494602
77.58742345381458,76.53806334094598,1.914207561094996,95.50455915003529,78.62057163653024,73.8510374759256,81.51136428340185
86.72573701202731,72.37716493116474,4.9737262308523675,123.63813714252954,94.9747343339093,77.09606592615921,82.20456040670854
98.99881934895215,81.76101339433572,4.298797780321762,99.28301124422815,97.29208002859288,87.97681254611278,88.9255068631494
78.67366253617426,77.12033430759226,3.22654415596657,89.09838793249236,76.58048020126442,75.2399379412351,73.67871653309454
70.25470695329358,75.1972352412037,5.898734981355239,86.83573964705643,72.41823633220444,66.16989348604402,75.63630756847894
91.07080669286972,67.82045238065736,4.0870164803923865,104.99078994377783,84.14763344710616,85.12012251201541,79.44198117511594
78.79618836046401,68.42092091786246,2.963856428024803,80.00277987284187,78.25522198565118,69.39075473467638,68.29851125362855
58.27330453985964,76.40504625140903,4.856737421470458,96.28996054155373,67.94764869655792,63.78201917185743,75.24400415717322
88.47421677150422,64.33702186922582,4.398048216509262,104.99845802485032,83.9846383705166,77.7706114826596,77.42562770149527
74.64671814046078,80.06318704822036,4.394579985484219,119.48724730821502,87.04333583413823,74.94541562186106,84.00239723224466
79.0946671769584,74.2092307781384,3.5742443953484093,110.01322120554994,83.97167369892625,68.64339621898823,74.79156716236349
83.31980330569014,91.21546484797366,4.450495723778035,89.28902323026732,88.10405787280655,78.72208806305943,87.31161118130046
81.90499679779066,86.53958125308056,3.7382417097789054,117.6762897634558,87.6260467644423,76.38744217284219,91.62986580140753
87.09451817139039,74.09275465376241,4.555941451645842,95.50727443678784,87.11669763453781,74.54238850509702,80.34204067270986
75.64513629430157,74.46831498734342,2.095055545989361,81.46445466925887,74.82582345437653,73.86900534897238,68.57849605837367
85.13105798176083,79.97790757001015,3.566126537020811,97.41937961101792,85.4255308145953,76.53145617367537,86.04835184084419
77.40453322416083,83.5158630495902,5.722155097808194,121.57253801718554,89.35694382389336,72.86545636298742,85.88037279696957
87.38810480887503,66.80985471281991,3.2329325445996995,102.47860075097388,84.86525688753076,75.28859227311973,77.68490304692213
86.15367484013053,66.06812267322657,3.3961617025068134,100.18782796494679,83.34639604232005,71.36287771870325,84.7658649370211
70.64561297955404,71.8898259722281,3.552038661550025,124.5581746705428,79.90471261577875,73.87800771997614,79.51105441729796
90.85982116175032,77.91368791586932,2.7851938641113567,78.52967729418359,83.88982356728624,76.143075163554,80.70024980531493
74.64036554885952,77.48436795253798,1.7917192237717479,80.71601328920842,76.8944185129211,70.11976597295234,75.51989483778877
88.08057798281145,80.34885727491925,3.769413601476387,75.76230293549752,79.54909242162739,80.9396100409991,79.24022065754724
83.6728731340134,69.00151235817346,4.135859424081657,105.58972279720082,82.68082187736694,73.47612653052678,80.56627812404939
98.38183676795123,63.41928068515561,3.947494931461348,102.49739690672686,90.27397110111235,83.95351467843903,82.22790245651613
77.76534017628148,79.29007097651072,3.8551214380521133,123.14104550919664,83.85110281520247,72.12657683108262,87.22498180931733
76.50683203881802,70.85901863517383,4.043040870850388,103.65212615705155,84.11559588323922,78.18272836045682,77.6593896592772
79.80580394112268,64.90756067805681,5.022841471550764,93.93764260781046,82.47382263049506,73.57018331207095,78.67645169857698
76.96820217165724,75.72531872979691,3.8095538140707834,100.0269230931716,77.85258497692884,71.13181342339556,75.02077030642161
87.9994190194205,78.96587844109338,3.4259174229127303,101.76561127691437,92.45804593886282,76.7934787771868,87.00584182697513
63.83689391563412,74.38971433939362,3.7188745151119136,74.9235809000775,69.16122012502544,60.702335100259255,70.66270720879649
69.46317580853646,72.71075806908755,4.579346759756776,140.6549746650234,86.38928861144602,69.72353807436285,87.86909901440353
69.32197078420808,74.20318883927047,5.41202687854325,107.79806527152867,77.5328046296605,73.61366311538465,81.59012540355464
89.50307591973575,73.14708618799608,3.3718562608308216,103.15012462033883,90.43200884809784,75.30685671091292,82.12526865952331
97.10613372581925,68.25976444029916,4.098933787028884,109.2274597641787,92.50466358308401,83.65267674854276,78.75052867548384
78.95550781462528,71.42659661504784,4.33835744193596,110.64116470879907,81.02534180798759,73.10156202695711,80.35145780475342
78.31178276809989,77.60639952506907,3.007421993271177,97.89169771746353,78.82128698449462,72.24603063591262,76.4865497159405
80.70052163113182,76.6083927068825,4.020417167212918,90.53138295638949,77.46018963000218,72.8713215676008,75.89384425669766
91.6187830260819,75.8402990298341,2.534326142657905,108.99176029482555,91.17709122452035,80.94372583500285,81.72258449336606
70.72646865809426,70.0242575907331,2.230949696260601,105.78566260797179,79.46815333282669,69.86159214242272,74.57666716482206
82.38368982734785,74.09248418932167,4.366746407892257,87.85164851365887,83.37949155032976,75.29750356590546,75.18015363158123
89.7519762978243,64.11467476778573,3.616125258669217,121.28553417050895,88.37516665539444,80.4210215092879,76.3025556381079
85.01094169939846,75.89238331942695,4.2022804076212195,104.40028054484475,83.1024806282653,67.94332969233527,84.69131376879156
81.89581616598744,82.14428853906784,3.98210502299165,110.94729043401446,86.1326388397448,77.95867157559613,92.4215642013904
90.01046092567141,67.62933933978947,3.0235999513362026,120.87881331519878,93.22920083983169,74.95546766950397,86.5468289156062
52.967677070007625,72.07036163341122,3.9547456980356634,100.32833231747252,67.112202364525,58.56194685964512,69.78497083883758
86.77875319530908,76.64553389355065,2.766898694985145,104.75428010476173,88.04083554821501,82.57196867858181,83.13120515942255
73.45924316872576,81.26421317213742,5.390972358001401,112.15040857759175,80.85111303659795,69.3038092914566,82.12674861353132
61.69367103143543,72.75887691849925,2.644029655140036,89.12708374299922,71.77406744175845,59.95974717534691,70.56015221245202
85.11202599524981,71.53874835367051,3.8042147290314188,100.81077494269002,83.18716028012997,74.03839711989714,79.81140880285066
93.73658545162958,65.15538428791959,2.9577284119527514,101.88322879976722,90.22746475466667,83.46341917700406,77.57445052119655
78.62551485372308,75.51719064654053,4.570421173360796,85.65912172474908,81.87745420173002,71.58678498716915,80.94353948876801
89.52874547202939,85.21038020071872,3.6685686287184973,134.7645518301082,96.1601361853991,89.78762351094304,90.72273626660181
96.12278257988646,76.38679230982338,3.4813332803787898,78.89059834761396,86.72368989840793,82.42948378153798,81.79139590643834
93.14914453584048,74.88860510408144,4.853201545051554,80.52844144469263,83.97881352246647,80.13272258320245,78.45668311336301
96.39964529371393,76.61041155383492,4.029430591677552,119.71339863555369,91.27026930965091,85.74077275752698,95.79931790248543
87.42127491071892,74.94453998025699,4.516644445935968,110.69899376194813,86.21313535777814,81.41721306104319,85.57903737044056
80.75433638901593,70.93492813869935,3.018674063482535,84.61052773778833,79.47627157318615,66.18944904654049,73.12598860460425
63.980341881028316,79.11639957838852,2.595183056072493,109.10933522652539,78.78225465963179,65.637968739116,77.76415206540263
77.53937511870052,76.12880761555877,4.107207962040134,122.01775667495964,86.86824568599175,74.15174372684815,84.95357602843887
71.56753404683808,75.08806625966828,3.681153644505269,99.54605413604521,77.68231393110318,70.45711093956484,73.51580121361663
101.70942717497815,70.12316986360875,4.626434672453945,138.98234350111875,102.9499765312038,88.8480632774438,91.70103859873099
78.24114187567663,81.5175396596738,3.9200915473374502,74.13907283697947,78.9862822715529,67.93790619328442,69.84730846034242
81.23204806784486,78.32351372666555,4.20507533923463,110.40735180788653,88.72481753171071,75.88722632551125,81.16268846875423
85.51485376040468,72.23539581316349,2.376617470058757,117.49792504331505,82.84396698321271,74.49492408360786,84.56130777970573
80.43602446372454,80.00912426840969,5.888436939614257,113.3701585240787,75.71642415630731,70.4135124405235,86.26078736629661
96.95051040430752,72.51214580807397,3.835758014967968,96.93466410031527,90.85077164965004,84.93114506018412,76.96105208685664
73.77350638265548,71.08998253744481,4.697586970339199,95.64337776983275,73.5378852423972,70.25338152918346,74.77189230865103
81.94607455237242,71.20148441259856,3.1639083297803734,106.66217756630886,83.34495383806643,75.79182303553281,81.89477662426184
72.57529414301952,66.14465723455955,4.308009902217341,112.23631729978104,78.10281756898175,72.3373259187609,76.44699536687882
66.79977488779295,77.35771190209103,2.697155236475255,109.03710154423545,83.44653865426501,64.72973732025326,76.74549996137105
73.88230909094715,65.84427560830825,4.452067838259671,115.60086836190084,81.459807343003,65.21019176793223,76.83394680167697
79.62963202951588,68.8577808436712,3.644025915614167,84.71695064399897,78.27752006861651,70.17534371198093,71.53555342973344
75.7069777548274,64.62205995460734,4.029190503935568,96.58343531314549,79.47068644071959,67.36736032640829,71.4009630348437
73.07579020126144,74.56965153604554,4.697974030130098,85.89976101814369,77.66403292860325,65.29229078248315,74.45170460958663
65.93682536328166,74.24839769864064,2.76745968877972,94.20830835870788,72.98830865288727,63.869804101982496,80.37066741464102
79.16894427371305,73.36651893406818,3.315508269387203,115.22831337721458,88.18606911022229,72.19423707708789,80.17059568973737
64.95279625968998,69.78711152664712,4.457324281086765,101.61975881087844,70.85296539445866,58.028792520269434,72.5197939354642
87.60055963689602,69.1388312328168,6.098221474546747,139.10288744724653,93.94207038779773,79.58468284849903,89.47106164906347
80.82439752934503,77.32184931773287,3.861917665338518,102.90109550784575,79.93245504568645,71.22618419836046,79.418557209584
65.42448500535069,72.24724034145756,4.5911361179239325,100.89537820869604,75.6364354311922,64.9477347189967,77.7334640186211
76.90790922950137,76.58179160768073,3.8930285301415197,101.59274379160324,82.71531263370849,70.04157681668948,72.57457351942543
72.47843594409417,70.57375656937889,5.942245594756299,90.43286960710097,81.12150830950056,70.57421882294116,71.87941014083246
83.19174510419181,75.9053137138554,2.2527783330347444,99.1324508143361,79.72431298209789,80.04623092182686,82.89561967929883
93.40450446023145,81.51639018658032,4.094621044669358,116.91682040667469,93.14733394433026,86.48526897762507,89.58902274590474
61.248275303542556,77.93082900196391,2.3744559664379388,101.70956002191659,77.05079123310999,58.09045403540381,72.8678557157423
81.15026079147417,72.9379309089176,1.4934284294632834,88.09810405174792,81.2314250909002,76.75248390142626,77.09106114168206
78.3986720443336,76.28599485177963,4.297462053117816,86.12373069282047,80.28054197558907,76.0656828226712,78.92858124137618
86.71340076450466,73.79667412734894,4.139497796147459,93.24697162501235,81.69063961619861,76.58239376021238,80.09726379161134
82.1319662823769,75.03940092347364,3.7151630622577985,101.10795151616321,82.39845498341468,78.73814989296956,78.08595151304334
72.48030668261181,73.37194473925749,3.8938059099602467,117.90379803214392,85.95699998517773,68.68730793748898,82.5215002524718
76.80946064333382,74.17832397057305,7.098299434071258,79.89267037950344,77.19206395088486,64.02170035692362,72.54593239039154
72.03974143196511,76.06046676537088,3.7418248619685657,95.20260583166866,79.37879348655783,66.04952796575219,78.63359496863183
90.76007138598598,70.03320650209025,4.5101243612500745,102.16465029152619,86.92837515172087,84.31806419542154,85.90876189827074
80.21311648671943,69.9206058650501,3.350635180386119,72.49441348555848,72.36742967227575,65.22325616080171,62.841645673417815
99.01190685753008,68.05728723084394,4.295232575040603,87.49602575550391,90.65329928484806,82.19629123953575,79.77798069431556
79.39339186185379,66.99864447748145,3.7617663249443827,89.8016719039572,79.6424974410547,70.49453951551936,68.42495646343679
72.91593233089537,68.9135865388976,3.58948151727027,88.06044439224253,82.01998966939406,65.15834656536458,79.31911339646814
64.86285607387173,75.79731253402065,5.818898532200325,102.87834317532472,73.2814361464754,63.616335522368324,74.96582880804245
61.96860323744055,70.53606242254058,5.177184963184339,97.59160585747304,74.64887877689694,61.78200091174679,74.21860487457042
64.1586405699451,77.56807232115548,4.136746647399231,91.67070846098446,70.162926440145,61.903057291232344,73.70705963301704
82.67126651011483,75.17356874376281,1.6957880640560332,106.41943939828953,85.81321026726901,71.18282090955223,79.32078176756319
85.08725023229934,65.15747893280974,3.6389907767474305,125.84612076469375,90.55351179379558,77.67745290891602,80.83038630896696
64.18809297967867,78.27487792110846,6.703027564405083,124.58884775112628,74.94817682454818,70.51711865091694,87.47608265409158
88.95038314076115,79.05399322795854,3.7693383333602917,71.15842341906496,82.18521063319233,79.28252226125119,79.52953301871698
75.1693894831656,70.03068662582574,5.103217572053659,108.65608275752709,79.14580983591344,68.05449464585314,84.3233470826025
81.4679301198555,77.10095771447496,5.441942401952601,97.32965064904242,81.7685048493886,70.82442517377476,80.59582614977322
96.12220628255425,70.71750881295401,4.218963915855975,102.32733014298034,91.31935616212306,81.61889129154264,84.20210139680935
88.96839315865532,75.48835188374167,3.1581783681318476,94.02575449686177,89.61372799990347,82.90047408782787,80.06444938356263
77.31469352094167,68.67750796522517,1.5646876682171116,101.76382944830803,79.36999766083423,72.39396365414119,75.47982514533712
71.08807774584713,66.03446773732712,4.684163208608955,102.27111094108028,76.8934769858787,68.66716164032533,70.8849518378143
58.48184598670695,73.08591405193516,3.185243997176452,91.31572363976615,70.09129259578265,61.82595802146195,70.33766749907721
72.8084668075758,74.38135526862582,4.176150451887692,86.55448678262229,76.45256290515812,68.89671454927739,71.4923866285032
77.88869761172306,73.01160153192698,2.7501796604106357,93.26956476070774,76.50873227048592,71.29933895837182,77.62689480201885
70.12820472848816,69.0798472088872,3.7347624595297977,103.51388896685148,80.1896443714022,68.60467811145236,75.61911756968429
78.68743032907695,73.00050468934431,4.033719054901053,108.98494512526396,84.32981360636117,71.47592724067746,81.52077124503911
80.76851882958768,76.34647376290367,4.268593581044298,112.8002346601022,87.45975230379754,71.19389984034902,88.63488267529064
77.75144018191921,74.77553484938731,2.8851778126475858,92.5871496539963,77.69479937076306,73.32219462956634,76.70205623043012
73.4999741917654,75.91250515299606,5.196910948761352,104.25766850954105,79.51730224459814,73.94115780873638,81.5291290969878
81.68654671966728,71.64942399772883,3.403105215268029,114.43753887929948,85.03751626340664,71.77118142273478,88.44011250936353
84.41940649569409,80.8585895735808,2.3255305395467545,117.48392342716193,85.5942437789618,81.2700716560512,91.30891942374818
69.09600922557154,69.1191333172261,3.8909765800365363,99.11750718802716,70.43224072796966,70.62457771575907,77.19898847393871
94.10932379746271,77.4378014854336,4.03437530902646,96.68602412590582,88.22440090852955,82.01845591378621,83.06451541468117
79.01411867715738,80.9094554647998,4.16058943317176,102.86686350754589,86.33688992217216,71.83910103910092,83.09775124763277
80.18849622944848,77.40454046374448,5.362132403685079,82.75438790653891,78.44328890573405,72.77471388202065,72.55645301543
87.08214423256557,73.98737886467585,3.7635511632641405,97.09585733446738,82.47639676613328,75.48110125764556,82.05483502663972
82.33216131263502,72.3585147666851,3.8803803756312285,111.16879597709695,83.05137535959254,73.52572704632165,82.84069088392499
89.53136633913245,80.18043825523128,2.8968156187669063,109.62920694165553,89.66931032690748,82.30706191238261,86.8435646575297
82.87124165201824,67.88512537369164,4.820553502887897,95.94598593454167,80.41083408685343,68.56523558460255,79.80658651887931
73.87562625359563,70.14937869810178,4.1843090640781035,103.2657730163075,85.55077660251733,64.76847293233962,73.0432045017348
83.61503525206102,73.0122111725414,3.5799722727058376,87.63024489563969,84.7590890696534,73.95035774370129,81.63854066293172
68.56273792679337,81.18826878755999,2.0953253065345363,110.55238222337537,84.0321809118384,68.57314164984173,83.7018173087069
81.08559705776523,76.89883818020448,5.4444121950550874,98.83267845795291,87.42916798686021,75.48949866712064,80.39814389420194
79.6677000935554,70.15977120744877,2.7723200355439426,95.86072822455793,77.33469644947617,77.32155528908334,75.89905980906501
77.9188314272746,73.44846147307548,3.408721990630294,94.5741424585992,76.58256100138111,71.55281970413027,78.35171157640269
78.71462488561069,71.92838427951853,4.3583445110760035,99.05659199650212,77.86236970246676,73.75046188903231,82.36619454946889
61.18150954502361,71.45105503883232,2.8034420713833135,93.28183532602063,74.96630095651749,57.681045667677125,70.9806731773227
74.51275092259039,79.8944477927839,2.5064902217468568,109.87214554003845,81.80821256266526,74.22821667883916,82.58770701809999
80.92844901141115,68.14128435368247,1.8760524172993351,94.07074677975729,76.15429586277384,70.2008336019568,75.38849843530816
81.598563919974,83.04390427867187,4.720996952905636,123.89446144041072,89.67045662630183,78.64372754479369,94.7249681286039
69.72324859074041,79.14114845092311,3.454813755273678,121.97815755222072,82.62926512147477,69.87893010017082,82.47954610012653
92.65707840864701,80.45430835301849,6.92727009247333,86.62684765218243,89.28816807099656,84.13944319499957,82.58612649486089
71.33825151785499,72.68530243987371,3.0056449343691267,101.0455640414392,78.73724685475048,63.815202633143564,80.57814114460413
89.69457200526736,74.25029640460446,3.0785489765710787,90.24015067995708,82.99371826604302,71.14895654588899,80.07134268073551
84.27194361871685,67.83424092737644,3.4346070297145985,95.10028655217083,83.90673127851811,73.34320562363017,80.11671872920209
73.53772690156197,72.37668796466599,4.243134655138489,130.03641201467195,82.99588510737854,73.4315221715668,81.42372628756488
97.75310892609512,77.46827423821576,3.5297966612146885,95.38642874326301,91.07847313917122,84.4939508711705,84.07344149322726
68.0636316824352,81.48031530890698,4.612332214002512,105.40339055616143,82.0781439780323,71.83242706050065,84.50721521475477
89.19154173610002,69.46421591598774,3.0214116100113455,108.11981941012418,85.43567647403927,79.83400934941012,79.99729633396721
90.00582318042979,73.17247031507367,2.6184082815364187,84.9905594127514,82.5065511246975,75.70733974512181,77.4572390562676
73.29379790923355,74.24350389883739,2.2017852605908925,87.17356788386192,78.34984637617885,60.78625437733384,74.57925638503356
93.92465300064329,68.02105398903757,1.7764258320628032,81.90966442887822,81.35501863619977,77.61567492170194,73.16223392385803
77.49953485401048,77.956746208792,3.481930980524943,86.71043899153335,78.6726961151898,74.1941841581439,75.39102797881633
82.88693629279857,71.38004834128695,3.699019687606778,57.249548360242265,76.34452082372317,68.92688490072008,68.62325031303284
82.6032183877122,74.02304824411488,3.3685629725168167,108.16873601190443,91.64140449103105,75.60523137092571,82.07769846529911
78.65691258529452,72.74025314044061,5.243405797187162,130.81290761884105,89.65366785255462,76.6119102837878,90.02396886856435
88.10808273159782,71.05330747140162,5.228030209608135,102.2173110855479,87.75421813425983,74.77416814000517,85.81665169536495
87.93488720552213,74.96477507259722,3.665197012555498,78.75596710989089,84.16699399879215,77.86571143999382,74.03689290404886
62.51468026761819,73.92195210715988,2.206078886808037,90.35835425650077,68.50663368373687,66.4610072663389,71.57749087779828
93.04340242878152,73.14071058860667,3.4332948919449473,93.11684732462504,87.77740356113198,79.59075774096702,82.98625595429941
63.37508011964326,71.35769189159828,3.4001786060829384,84.73622834179936,70.29281169126007,57.72303387939693,73.79872706629217
90.32546204341658,76.59762335391477,3.3428650377219418,112.90273957592734,92.02160606795866,80.93955927713189,88.61927349618239
91.26705136827583,83.26808634246143,3.3022810961017552,112.15390066563,93.72448398704013,76.28631393980436,90.09390748306708
69.09033569784802,75.69943616419563,3.3465371042751926,82.6682230927351,75.26239605940857,66.20627446317881,74.17553910980561
75.89185712045415,79.98059107455565,3.6134583841022403,110.87621566671262,83.54229326964891,74.33702302521084,85.04217274326076
68.94295331514064,68.04889037423268,3.3644589011844435,122.90218995365898,79.97885440280575,72.62912383095195,76.34951559097458
77.85078969711265,75.78880719646885,4.208322508625592,128.53837307844339,84.10705817587723,74.56092043856839,87.01499781114482
76.91965715814258,69.51315840514467,4.360368715904861,142.97818034628943,87.38572720745432,76.01373689657333,91.65724388602482
87.7966053226934,67.61537536234049,3.08935491281751,86.47011025835204,85.95837345753093,72.57312047604339,74.84399223717284
93.10308746119608,71.30314296270481,5.271065326007033,142.36330639592805,97.89867945008056,83.81663687987688,93.22200974896614
93.95683810789956,80.95949667206787,3.019937698159386,94.68690417236817,90.44287954771049,77.76113007621946,83.9680174504349
74.37831973421697,79.75007914334823,2.382199386184663,91.11301816929229,85.26337701135293,69.34216056089782,70.40753354103452
77.90778126255472,76.215023610272,4.380778071365052,104.90608562316768,79.15518771122576,72.00043238848481,80.80375247107594
63.1656180777905,67.33649720055034,3.1825918655856604,91.26907998860482,67.02746671700122,61.7094367704701,70.08431887250495
71.94129933503811,74.01859674306031,4.321291470757388,105.9856621096979,84.94362449328129,67.12840366668253,76.79695757313094
89.64851633097457,76.50850004450868,1.5963313988994696,80.19884218394047,84.11409256366473,77.52036321869576,74.32320432626169
96.15582823548232,75.87768114789299,5.3924559414830675,96.41871096904849,89.93645714119769,82.05000969509815,81.46954768394153
67.65651128120078,65.78103208259627,4.672293408040402,119.28373351542518,74.28892833398142,65.15121771268772,79.42370645586779
74.07535740847106,70.54841075990063,2.4995234508369983,99.14408062853266,79.624059202181,68.96034398288883,81.520494520401
79.73594243041073,74.67961117925641,2.5212228761537143,102.12393680109824,84.5821438253997,73.36357248877394,83.8490948552397
82.80161158819607,77.68145454758594,5.672265904097528,107.12887907075967,83.41476148043081,78.78089447707545,79.51308693430609
71.90396480078354,64.01936089450027,3.2626200965020415,117.5599244397649,78.57521080969376,67.66657641060738,79.62218985410381
84.2406104446409,74.18938012260071,3.1658151512673762,75.1716293171585,78.7214791415599,72.16633069077825,72.22622765698442
75.26160652929084,75.71524384939477,1.7339479058507172,108.76786077756152,83.04027480481754,70.80777122053301,78.56983569128683
79.85547729121721,79.24805994258107,3.649221794398446,95.97791291137355,79.90491066343554,71.58161948330077,78.81180186748689
85.462842480037,78.46428792118718,3.772280385164247,102.49956842967758,90.90369170436605,76.51801467304381,85.3335029272463
80.06422269810938,77.91285659404403,4.715493096769485,115.89925254643565,89.8048394910248,81.77605564121463,87.74430667752188
75.63614109473431,71.00029746649032,2.6009215718155243,82.08720022882234,74.70616531406183,65.31252004811483,71.70880639415498
78.90390196074169,65.45998931438346,2.4797132077593904,84.81033337835366,75.65072963621743,68.32737469629508,71.18649441670415
79.11637040794665,73.034736214693,4.450962634776477,70.96855060429291,75.69814600188461,68.45625482180446,72.75137888425827
76.29988970117873,80.0081591260428,5.006730071227064,91.76261587354335,78.67066311121408,70.71698540365963,80.28887765841336
77.41203937332898,81.96727263762216,2.428847648882117,119.95648516568224,86.20009502127068,74.08549350634307,89.89264642607603
95.98647170504717,78.55274551148892,5.081514086299741,98.19119217289796,90.89463824615599,84.46742305490885,81.67394894575158
85.6091944794124,77.14670411400867,4.037541841486822,79.89812656517822,87.1705930832145,70.05789904694029,77.18168492635685
77.0451968197084,76.89819824192983,5.091805339074646,92.71481883137429,83.48405710760677,74.4989345748519,74.61124072371568
86.96954404510736,72.2194062661961,3.9297796384823833,77.68207444764066,83.88395087779875,76.68454148784254,74.83578444050296
76.6618051024399,74.3496985322319,1.4777220825120496,83.12220847403258,78.5178028529604,65.59840106537537,73.06210551146741
91.73124637586642,83.34534762913165,3.848032617683961,105.8322836539557,89.06850644243853,75.86861715965294,87.752540408846
83.69642192198094,70.28720997104062,5.0601438186712695,82.39190010540958,79.79429504151956,70.08928310138057,72.18157849983203
78.92697855995772,83.07389395354926,3.1062539809162857,116.68951457804953,90.9456511585853,75.2225433982997,82.08409851143456
84.47716925810278,73.3898592275397,3.6120350310925478,98.93319563754496,80.62859113982967,83.35967216330567,73.69088605235213
64.29123847931501,81.62716054547539,3.8238664964490217,101.28392055916788,79.1825977853984,67.0407247971686,77.43925541344946
68.73232531090194,67.96592495251231,1.1004861201315181,95.82440548588158,80.99869752618243,59.10230039010057,70.63423854626681
68.06074993600944,77.92952100582325,5.671347575437476,111.59271757815584,83.48035948089581,66.07979416342681,78.31110191957524
81.42943094763707,71.31614932026189,3.0986243201028256,111.74739831665516,89.01098977192439,74.44585338749148,85.32457762807007
97.32514999485092,67.92366404037907,4.5057354324727985,105.02581527868257,91.15042705984946,83.69402853899618,80.72101018876252
102.31300146192632,76.09267021205473,3.913298863851791,108.47183658861472,98.97379484498268,83.90060188388212,93.08642474654764
86.38051101440757,80.04735894297984,5.25761905635936,96.81865495119362,84.94039644291028,77.64043511406463,87.7979347105743
85.00844474944456,70.77529280703251,4.4060561224280805,108.13304510363572,88.19161628682566,74.261118120848,75.65411884155138
61.989422658472606,67.50492019770799,3.7650757284790255,94.93183336789289,72.57222603715746,57.253052856455405,70.17365895486697
74.57326200265979,74.54077617832523,3.10648490748072,100.03347433243603,80.83594073417575,70.74489530134946,76.46354091885117
72.12216248091761,74.5628233561141,4.7978507013821385,95.88034375950554,82.03380432848785,70.57531312619061,67.41612979765284
73.79152401748884,77.7415981377725,2.1265586960453833,93.14172191021206,77.44288718818095,71.8731859295584,72.50458698311022
78.3185618141521,79.74797285682244,4.645890420275893,89.66332303417315,80.91975386356401,74.09481205870229,80.83228032988471
75.27909422302872,74.70292409363753,2.9009552484451273,107.01535155788328,82.02997630010168,69.60756343375678,85.71147683923502
60.20700189624212,84.27751657397131,5.25228366195664,119.65908869220195,76.7549691116803,67.6144909723459,85.18375634890289
87.47910256117534,76.12117372267646,4.161299542662695,117.56652957504339,91.18613509806629,80.81164250732397,87.67892500012238
69.27256974260193,73.2678674699655,4.644123767850108,81.15151996081846,68.15457024237777,65.19850536127714,71.00941932125565
82.39246864111149,66.94216320448587,4.08198881382472,119.3380457711031,88.69555492078922,73.33083791895145,86.98940438292162
100.74082669749973,73.68670239841916,2.2476229048590035,95.22762247573107,91.88662295360561,83.4387326542181,90.28569562915213
70.80615408413577,73.31806527294432,3.1392708366046618,109.01099522718387,77.95194404133714,68.58399291982283,76.53218372813257
54.697124772536704,79.80152398140736,4.672389337611382,86.40677001929183,66.5344916814247,65.20611899645031,64.63233824885775
77.13995778119889,77.31241812033427,4.166655817359844,102.12969870811008,81.90257256120016,73.27982118560735,73.92981524231128
91.00959634998571,69.10315439183691,5.1809899053056725,104.7058477434536,89.75979216408246,77.58150694648387,85.86339405986912
99.58347454220593,75.86127193205519,4.403274563037172,77.73092812120521,90.17984886747698,80.63859104525052,80.17159872791757
67.70450405547584,78.35765585864527,3.0332981092973403,109.12400749516284,77.37106625345841,66.03466432749197,79.94013588166233
84.96699223236521,82.64015679693917,3.203935862279366,120.18902511757473,89.09562274712434,86.37940313943957,83.70205406835068
75.34689543219946,79.4375198370703,4.1029173905232375,97.38028081477557,83.36174768818721,70.04619110942573,77.08001763839495
78.94051645695865,78.8042332715574,1.6859559339998946,120.4025219624202,85.19358598198548,78.05461592195954,84.67092968471323
106.44343347017035,75.30042997307582,5.673441885622985,97.15459759821388,95.98983875745152,88.08116528868699,87.81638286277057
64.97029671604847,76.94156002711725,4.441746736377557,112.74376796569926,78.93180856050984,66.8725951290991,77.92414091080161
82.53739661494573,81.2475245035308,5.227034597048872,66.7214505107335,80.4461356155639,75.34202720247801,71.61266800823272
84.67693171765433,68.33611301260176,2.419396059190831,136.28166668970195,92.91238399701278,76.62777935857245,84.81714982383355
90.85786324939347,73.25280336391522,5.244565160355256,122.43187367864435,88.62671507503373,80.00958754386077,91.57810337194022
80.97983153470895,71.1371562562188,6.2314989110277486,95.73061743619482,75.86685804678038,77.98815089015737,78.35054501741357
83.08050539504103,76.89576559363061,2.6791216446226827,70.41866460034274,77.25828561645548,75.49101366493468,75.5254626736103
76.08351432578209,81.15111087825395,4.771401794903767,104.32042552458233,89.13290093427062,75.16153045914085,79.38469386678537
82.69126941245108,72.01512856639464,4.001109944687293,78.34111679389365,85.08502992965353,74.61383891397641,64.93740748426781
76.56807724502589,63.04847816265281,2.4555661517517557,106.67280306336232,84.27223070585408,70.8421053659907,73.65703720651874
86.21571889856051,72.93889627487765,4.49288397185187,106.17348578746423,86.0945697831395,83.43717500956862,79.65786655888655
76.30389663956366,79.56736866008703,4.833603204837348,85.87895246496963,74.33496448533113,70.89879218836776,77.95993185875615
83.77100393902187,77.6881495147494,3.398873447331153,116.81450535421567,81.86561793455648,79.55335724812043,95.77718948430544
79.70737186315021,77.14093123905288,5.165916520255223,112.0836205420926,84.08716657908678,70.62482428615345,85.64987472098242
91.26050250772168,73.6000334906276,2.3332365932108026,114.63735005932845,90.27683408178781,78.69848480823875,94.03536763053175
79.48606276411513,68.60484631890107,2.505243853550356,100.13286555503343,84.50345897725748,68.07396086360255,78.40306940960423
62.26967531793119,77.57647160812233,4.136597395588752,78.7671389962944,73.1782830588474,64.98966390211994,68.13410688432205
92.61921500713991,70.82859094982688,4.025385277972272,114.66808408316706,91.57655536992353,73.94897367430102,86.43177792892298
70.94267699137382,85.92048366690229,3.283426511575895,95.94442901296313,78.09517773668438,68.46555841240048,85.47153359258334
73.46233661351181,77.85253604177258,4.809594435971886,79.15329785210997,73.51620945857219,59.06307859728791,79.17816681814958
74.04338705956508,72.09675848723025,4.530894314215949,120.2805904896149,83.9223116665105,68.83266872712251,80.0754891781685
93.74438093170818,71.94307376305686,4.8581390709340155,131.49111280753763,97.33030199989126,82.79732165028784,91.26159393435759
58.64325786021304,74.53527896693205,3.8768635646477323,99.38127806531196,73.12179837645006,64.57343795389234,68.54613735684845
111.37748533659993,73.80249038989125,4.6025802679783405,132.38681731904938,101.66331739705508,96.47581285630534,99.19533900096987
90.56056809066052,80.58416887764977,3.5543496969700055,101.36972092917024,92.03691675053251,78.44615712255339,89.93748476226381
82.23238914129159,75.93208084872023,6.053818690086596,94.29316143750474,84.63756588307571,77.7584388264736,79.6433106071128
79.45105999383713,71.34184130545736,3.187454229878014,90.54312318721784,76.34345323041661,71.36555876269261,73.48380128853987
82.85554074857657,84.45220342577892,6.105297429458313,124.55623611989114,89.93224545804526,79.78261906535842,91.77279009310875
85.21122428379338,75.24654165760111,4.034887947089409,88.29784177918343,85.30811971340734,71.80130135110755,79.59405467912723
86.45215585950056,78.84419837984449,2.6244891104312575,111.0290396496248,88.64407167923405,76.03544492596542,85.86769088430772
85.55604466003449,71.9588674627762,5.3680793504886015,91.61254247411188,87.99244090363071,72.9481705711994,78.69485327722994
80.8958068125525,76.81557813872261,4.125901388394959,93.09539856138456,84.02763452720316,73.76211352971653,78.36626359645207
78.02661579692673,76.55554995571597,4.851124098380238,115.4537454095435,84.09594081235707,74.39122360103363,86.60917447318654
78.48726716346488,65.55175353951924,5.2238559185425935,94.2994473056597,78.26081789540162,74.78731931897514,76.33400411453886
78.0509171964732,85.0763755523032,4.337955554145025,93.9280693086956,83.95793085899433,74.82759341844212,78.62922659872645
91.33770096867065,81.45322230461274,3.4077591551871853,116.9920704576221,91.65883624303716,75.01055092238953,86.71000889065411
85.93556722280861,73.01402341927006,4.97571337766925,123.96095939832435,87.42398926008424,79.84573825875361,85.95975313970239
50.59611365335719,69.48865129772072,4.0007555074545955,109.6703470492635,70.58296685802148,51.272459638727675,73.20250607584505
86.55900776529761,76.73780806901776,4.685857818608419,90.17845336564076,87.34094264946941,73.87148461757243,80.35448981307029
81.94736194718774,75.43348849707198,1.8462694262085386,92.34087251053631,84.06787337610245,71.23732064622254,76.19031129418252
79.81291243554102,76.77834474281615,4.446981717009852,101.19872895610057,88.17035788650786,71.81797250666197,81.40649691454288
76.11481546911114,75.95788698097044,3.36141417485497,104.81395092888486,80.51838572407436,67.55255501191385,78.93286773300416
91.24112719986013,77.53120494652963,5.6533096371785305,85.18201134790343,91.50447061540089,79.94489541808707,83.16977880179493
89.47526462122858,82.23652849695904,4.623087347889095,110.84556909369796,89.33725005756804,77.44692326101477,89.1412214659612
72.27122332176391,77.84051602564323,4.239857745849297,101.28269994459399,77.13023554197316,70.55309578898085,77.82839249245592
84.07052287124534,69.75172250545029,4.486309993350222,74.26437522042806,72.98240758423066,78.97863997639998,73.05544248380265
70.28343265458714,81.81281426356226,3.001559147123282,86.06610276308905,75.86155113221193,63.45131145968378,79.7220592432144
66.20381835211069,83.20307281744144,5.623256690528054,92.43806989522504,75.60160365889722,65.31550732031235,75.38649038035612
73.73282775410036,90.76028367256042,5.9913704184169045,98.90713466738417,86.05287479490079,65.31123180801501,85.25742196980433
88.62393472382759,69.38252983380201,4.392913510548216,128.33918193255994,91.96552687448256,79.42127046645737,86.87254383899332
89.53125045376086,76.21441006575138,5.590403568573638,103.57256959209442,85.3245824088247,81.80608105936805,85.35779314732476
85.13085420097293,64.58950648405506,3.4308518013274663,87.38842165152062,78.58486984086241,75.24025885675138,71.77309721220598
87.25095786847997,77.76574578189604,3.2028864337750194,103.30946206460744,86.82299766184472,78.78704991815772,83.92039045399865
85.16178287114958,72.25899850916613,4.040924748728923,94.71868378819178,78.27847347995021,78.09262055249198,82.06141377161902
73.58518404777048,84.61722897412477,4.434941038367898,104.87137359300313,80.65268935751999,79.64335129445271,79.99451041424868
84.31922544673941,71.1269251499071,3.6060133187568795,108.70851530553422,83.28755376948209,81.18528722276697,77.4763532082065
88.00409525227683,66.55408481016369,4.5377681903684834,118.13845970835908,92.35061688935902,76.81333411504268,79.36377596193267
87.54291329813574,72.6436812964874,4.306389482073414,99.63570256494961,86.49669264708342,73.09538148348102,77.36324298098353
91.88913371474644,65.12256114391431,3.001693224708945,124.5844079139975,92.6848923676604,79.69814832177997,86.99809039787337
87.08303847201064,78.75549727253654,4.5187930174517215,113.62033993804286,85.84820921567238,76.9738875364111,82.49243533014989
83.51448207541583,64.6745847687184,4.863528242521522,89.38840682781718,83.106294107181,73.82284234962094,73.10712343921404
90.70150238316427,75.1422879059158,4.1714693175903905,133.14783498622697,98.84345768143358,79.63770882317496,93.03491293144302
79.7347874075094,64.61094090071902,5.152648103261693,104.90491769905147,74.75188942267299,71.55034990710975,78.01391640443832
71.18125348772283,73.39851097731679,2.7825962065030483,87.47313244041648,73.26711597404251,68.92806931639794,71.84277603843567
78.36933036056236,83.21689077902266,4.467950422131851,124.79369576845633,91.04256332893895,76.28905337274924,89.23894312047696
72.55097355193551,76.80323945717898,2.829719293603225,131.16666377797668,87.76592865869166,69.4519288615117,86.0241476761996
