name,volume,price,created_at,updated_at,exchange_rate,demand_index,inflation_rate,crude_oil_price
petrol,7489,1.85,2024-05-29 13:19:09,2023-02-28 00:42:16,71.6241086251281,83.2887796265037,3.13650639503507,84.9671415301123
petrol,2673,2.65,2024-09-16 10:13:15,2023-07-26 00:35:38,74.2774066464224,90.5360374939332,3.96879651106092,78.6173569882882
petrol,2612,2.48,2023-03-15 04:48:50,2024-12-21 19:28:35,71.0379003950002,85.8690972463863,4.01801687204445,86.4768853810069
petrol,7725,1.75,2025-01-21 00:57:19,2024-06-20 22:44:38,73.4601923518048,91.7800627188829,4.47263034584341,95.2302985640803
petrol,5349,2.57,2024-03-11 01:24:34,2024-02-09 14:34:36,65.5319266652311,96.7877453393322,2.63314163671917,77.6584662527666
petrol,5503,2.11,2024-01-22 07:35:47,2023-07-27 10:45:23,76.0664685368647,112.557317294971,4.59256727384733,77.6586304305082
petrol,9260,2.81,2023-09-01 14:55:23,2023-09-14 23:56:27,75.0060273768111,95.1826144194145,1.29560836839722,95.7921281550739
petrol,6443,1.61,2025-01-26 20:44:39,2023-10-15 16:10:33,70.9145568446591,76.2156143984561,3.37011544763619,87.6743472915291
petrol,8940,2.53,2024-01-05 08:36:27,2023-08-05 04:02:34,78.296228342162,117.101017697427,3.51172615754846,75.3052561406505
petrol,7424,1.67,2024-06-19 17:52:02,2023-01-10 12:59:09,79.6878506881328,87.4436479957744,4.63332682607124,85.4256004358597
petrol,5279,2.7,2023-10-22 18:18:46,2024-03-13 19:28:48,66.9622006781551,99.1191935934306,4.02263085267687,75.3658230718754
petrol,6131,2.77,2024-09-01 13:58:14,2023-03-10 06:40:19,71.1863761071689,106.698047604111,2.59443694614371,75.3427024642974
petrol,1160,2.53,2025-01-22 13:50:20,2024-12-29 14:25:57,71.1542882510635,102.994156276042,3.01500687418298,82.4196227156603
petrol,8772,1.22,2023-08-18 05:09:37,2024-12-11 05:52:26,70.3004844944557,116.412693212822,4.19868000954741,60.867197553422
petrol,6260,2.69,2023-05-03 04:07:43,2023-10-07 12:57:55,79.1473742096587,107.185047150891,3.92093265813544,62.7508216748697
petrol,4018,2.72,2024-08-11 19:52:47,2024-09-18 04:57:27,74.030869306136,87.0803563045434,3.42087589036425,74.3771247075903
petrol,6345,2.51,2024-02-11 16:23:30,2024-05-08 12:37:46,73.6774257934469,132.678432609875,3.51916621048802,69.8716887966558
petrol,5861,1.68,2024-06-16 11:35:25,2023-02-09 23:19:20,64.9806881779662,102.915001950074,4.69616799715929,83.1424733259527
petrol,4113,2.29,2024-07-19 11:34:17,2024-03-27 21:45:15,78.1770901510461,97.7898966006774,3.48230742713079,70.9197592447879
petrol,9353,2.12,2023-09-22 09:31:59,2024-07-23 07:06:43,68.8037080257326,114.458881345834,3.91190875597093,65.8769629866471
petrol,457,2.16,2023-11-02 10:48:42,2023-07-20 21:42:16,75.2996631513316,103.741764188951,6.16993658808054,94.6564876892155
petrol,86,2.17,2024-05-03 04:25:41,2023-09-10 05:18:34,76.386884689791,105.98842289409,2.57631736311608,77.7422369951347
petrol,6220,1.48,2024-03-03 03:54:42,2023-03-26 19:36:23,81.8032929791933,137.38275997901,2.14815726842534,80.6752820468792
petrol,8502,1.27,2023-02-11 04:43:14,2023-01-13 02:44:48,68.4558980044045,95.8731785761743,4.78358966479861,65.7525181378654
petrol,1261,2.69,2023-12-15 11:00:18,2025-01-05 01:40:01,59.9024392208959,95.2335865897391,3.3213569387059,74.5561727547482
petrol,7945,2.22,2023-04-19 13:48:35,2023-10-03 20:33:39,75.9192477237685,101.748677680187,3.68176247225738,81.1092258970987
petrol,1046,1.51,2024-11-18 00:59:20,2023-08-08 18:04:41,84.0025559075543,116.072739033716,3.21884362186889,68.490064225777
petrol,1378,1.83,2024-03-29 14:03:07,2023-12-03 09:13:25,81.1947317646972,77.401989547144,3.74019985923249,83.7569801834567
petrol,6189,2.84,2023-07-23 07:03:35,2024-07-11 05:18:41,76.0482970763731,70.5166616278524,5.59853811209634,73.993613100812
petrol,162,1.27,2023-08-16 13:51:42,2024-09-18 20:03:33,72.5418190718398,91.1932709406978,4.80212845861812,77.0830625020672
petrol,2175,2.62,2024-01-02 21:41:28,2023-02-15 11:05:01,79.0356129831866,75.4911556141107,4.86222351188698,73.982933877706
petrol,6742,1.36,2023-01-07 19:12:41,2024-08-05 15:52:29,70.1322690014777,93.6275297871154,2.58377294420735,98.5227818450894
petrol,5285,1.36,2024-07-31 11:16:58,2024-05-02 05:38:48,77.3817888467811,107.537495441939,2.84884626344713,79.8650277526207
petrol,3173,2.11,2024-09-25 05:55:01,2024-08-25 15:50:57,77.5273507958331,86.638767046716,1.16092134051457,69.422890710441
petrol,5940,1.12,2024-03-19 15:50:42,2024-09-07 16:08:06,80.3010495374944,78.5976013482799,3.19061917891725,88.2254491210319
petrol,3491,1.72,2023-03-13 05:53:11,2023-07-26 16:55:57,88.7983001945554,101.04005742573,4.95670318638566,67.7915635002898
petrol,4188,1.36,2023-10-02 05:22:07,2023-09-23 14:22:16,76.9620798358938,112.938152269228,4.51694651574837,82.0886359500476
petrol,5225,2.82,2024-03-23 01:52:54,2023-07-20 09:16:00,72.4551818714625,74.5753984222508,3.77848673704788,60.4032987612022
petrol,8919,1.48,2024-10-24 01:49:26,2024-05-01 19:25:27,74.87212843904,112.30348597459,3.97769971628195,66.7181395110157
petrol,4394,2.7,2024-03-23 15:28:22,2023-08-16 05:15:38,66.1546204755544,112.259593056075,3.31111445742459,81.9686123586912
petrol,5774,1.81,2024-11-27 16:38:13,2023-08-11 23:21:47,71.5264343445547,114.311276532349,4.20475888240178,87.3846657999541
petrol,2206,2.37,2023-09-15 01:54:06,2023-12-17 18:24:15,72.9535878094345,118.277203223075,4.76587827948061,81.7136828118997
petrol,2288,2.51,2024-11-12 13:10:46,2023-03-09 22:41:30,72.379558010327,133.030208869894,2.38411321258953,78.8435171761176
petrol,9750,1.44,2023-02-11 09:43:19,2024-07-21 08:41:39,75.7617743601686,94.6586192707142,4.29964768783735,76.9889630441071
petrol,6415,2.54,2023-01-03 13:33:14,2024-02-26 23:01:36,70.887900338089,101.643573701168,4.93243487095467,65.2147800963257
petrol,3460,1.71,2024-04-29 20:17:06,2023-08-03 10:18:23,80.6051533366224,93.7534235012796,3.58489971103663,72.8015579160529
petrol,1249,2.88,2024-03-16 22:59:58,2023-01-03 02:54:27,75.001035324591,100.029652671337,4.70070061212058,75.3936122904021
petrol,3348,1.46,2023-01-29 06:13:54,2024-09-22 00:49:43,74.9534983943069,122.993100334545,6.81465444447255,90.5712222621892
petrol,9848,1.44,2023-09-11 06:27:14,2024-02-09 16:33:56,73.3605264174354,79.82478274104,3.89565720701311,83.4361828956846
petrol,7914,2.64,2024-07-19 22:46:53,2024-08-13 11:43:59,75.7759534192949,87.0842549175164,4.39330705000532,62.3695984463727
petrol,3517,1.5,2024-02-23 20:49:56,2024-02-09 17:05:56,79.1254913233382,120.657714047568,3.26194291633861,83.240839693948
petrol,6714,2.12,2023-05-08 23:53:49,2023-08-15 15:00:47,70.6643489214455,115.300547603531,4.18125116260205,76.1491771958368
petrol,1695,1.65,2024-10-14 19:52:45,2023-01-13 23:19:58,71.7094175546237,94.5530252977438,4.4602716249823,73.2307799969404
petrol,3774,1.96,2023-02-07 01:52:57,2023-10-26 13:14:40,73.4813698561167,112.816030016811,4.19484234027014,86.1167628884087
petrol,3504,2.63,2024-08-10 19:54:51,2024-01-02 13:08:22,68.2706453826339,105.118237637381,2.98030468029114,90.3099952249595
petrol,7624,1.9,2023-09-18 13:27:33,2025-01-24 18:56:18,70.9037107013925,122.504119135015,4.20636177132545,89.312801191162
petrol,6837,1.67,2024-10-03 05:59:45,2023-10-01 09:19:12,72.6188956322767,101.117643907402,5.46219593871764,71.6078247677736
petrol,9189,2.19,2024-08-02 22:32:37,2024-05-15 17:08:00,79.3719459035636,115.384481708089,4.44863576451453,76.9078762414879
petrol,221,2.66,2024-08-13 11:09:09,2023-09-06 20:33:51,76.3128066450096,139.630178657389,4.96198718907184,83.3126343140356
petrol,4912,1.3,2023-03-19 06:55:00,2023-08-25 16:23:45,75.9679495568377,108.971487325712,3.76298802998737,89.7554512712236
petrol,4726,2.39,2023-09-14 03:20:54,2023-08-09 11:25:45,79.2544898108399,100.739922486923,4.74990023942371,75.2082576215471
petrol,917,2.82,2024-09-04 06:15:28,2023-10-04 07:24:46,74.313141058003,110.836704778315,4.27926783821653,78.1434102333618
petrol,4838,2.11,2024-10-10 00:12:09,2023-01-02 08:22:47,76.9523242496445,94.5207871269417,3.04908927031277,68.9366502599397
petrol,9002,2.14,2024-07-15 18:23:31,2023-08-03 10:11:55,74.4838912353375,135.819515582871,4.31852100479888,68.0379337591933
petrol,5381,1.53,2023-12-02 06:52:34,2024-06-16 11:21:26,76.3268117469982,102.70106556544,3.00830333655969,88.125258223942
petrol,3431,2.3,2023-07-24 09:16:43,2023-01-16 05:23:54,72.0862067119421,95.9060001966173,3.36711972511521,93.5624002857082
petrol,6299,1.92,2023-05-27 08:27:08,2023-06-24 00:43:10,62.8059142086179,87.4646649246995,4.18932830729237,79.2798987841967
petrol,6622,2.05,2024-01-04 02:46:10,2023-07-10 15:41:13,74.3286041890685,116.458302874097,4.29724427338012,90.0353289789202
petrol,555,1.54,2024-08-22 16:10:17,2023-08-24 17:35:36,82.1137406804997,113.007811192416,2.81076753492287,83.6163602504764
petrol,7183,2.84,2024-10-03 19:20:01,2023-03-24 09:22:21,79.631077011208,92.5396844287886,5.05398577118288,73.5488024539488
petrol,8739,1.31,2023-02-23 07:40:39,2023-04-11 00:07:23,79.8269874229559,108.646770176836,4.57200627830047,83.6139560550842
petrol,1467,1.18,2024-03-06 19:31:16,2024-08-31 00:29:09,81.1806536090311,77.3716604768072,3.29527156438912,95.3803656646597
petrol,9038,1.98,2023-10-21 18:10:53,2023-03-28 16:02:48,75.4432879548072,102.774558626097,2.46241520355082,79.6417396089005
petrol,8843,2.79,2023-07-29 23:40:18,2024-02-16 10:53:00,75.986578537028,106.79134528115,3.85509542091857,95.6464365581401
petrol,6107,1.04,2024-06-11 05:16:22,2023-03-18 22:59:07,71.9117405228283,125.609947143388,3.55405628613884,53.8025489591026
petrol,3706,1.13,2023-06-13 16:43:24,2024-10-16 17:46:33,73.4196357198648,88.4377179590697,4.11314045705302,88.2190250437522
petrol,9151,2.24,2023-09-12 19:12:45,2023-04-21 15:42:21,78.0788557488557,80.8247105679651,3.63688333884443,80.8704706823817
petrol,8961,2.51,2024-12-14 13:05:29,2024-06-15 06:29:39,81.0194221858441,86.5685805861244,1.99254313925499,77.0099264953413
petrol,9607,2.34,2024-12-25 22:12:30,2024-04-13 16:41:47,74.302768621595,79.9514724952762,3.61165306169884,80.917607765355
petrol,6960,1.37,2024-07-02 19:09:49,2024-03-29 02:21:52,72.7490536757429,120.049860366385,3.69438088893169,60.1243108539911
petrol,9550,2.01,2023-05-11 00:05:52,2023-08-13 12:22:36,75.002639794283,123.229589425361,4.63366102477406,77.8032811216249
petrol,5408,1.05,2024-01-15 09:03:15,2024-09-18 17:29:01,78.0060337446456,104.803248669232,3.30180032538895,83.5711257151175
petrol,9838,2.68,2024-01-12 09:52:10,2024-04-11 01:56:24,67.7807259193323,118.319424185277,5.67867467337257,94.7789404474152
petrol,9861,1.9,2024-08-16 01:30:14,2024-01-24 08:52:38,63.5190952343138,102.009375708704,2.08835944934824,74.8172978172635
petrol,5574,2.61,2023-02-07 05:46:48,2024-09-24 07:05:33,72.2473157525421,98.5733252844885,5.31116749780262,71.9150639710681
petrol,4068,1.08,2024-04-10 16:37:09,2024-08-22 05:38:35,68.8964378704292,95.0044357141936,3.7756810291219,74.9824295641546
petrol,5534,1.39,2023-06-02 00:41:23,2023-07-22 15:48:08,72.4592990117635,95.3441351293365,4.85958487234356,89.1540211770207
petrol,7571,1.52,2025-01-25 11:04:01,2023-09-04 13:14:38,74.2610984059127,76.7829766553645,4.07980148405873,83.2875110965968
petrol,9352,2.04,2024-03-24 10:35:06,2024-02-13 07:59:16,72.7337579548849,103.96382145411,5.13955553602547,74.7023979623296
petrol,9187,1.22,2023-11-06 10:10:59,2023-04-26 07:29:37,82.2623376723537,99.3949913467893,3.61263803544719,85.1326743311336
petrol,1563,2.2,2023-03-03 14:49:10,2023-10-07 17:47:25,76.6337238230116,111.180410861168,2.90137957482219,80.9707754934804
petrol,515,2.13,2023-01-07 04:19:19,2023-07-22 12:26:01,76.5023717980541,101.402852446579,5.42050428727106,89.6864499053289
petrol,752,2.22,2023-10-01 22:55:22,2024-03-23 10:01:38,78.111035720217,97.5594444764636,3.88651935411786,72.9794690612265
petrol,525,2.7,2024-04-09 08:38:22,2023-09-15 20:49:09,69.3058344110962,86.9321045498855,4.22155847362421,76.7233785340223
petrol,1909,1.3,2023-09-07 01:41:43,2024-05-21 07:15:20,80.1955589371013,101.082298552326,5.2347519140448,76.0789184686784
petrol,4279,2.73,2023-04-18 02:53:44,2024-02-19 10:03:11,74.6211785673227,111.073558462242,2.96804475790557,65.3648505186788
petrol,5635,2.62,2024-11-07 07:48:59,2024-12-24 14:12:16,78.3524030862061,82.8499151337421,4.59549089763926,82.9612027706458
petrol,1218,2.54,2024-08-18 14:57:03,2023-09-11 06:02:27,69.6407138347992,101.312106305211,3.41010524353711,82.6105527217989
petrol,1401,2.66,2024-11-06 06:52:36,2024-04-08 15:28:24,67.2312061699197,103.495644272942,3.86783064435563,80.0511345664246
petrol,5503,1.59,2024-05-07 18:56:01,2023-06-19 10:11:57,79.0894482901252,89.229028245726,4.07227896538429,77.6541286662485
petrol,2308,1.3,2024-09-27 10:20:18,2024-03-04 21:52:02,76.8820476304876,91.18215542638,2.49977813855306,65.8462925794959
petrol,98,2.98,2023-11-26 23:48:51,2024-10-26 02:58:25,70.4897422282125,103.459162731493,3.22116295717957,75.7935467723464
petrol,4226,1.18,2023-02-20 00:29:53,2023-08-03 03:16:16,70.6516845936265,82.9986847256107,5.35107289241314,76.5728548347323
petrol,1051,1.97,2024-02-10 02:59:42,2024-08-16 09:58:58,80.6271739220739,105.248855728741,4.8861911885848,71.9772273077838
petrol,4432,1.02,2023-10-20 09:02:44,2024-09-05 08:50:20,69.0529405356634,86.569684395112,3.93736042267277,78.3871428833399
petrol,3205,1.29,2023-12-14 09:33:56,2024-05-03 19:52:21,83.2133647662798,115.942805395498,4.24312345851289,84.0405085681454
petrol,3335,2.39,2023-01-22 13:32:54,2023-08-03 18:02:45,70.4968963267607,135.067416180825,3.70575749436354,98.8618590121053
petrol,9024,1.71,2024-03-12 01:07:52,2024-10-31 12:00:04,78.1919596280419,87.0886479744727,5.35658338582798,81.7457781283184
petrol,5793,1.01,2024-04-29 08:38:59,2025-01-23 13:31:20,73.3569076212551,108.01311793562,3.79964742220584,82.5755039072276
petrol,3355,1.56,2024-02-24 05:52:24,2023-07-10 13:04:13,78.0159371554117,89.0988714267697,4.23184209213485,79.2555408423383
petrol,1620,1.31,2023-04-18 04:14:24,2023-02-21 00:37:49,72.279429989429,115.614312606967,5.14603014414207,60.8122878470096
petrol,8947,2.86,2023-10-11 11:16:05,2023-10-18 07:11:25,74.1860354696385,81.0211238637218,3.22262851515409,79.7348612455078
petrol,3250,1.57,2023-09-28 21:51:37,2024-04-20 03:46:10,75.2045958769786,107.208801376416,5.55878918449689,80.6023020994103
petrol,4097,1.86,2024-08-28 00:46:47,2023-11-19 11:13:50,69.9890627210926,86.9051654966597,2.46953859025662,104.632421124853
petrol,6352,2.18,2023-09-04 03:03:46,2025-01-17 09:32:02,78.7041217271006,96.8952311635245,5.6296421311128,78.0763903521888
petrol,4189,2.09,2023-09-16 11:22:45,2023-10-02 19:28:06,72.4339321676421,84.5346208727904,3.62732441604803,83.0154734233361
petrol,3920,1.47,2023-01-21 06:07:48,2023-09-14 12:54:56,73.8570004232999,112.335257063436,3.75730125217472,79.6528823029476
petrol,5063,2.95,2024-06-16 17:53:01,2023-12-24 11:35:58,70.0282531269574,87.4452946834062,2.10998982881706,68.3132196238047
petrol,5953,1.09,2024-12-07 13:14:07,2023-07-12 09:59:33,62.1883317060235,108.279463889977,3.54520528262231,91.4282281451502
petrol,4983,2.74,2024-12-07 08:05:32,2024-08-02 12:24:49,74.0448611869992,94.838529576065,2.96019346897312,87.5193303268678
petrol,1850,2.36,2023-08-27 00:22:34,2024-09-22 04:39:18,87.0630771080646,98.2829144230171,3.39235365462653,87.9103194704305
petrol,2063,1.81,2024-08-09 05:12:46,2023-08-04 14:16:23,78.9230214394901,102.216338611002,3.86268903421112,70.9061254520526
petrol,207,1.1,2025-01-29 21:41:44,2024-08-19 23:19:19,74.903698101328,88.5726299251173,4.95779161447291,94.027943109361
petrol,1185,2.57,2024-08-20 13:10:11,2023-12-28 11:03:40,73.6855458539587,103.155506703113,4.20760335140063,65.9814893720772
petrol,9769,2.94,2023-07-22 19:57:30,2023-01-21 01:15:30,75.1123294640602,122.955018465316,4.30767665340111,85.8685709380027
petrol,3372,2.55,2024-01-01 20:59:02,2023-02-01 18:36:06,77.7355955758761,88.3285782125093,2.90448061115444,101.9045562581
petrol,9535,1.21,2024-07-26 09:14:34,2024-02-23 08:08:58,69.0959359234558,117.577152149108,3.11924591039727,70.0946367486931
petrol,762,2.75,2023-09-14 23:02:26,2023-06-02 13:11:42,80.5716084733444,122.471464502317,5.79872501835131,74.3370227039723
petrol,555,2.98,2024-02-02 07:00:42,2024-03-22 01:00:19,78.5769065772062,87.7576751645793,3.26479896523675,80.9965136508764
petrol,1253,1.35,2024-09-21 03:28:58,2024-12-20 10:44:04,78.5909286285397,78.1741809236417,5.6562082520573,74.965243458838
petrol,4220,1.74,2023-06-09 05:31:29,2023-08-08 18:36:21,77.1923786940486,104.529413502576,3.75693880111913,64.4933656893387
petrol,2862,1.03,2024-09-07 04:38:25,2025-01-05 21:19:48,75.09808328847,91.7888871584969,4.0022879361435,80.6856297480603
petrol,1962,1.96,2023-04-20 21:46:07,2023-10-09 00:44:59,78.3643061798341,128.029048287445,5.07036516022993,69.376962862739
petrol,1176,1.16,2023-07-10 07:27:31,2024-09-30 18:05:55,77.9590706687069,100.522113107497,5.27189242193866,84.7359243063518
petrol,1141,2.49,2023-02-05 15:39:52,2024-05-02 02:03:57,73.2297964452949,87.9670088794723,3.88918743972091,70.805757657662
petrol,755,1.19,2023-04-19 11:03:58,2023-07-06 23:57:51,72.1319911355155,82.7926073348243,3.61175694647846,95.4993440501754
petrol,9983,1.21,2025-01-08 19:44:49,2024-06-05 14:11:30,75.5092814763099,116.348574386362,3.94407955147779,72.1674670766376
petrol,2767,2.53,2023-10-31 16:55:28,2023-09-13 00:06:14,82.7451007574759,91.4322403887372,4.33795752823212,76.7793848379432
petrol,6868,1.6,2023-12-21 18:01:43,2023-11-01 15:09:04,68.8044646217305,100.657431991906,4.89130368686976,88.1351721736967
petrol,5507,1.02,2023-01-10 04:04:10,2025-01-18 21:48:17,67.6623736712378,114.337041176687,4.00422985899415,67.6913568356604
petrol,166,2.91,2023-12-22 06:09:30,2024-11-29 13:31:02,75.8238042061826,92.7361247210375,4.61888629802315,82.2745993460413
petrol,4650,1.49,2023-03-20 03:53:02,2024-09-06 20:37:51,75.2544385092801,99.3110675688976,5.63835973227094,93.0714275428243
petrol,4617,2.43,2023-04-26 13:13:10,2023-04-25 03:08:22,75.866708321852,99.7514738526622,4.38130961226478,63.9251676543877
petrol,638,2.71,2024-12-22 23:26:55,2024-08-29 23:34:27,76.2197659895425,110.249867672741,4.31165285600478,81.846338585323
petrol,1846,2.2,2024-08-06 07:21:50,2023-05-02 14:42:59,73.883988726826,108.861165032655,2.48108917490993,82.5988279424842
petrol,4306,2.05,2024-03-04 22:44:03,2023-03-02 01:54:26,82.4493171930104,96.6982940311776,1.36926986317094,87.8182287177731
petrol,7204,2.03,2024-05-05 14:02:08,2023-09-26 14:16:12,66.9954801076174,100.954735922448,4.38837572923017,67.6304928912192
petrol,7566,2.36,2024-03-10 06:41:27,2023-03-13 15:32:57,70.8575148760988,94.4233148271477,3.90517576871913,66.7954338691572
petrol,4773,2.35,2024-09-08 21:44:47,2023-12-18 17:49:04,74.4837261992548,77.8358138962083,3.48521732508526,85.219415656169
petrol,6807,2.44,2023-02-22 18:40:27,2024-01-19 15:44:03,66.7840559442292,103.864012860972,4.24353020418635,82.9698467323319
petrol,2849,1.92,2024-11-09 14:28:38,2023-05-04 18:50:04,74.1207279778397,128.382876412496,3.93959627080309,82.5049285034588
petrol,4977,1.53,2024-04-25 21:42:08,2025-01-04 16:34:47,83.3073508286401,86.7442128896341,5.1277802506339,83.4644820949698
petrol,6529,1.29,2023-05-28 13:59:19,2024-07-25 13:26:08,75.1044324414798,88.4045543559595,4.08611086825898,73.1997527842151
petrol,6350,1.69,2024-06-27 17:26:55,2023-03-29 09:04:40,76.1535045285934,86.9390834253439,3.25307671492983,82.32253697161
petrol,6272,1.23,2024-03-30 08:36:22,2023-03-02 14:49:45,68.6991761741371,110.868876680847,4.99016623895929,82.9307247329868
petrol,3072,2.67,2024-08-22 12:30:03,2023-04-29 02:08:27,71.9181929598026,106.727281812947,3.7828689250538,72.8564858197363
petrol,6889,1.26,2024-04-02 23:54:59,2024-07-08 18:19:18,73.1240180983803,97.6219346137532,4.52653668367231,98.6577451114476
petrol,3505,2.66,2023-03-22 04:07:12,2023-05-21 15:14:08,73.4114245162188,86.2297140754155,3.5225892938072,84.7383292091179
petrol,4791,1.08,2023-07-14 20:07:37,2023-01-23 18:44:05,81.4082189750188,101.385651874599,3.35017311450256,68.0869650279735
petrol,9867,2.87,2023-04-12 23:55:47,2023-05-20 08:41:11,77.7884553036256,76.5306680899629,4.0841682301857,86.5655360863383
petrol,5802,2.23,2024-09-25 18:27:38,2023-07-02 10:16:38,69.4427102153148,102.151398502862,4.01282864354369,70.2531832977268
petrol,1296,1.92,2023-02-09 22:03:14,2024-09-01 15:59:47,76.23252389216,113.072865791319,4.47982703536683,87.8708460374245
petrol,2929,1.59,2024-01-09 18:14:19,2024-05-19 11:44:23,77.4911087424839,81.2320129504948,3.73135424669026,91.585955790074
petrol,2624,1.86,2024-09-07 10:24:26,2023-03-31 07:27:01,80.7007451926063,77.012225847555,2.1636402162296,71.7931768164829
petrol,6265,2.93,2024-10-31 12:24:36,2024-02-02 05:33:49,82.9027034328419,123.691568375423,3.56722611641161,89.6337612924432
petrol,5487,1.61,2025-01-28 01:02:16,2023-05-19 07:44:06,69.9245290408607,90.8236054074312,4.79381846714382,84.127809269365
petrol,8534,1.03,2024-04-19 09:25:44,2024-02-04 05:43:17,70.9457124439483,117.039217689157,3.70262392075689,88.2206015999449
petrol,1596,1.61,2023-08-14 13:30:26,2024-12-08 11:12:36,68.7121107054269,97.6900350220325,3.75361659748545,98.9679298265395
petrol,7730,2.81,2023-10-19 10:21:22,2023-06-06 08:35:28,73.8299007044651,97.5706777458801,4.98637650590594,77.5461188399713
petrol,2586,1.58,2024-10-11 11:24:17,2024-08-08 10:25:26,77.3317918722317,106.57619049245,3.28802677274108,72.4626383564251
petrol,1926,2.51,2024-04-19 12:39:47,2023-12-16 23:44:55,79.9366725829455,86.7400171488034,2.4571967817571,71.1048557037448
petrol,4098,1.43,2024-09-04 13:20:15,2024-12-01 13:51:19,74.6202448817874,101.987457152435,3.83936888047451,71.8418971503456
petrol,5223,1.05,2024-05-22 22:39:55,2023-07-04 23:00:11,73.4007623837258,94.2776587776386,3.51582604875126,79.228982905859
petrol,3801,1.61,2024-07-31 06:23:22,2023-05-04 09:41:54,75.7587899612437,80.1925983489245,3.03375368024675,83.4115197481664
petrol,1471,2.22,2025-01-03 15:52:36,2024-11-06 04:37:20,70.8242854918499,105.062231120896,3.82462154410131,82.7669079933002
petrol,1323,1.53,2024-04-30 19:54:00,2023-12-10 07:28:52,85.4476936084739,96.0503828968313,4.49150564724678,88.2718324903602
petrol,4410,2.24,2023-12-14 14:37:54,2024-06-03 16:43:36,66.9616948644097,97.6446275733294,3.99071143843218,80.1300189187791
petrol,7216,2.8,2023-06-07 06:42:38,2024-08-25 23:56:14,75.9237028944786,81.8475858487876,4.30698107268624,94.5353407715732
petrol,1261,1.62,2024-07-20 10:24:42,2024-04-28 19:36:59,85.1180310961482,123.871005516442,5.81340769851542,77.3534316676204
petrol,9186,2.35,2023-05-01 11:56:45,2024-02-07 11:26:03,75.0339992228,113.150712795792,3.65712113844244,107.201691665896
petrol,448,2.37,2023-01-16 09:20:27,2024-10-15 11:19:25,74.0498048249925,114.46233826258,4.27834863464467,86.2566734776501
petrol,5372,1.81,2024-02-19 07:40:19,2024-02-12 14:40:31,73.2127728859479,95.4183294633748,3.49078663740087,71.4284244358372
petrol,1698,2.84,2025-01-14 04:55:29,2024-10-02 19:24:58,74.098041591188,74.0622566574487,3.15364028011303,69.2910750193889
petrol,5799,2.86,2024-10-06 03:13:18,2024-06-21 07:33:55,81.8642423733827,129.293760737343,3.41509234658223,84.8247241524319
petrol,9812,1.18,2024-07-23 09:50:42,2024-10-17 08:28:15,63.9406904433525,99.083537379912,3.52124142847831,77.7653721467415
petrol,5726,2.93,2023-05-30 05:50:05,2023-02-28 05:41:54,82.6671685064816,88.7680030596992,4.35947579754713,87.1400049409209
petrol,823,2.81,2023-02-25 00:09:50,2023-09-14 19:08:08,67.8802142377493,106.252023617247,6.34907578670076,84.7323762457355
petrol,3955,2.77,2024-06-17 10:27:14,2024-03-10 18:25:12,73.6667383538279,117.506811820049,3.28395656372416,79.2717108734313
petrol,8275,1.24,2024-05-02 09:18:04,2024-10-04 23:08:53,72.8537778985067,99.654241658718,3.58337469438454,71.532062819316
petrol,3473,1.95,2023-06-05 21:28:09,2024-10-15 09:32:00,77.9427663488536,119.178627519091,3.93687698688875,64.8515277531414
petrol,511,1.99,2023-07-26 04:16:20,2023-05-18 21:24:44,67.0093782405813,116.244999077753,4.39579884870975,75.5348504793298
petrol,6195,3,2024-11-22 04:54:16,2024-01-25 19:04:06,77.3108633304097,83.8542821889691,4.26355081195479,88.5639879432347
petrol,4146,1.45,2023-01-30 16:48:34,2024-02-25 00:49:01,85.1215481164343,89.8931484151079,5.28409579394812,82.140937441302
petrol,1804,2.8,2023-09-23 19:01:31,2024-08-04 04:57:01,68.184129977036,114.363057449197,1.57360792946479,67.5426122128801
petrol,2065,1.96,2024-03-04 22:24:46,2024-06-25 00:53:34,75.948530838052,59.3108115428434,1.61307012980433,81.7318092585118
petrol,2068,1.64,2023-12-21 12:17:24,2024-09-30 09:58:23,71.690089111017,97.7581646025252,3.50412182798985,83.8531737972884
petrol,3618,1.64,2023-09-02 04:34:01,2024-08-26 23:29:53,77.1294360309652,78.5375319756299,5.09730018754371,71.1614256379887
petrol,1847,2.6,2023-11-02 23:55:21,2023-07-03 08:11:12,75.0957388870788,92.8516929784971,2.4343519683944,81.5372510594553
petrol,5440,2.06,2024-07-27 20:19:17,2024-12-09 19:01:33,71.7925654547785,95.5176986645619,0.992367660306243,80.58208718446
petrol,7296,1.84,2023-06-11 23:03:04,2024-07-11 05:35:09,77.4393614243554,94.6263343313874,4.57117940621921,68.5702970216938
petrol,9437,1.55,2024-01-22 23:22:59,2024-12-08 08:43:50,84.0217405489337,91.7160812183109,4.24365722370272,83.5778736034828
petrol,4899,1.72,2024-03-02 06:19:17,2023-03-08 08:16:58,74.0454810413635,83.5428452555678,2.90979159320057,85.6078452636824
petrol,7666,1.55,2023-03-15 05:24:44,2023-05-01 08:16:24,78.5987897107409,134.37866900228,3.01446039927907,90.8305124317528
petrol,5203,1.68,2024-09-12 11:37:20,2023-09-08 17:08:46,68.5336352106442,128.01193006242,3.03025628036533,90.538020520349
petrol,9932,1.48,2023-09-12 09:03:31,2024-12-26 03:10:26,70.21781811591,82.5690126961558,4.11053531747394,66.2233063204291
petrol,4780,1.71,2024-10-27 22:49:28,2024-10-29 04:17:51,77.3620313894019,123.731751269554,3.37368472381699,70.6217496008488
petrol,5448,1.2,2023-10-18 08:12:03,2024-01-20 12:40:57,82.4205801426798,94.0080176429072,4.49406391897552,85.1503526720866
petrol,9972,1.49,2023-06-05 09:30:12,2024-05-31 12:28:32,76.7780667439283,101.937812099976,1.14537333709561,85.1378595091221
petrol,8512,2.45,2023-07-24 01:53:43,2023-08-23 22:37:47,73.4347098473842,99.0508906015463,3.1431481348722,85.1504768630605
petrol,2772,2.42,2023-06-01 15:59:27,2024-11-09 18:55:11,74.9964570271168,90.1037703811905,2.87394603908895,118.527314906547
petrol,8566,1.41,2023-04-10 11:17:35,2023-10-06 19:42:24,68.7479613301514,114.757785154092,3.74365932162751,85.7089051069317
petrol,8888,1.95,2023-12-31 11:26:03,2023-12-12 10:14:09,78.0225766317768,101.88829795865,3.46195224150986,91.355656401806
petrol,5734,1.26,2024-05-04 06:11:15,2024-10-22 20:39:44,79.411665311617,92.8517286517114,4.79784377989577,89.540017634932
petrol,2452,2.86,2025-01-08 06:08:04,2023-09-05 00:46:05,72.7395483358346,80.4311583429929,2.14066322833994,86.513912513058
petrol,7094,1.17,2024-06-16 22:04:17,2023-10-21 23:07:27,72.6497892612025,86.5960747942132,4.04549147633075,76.8473075535966
petrol,1159,2.9,2025-01-02 08:44:21,2024-09-11 17:38:47,76.3293911482602,75.3792982659685,4.55833642321171,87.5896922049327
petrol,1666,2.06,2023-05-04 21:30:30,2024-05-12 02:02:42,72.816401319797,100.183353226228,5.85664743656196,72.2717478546243
petrol,1148,2.58,2023-05-27 09:32:35,2023-09-04 21:56:12,74.6693369268709,82.0500161157341,3.51823402890653,77.6318139325999
petrol,5798,2.14,2024-05-30 23:28:36,2023-01-14 00:48:13,85.4986089458326,96.0165923122219,4.32445860435252,75.146364521709
petrol,3341,2.17,2024-07-10 04:34:43,2023-10-25 16:05:17,73.76487149627,120.551527804156,2.19613720743764,80.8187413938632
petrol,6861,2.81,2023-03-31 21:08:02,2024-04-17 11:10:07,73.2082992398939,117.989493593824,1.60804379568698,103.146585666735
petrol,3724,2.53,2023-12-11 16:21:33,2023-08-18 11:01:21,71.7622909718242,99.5158465884607,4.8447743757817,61.3273480740825
petrol,1854,1.96,2024-08-20 04:11:18,2023-02-19 14:07:52,78.7209598574997,98.6937291078528,3.99443970635193,86.8626019037451
petrol,3109,1.11,2024-06-12 23:04:27,2024-05-22 08:46:54,74.0938791339095,128.198118241315,5.17851268979842,63.8728412881035
petrol,241,2.74,2023-02-16 01:43:08,2024-04-22 09:38:03,71.7531348083929,107.811341805381,2.62659711103025,75.2806813421057
petrol,6086,2.54,2024-02-26 03:29:38,2023-01-10 03:24:02,81.6065201613651,95.0829031018522,4.51990213952875,90.8895059696737
petrol,8458,1.41,2024-09-29 13:11:52,2024-09-02 10:41:31,82.0980150225682,78.6097282431932,5.86881784054385,80.6428001909546
petrol,8061,1.8,2024-09-22 09:28:52,2023-06-21 01:19:19,71.9978821713065,105.908098272471,4.41970560835727,69.2225522207069
petrol,8860,1.06,2024-07-02 22:05:40,2024-09-27 17:22:50,65.6673002431969,112.439856588743,4.27658150559105,72.8469629074003
petrol,5723,2,2024-08-31 15:19:46,2023-05-10 18:03:23,80.0375684491846,90.5252271322953,4.00855608082435,86.7959774893468
petrol,3293,1.72,2024-12-04 08:15:58,2024-07-21 08:44:59,71.5768508712,104.36804132707,2.42911854287409,72.6963336828286
petrol,5922,2.35,2024-05-10 19:14:31,2024-03-03 05:17:05,78.9531279958138,94.5464005762746,5.35557293571035,82.1645858958198
petrol,450,1.87,2023-02-18 17:01:12,2024-02-13 00:21:31,65.1494809114408,97.239514012015,3.38914236019493,80.4557183990381
petrol,650,2.47,2023-02-17 16:04:39,2024-03-05 08:19:04,79.4629866914966,62.682669136565,4.50448325638302,73.4839965239418
petrol,4884,2.52,2023-04-06 03:55:38,2024-01-25 23:13:56,68.9441403535961,96.673278944258,2.43696569342875,101.439440893253
petrol,5225,1.14,2024-09-21 16:46:10,2024-07-13 00:21:11,78.6538205953326,114.540539536121,2.82054033549222,86.3391902231801
petrol,3944,1.88,2024-01-12 05:18:00,2023-09-09 19:30:39,75.0713653391822,90.5289616665016,5.43508739922224,59.7485741334239
petrol,7270,2.92,2025-01-12 23:20:46,2023-04-01 20:39:27,70.2303029030168,100.78789552323,3.65269771104216,81.8645431476943
petrol,9552,2.7,2024-09-21 07:05:45,2023-08-27 22:18:30,72.9648184353661,88.6607393996212,5.45327547604255,73.3821353523161
petrol,351,1.75,2024-08-04 00:15:38,2024-07-16 05:40:57,78.4315922847835,105.406625144392,3.92176934094148,88.5243333479622
petrol,7369,1.94,2023-04-20 13:05:01,2024-06-10 06:46:57,75.5294722655762,96.7521520369574,2.15810222704214,72.074792615673
petrol,2612,2.08,2024-01-03 04:38:43,2023-06-04 10:07:55,77.9220649023624,85.9113768897699,4.89206759973172,78.852635585331
petrol,9872,2.54,2023-09-16 22:49:01,2024-07-13 21:09:00,84.8822029225774,119.988272014977,3.41010768224439,85.0498727898046
petrol,1031,1.13,2023-10-11 07:26:27,2023-08-29 00:34:11,67.1787919414447,113.933980202983,4.69868881351704,88.6575519417012
petrol,6055,1.71,2024-07-06 13:59:05,2023-01-26 02:44:47,83.0860628748431,90.9263985410774,4.02521086754008,67.9970359294422
petrol,2290,1.61,2025-01-27 10:31:47,2023-03-27 05:54:15,75.5217796876161,107.466824641267,2.45688177205713,76.6549876415905
petrol,2839,2.16,2024-01-27 04:14:03,2025-01-11 08:10:57,70.5060797583844,108.061180042306,4.16429476537057,75.2505468883904
petrol,1238,3,2024-09-17 22:44:27,2023-01-02 17:22:13,68.3484318713051,109.634518525168,6.1962231421528,73.4667076742629
petrol,1774,2.42,2023-04-25 20:16:09,2024-11-12 03:39:21,74.0543980461148,74.5861615600738,4.49298645851446,97.654542402811
petrol,6366,1.26,2024-04-30 17:43:53,2024-11-26 23:51:11,79.6082505596223,115.099098115489,3.94248224699454,84.0498171096096
petrol,5755,2.45,2024-08-09 03:23:36,2023-10-23 03:45:02,74.3622543981123,91.454515556114,5.0753434019569,67.3911604566495
petrol,4463,1.71,2024-06-30 16:21:34,2023-08-26 23:57:36,82.5557746512367,94.632580998381,4.21066846520311,89.1786194705478
petrol,4204,1.25,2023-11-04 03:59:15,2023-04-17 22:31:13,67.7441215497422,139.568226283903,4.20953423026279,101.221561970126
petrol,3641,2.59,2024-08-24 23:10:35,2023-04-28 17:23:01,74.9395552607697,104.528100710815,2.9083748278409,90.3246526055115
petrol,6306,2.95,2024-02-21 22:28:46,2023-05-24 16:07:12,68.7380327779344,94.2051628682924,4.2338480257896,64.8063003404599
petrol,7482,1.57,2023-10-25 00:57:29,2024-03-12 14:18:09,76.8181594131249,66.9205844086614,5.03544341641694,75.1576592713375
petrol,4670,2.97,2024-05-18 12:05:19,2024-10-24 00:11:46,79.4344369504865,120.846462009195,3.16393784789998,92.6691114918662
petrol,8038,2.79,2023-12-03 03:36:46,2023-03-24 07:20:54,72.8961910315947,79.821854937871,5.42449582124695,72.9233053438122
petrol,1033,2.49,2025-01-01 21:41:10,2023-05-15 11:05:57,61.9789307168643,84.9484164475074,3.90829397585487,84.4381942814623
petrol,1977,1.17,2023-12-03 21:13:07,2024-02-17 06:02:23,75.9947407339825,95.0297155136823,3.11223048846146,87.7463405342934
petrol,7419,1.25,2023-03-31 04:33:38,2023-03-19 20:23:30,77.1836927586676,121.246176875504,4.99763207692025,70.7306952842192
petrol,2382,2.67,2023-09-05 19:18:26,2024-11-13 17:22:25,77.0214737748085,111.598599799986,3.71320576426173,79.404746439382
petrol,7696,2.83,2024-03-09 08:11:16,2024-01-01 08:57:17,81.1789109591108,97.6324373523961,4.75951488748611,47.5873265993093
petrol,6981,2.05,2023-03-14 19:37:57,2023-07-08 17:55:50,69.6447316017548,104.624380954582,3.70824136774146,69.7561235866571
petrol,2763,2.68,2023-03-28 08:56:50,2023-07-24 08:26:10,78.4010805272523,90.9942146069334,3.9401738564701,77.4743184860684
petrol,8743,2.77,2023-04-04 07:34:00,2023-03-28 18:56:11,80.9625375623899,102.09480534348,4.49356020433429,67.5221681803515
petrol,7076,1.92,2023-05-11 10:53:36,2023-12-22 13:38:49,66.1070620799674,101.100051171672,4.29089705759001,96.3241130393164
petrol,3379,1.44,2024-12-26 15:00:37,2023-12-11 17:44:25,76.5982591295949,114.53154843522,2.00446821954826,65.6985862203937
petrol,9433,1.4,2023-06-21 03:38:47,2023-08-10 21:02:16,72.4791008449616,114.507671836584,2.87875625990561,75.5995551330302
petrol,534,2.92,2023-02-23 07:54:18,2024-08-06 23:10:20,74.5923866344918,107.409660733085,4.92940998479082,81.3074057728609
petrol,6585,2.15,2023-06-13 02:06:22,2023-09-18 09:30:03,76.7383824176917,94.5647866368085,3.86786341109845,94.4127328906612
petrol,5385,1.6,2023-01-24 12:19:54,2024-07-12 19:43:14,72.5638571794322,111.127334415852,3.47626869722858,65.6413784882056
petrol,9368,2.89,2023-08-29 20:43:56,2024-02-22 08:31:06,71.6214596041919,98.6204730069543,2.64142598474253,91.6316375215496
petrol,3930,2.53,2023-09-09 21:47:04,2024-11-13 17:21:38,75.1707620874401,83.771284469303,2.92026367872415,80.1023306101959
petrol,7993,1.55,2023-12-24 10:23:40,2023-12-23 19:55:26,69.563770305686,93.9506831213359,1.97820136003805,70.1849134895205
petrol,859,2.12,2025-01-12 20:11:54,2023-04-26 19:48:33,69.5708743555741,101.267904756765,3.89871928129847,84.6210347426327
petrol,5814,1.19,2025-01-20 18:05:10,2023-10-23 21:48:44,78.3968664147825,113.653236754971,3.40156241941895,81.9905969557347
petrol,5866,1.88,2023-10-21 08:55:37,2024-01-31 11:38:17,69.2560298242067,97.2470774176427,3.03341210901468,73.9978312284121
petrol,1971,1.44,2023-02-08 09:33:47,2023-11-28 20:58:54,78.3315625045461,81.8620193314059,3.93187657483205,80.6980208499002
petrol,2591,2.6,2024-04-04 12:21:01,2024-09-16 15:10:47,77.3129564642698,100.851125249452,4.36397063085274,76.1468640313824
petrol,208,2.28,2023-01-26 13:14:20,2023-08-18 19:04:31,66.370966356047,101.701840600848,6.09319793220995,81.1351734525125
petrol,3473,2.13,2023-03-13 21:14:30,2024-02-02 20:52:11,71.6121767383217,102.787564433541,2.48811658043679,86.6213067452105
petrol,3758,2.29,2023-07-14 16:39:33,2023-03-30 23:17:13,80.9705470152369,113.798072739316,5.15938104330052,95.8601681614535
petrol,6476,1.24,2023-04-22 06:34:01,2023-08-03 16:31:26,70.0941723443016,115.283848601348,4.97310156101507,67.6218450117315
petrol,2461,2.42,2023-05-29 18:31:31,2023-07-04 05:57:22,72.6779786884531,91.086836914275,3.2209072606233,101.330333746563
petrol,2947,2.14,2023-03-23 22:21:21,2023-01-10 12:58:28,77.3103044662595,90.7578481292659,4.20323595458603,60.479122004775
petrol,6817,2.93,2023-02-22 05:11:45,2023-04-26 05:33:04,78.916952546413,84.3970193356679,3.54236675066238,78.4821490496442
petrol,4359,2.16,2024-06-29 19:48:44,2023-10-22 06:33:54,73.7423055697775,110.482235054207,4.18568858041874,85.8831720648458
petrol,3562,1.77,2024-03-08 11:44:12,2023-11-22 22:25:02,72.0124490265418,121.732301625066,5.50913101340455,82.8099186773503
petrol,6037,1.09,2023-04-26 16:56:01,2024-04-10 18:38:34,82.1118493084925,95.2737710813662,4.60560623263131,73.7730048017941
petrol,305,1.45,2023-05-10 13:48:06,2024-12-18 11:34:45,83.6944983189879,96.3785415291251,4.50860837323344,77.9187774964273
petrol,13,2.32,2023-11-26 02:50:40,2023-08-19 15:08:17,79.894290253909,122.001738353485,3.56969068004536,75.0699906534117
petrol,4174,1.35,2023-05-17 00:36:39,2024-06-20 09:25:49,75.4265907128251,107.583367798225,2.51594333507567,74.1063524305579
petrol,218,1.34,2023-03-22 20:40:15,2023-04-06 20:32:23,70.9586713917954,106.543535572016,3.79153178945959,88.4960209702103
petrol,1536,2.94,2024-05-14 19:13:48,2024-03-27 02:00:28,70.8477779672172,82.1362524103941,5.20660815486392,83.5701548596505
petrol,3121,2.31,2024-01-16 07:41:12,2023-09-23 15:11:41,77.6125705263288,110.180921039191,2.47283214341035,73.0709040473935
petrol,9516,1.85,2024-05-19 02:40:13,2024-03-30 15:22:39,77.0919911044434,86.0629548923536,2.94491063182331,88.9959987543325
petrol,2601,2.32,2025-01-22 02:20:12,2023-04-13 02:22:00,82.0079929647322,82.9896972109756,4.12626773623407,83.0729952087661
petrol,366,2.29,2024-04-28 14:13:26,2023-07-19 06:19:27,78.2522504626807,94.7984263484993,3.01534521515274,88.1286211883896
petrol,6353,1.09,2024-05-31 02:59:57,2024-03-19 21:18:27,67.4845984912009,91.2131091482697,3.20747655288479,86.2962884192361
petrol,7160,1.41,2024-08-13 20:51:04,2023-02-14 07:28:31,80.2597380886146,96.6760045842244,3.57640141827182,71.7100498907793
petrol,9859,1.16,2024-12-23 18:43:06,2023-01-20 10:34:16,70.0096968634279,78.3852754821262,2.63438259580985,74.3981895980303
petrol,7836,1.98,2024-07-01 21:24:23,2023-12-01 19:56:05,73.0801436402383,114.382244597015,3.02587815378363,87.4729360512326
petrol,4556,1.83,2024-09-05 08:27:47,2024-09-20 08:56:12,76.2510010312585,116.915294417746,4.70342791678731,86.1037026543347
petrol,4870,1.86,2024-06-08 12:32:51,2024-08-20 10:39:38,84.9783374489198,70.7898628878878,2.69263021776904,79.7909840603585
petrol,714,2.66,2024-10-20 16:19:30,2024-02-23 17:33:08,90.5495927800268,114.676867084998,2.40212786550516,81.1732738330878
petrol,7541,2.49,2023-03-29 14:50:59,2023-06-22 20:46:07,78.0336152956809,87.8420705526756,3.36997502046611,92.7766489578843
petrol,6613,1.66,2023-11-04 07:32:46,2024-09-10 02:16:51,74.0840169063981,112.854633054742,4.73195550250985,74.0842861116417
petrol,3526,1.97,2024-07-17 15:08:53,2023-03-23 21:04:22,77.6725282424028,98.9733026100038,3.80307819200311,85.4709738117004
petrol,3215,1.13,2023-04-24 22:47:42,2025-01-26 16:15:38,79.4382771293692,100.431633461215,3.53541892188438,77.9780734756611
petrol,2386,1.59,2023-05-16 21:58:59,2023-02-03 08:54:52,73.396661872214,97.2235352586817,4.04435879751561,77.8231879677278
petrol,7155,1.08,2024-06-20 23:09:18,2023-10-04 08:55:52,83.9760567795616,118.181938063502,2.25429256714035,90.9877685198719
petrol,9920,1.52,2023-03-29 15:22:26,2024-01-30 05:21:40,76.150353795957,81.4061798121246,4.49470565377503,88.2541634898803
petrol,6126,1.69,2024-11-24 07:07:18,2023-02-26 19:17:12,77.488715445457,109.117605081025,4.38343503140364,88.1350963600064
petrol,5149,2.02,2023-10-08 23:59:31,2023-08-06 07:52:17,78.3296212602723,116.519952473343,3.59069152590428,93.0547880715433
petrol,483,1.37,2024-06-04 07:23:56,2025-01-12 08:27:10,77.1079330530723,110.745101208106,5.00592451179642,80.2100384163276
petrol,7689,1.05,2024-06-13 06:06:17,2024-01-09 01:14:42,79.1947025023481,134.870483714851,2.87250390104696,86.8195297129497
petrol,8480,1.69,2024-12-19 04:00:40,2024-04-17 02:05:53,71.9137340672654,92.0657985591295,5.12790899325357,76.8973324340654
petrol,8444,2.04,2023-02-27 17:39:56,2023-09-28 06:55:24,72.2084912302698,114.359572338903,4.15449366559525,83.2416635248844
petrol,3155,2.2,2024-08-19 17:08:20,2023-03-03 17:40:40,69.4992288351415,98.4086404698787,3.66344741012183,78.6985694563232
petrol,3278,2.34,2023-11-21 22:24:09,2023-10-13 12:22:13,77.1975061531011,118.50109114529,3.98012636463169,80.9699596499272
petrol,8218,2.73,2023-07-14 04:13:02,2024-06-11 13:02:11,78.8946825175606,99.8846650641795,3.89273523418906,85.9515702543691
petrol,179,1.01,2023-06-01 21:02:39,2024-12-24 16:03:52,77.2888643307594,94.181863272063,5.22028289641772,71.8177931676653
petrol,4759,2.72,2023-12-08 15:02:41,2023-06-12 15:09:03,83.3724621667377,119.591083058074,2.92332087252899,100.923872756855
petrol,8267,1.31,2024-11-06 18:56:44,2024-04-10 20:31:52,74.9720199058548,92.6265709147161,3.2374807608534,69.939826185003
petrol,1057,2.29,2024-04-27 03:35:07,2024-04-12 08:12:44,78.3437082779626,78.8091136164917,5.03630289207248,67.8581138721227
petrol,7730,1.93,2023-09-24 03:28:53,2025-01-29 06:00:06,69.5414956193034,92.2472967523926,3.40446506481614,91.5811087350007
petrol,3148,2.83,2024-04-13 17:22:38,2023-11-20 21:53:52,73.064501487628,109.285494198828,4.90053307733159,87.9166269396294
petrol,944,1.28,2024-08-11 04:08:39,2023-08-28 21:35:58,78.4776887878289,120.880581273806,5.69943598300871,86.2411981705216
petrol,3578,2.86,2023-08-27 15:41:15,2024-09-06 09:15:19,79.2455105537157,101.666940629448,3.59820497305837,86.2834550926428
petrol,5871,2.86,2025-01-23 16:21:42,2024-07-29 15:49:33,73.5301652616791,119.77295600851,4.68136232657531,79.8775322715309
petrol,3026,2.82,2023-09-13 02:16:47,2023-02-26 23:00:37,74.6420037407097,79.6273761778361,2.84630771866014,71.0274562851417
petrol,1273,2.7,2023-02-04 01:15:49,2024-07-07 08:21:50,67.410631266596,93.3510480277315,4.75473329806781,80.7580455819373
petrol,1605,2.33,2024-10-22 16:30:52,2024-03-19 17:32:32,73.214853995967,95.6713732426885,4.19942398598677,73.2283828848789
petrol,3500,1.99,2023-05-26 23:39:55,2024-04-01 04:07:54,79.4519158175989,98.2816085879122,4.47303828216022,89.7511973341775
petrol,3899,2.89,2024-08-13 03:18:25,2023-06-12 01:10:03,77.8760250805328,101.261415823753,3.35442792796461,78.5294261849786
petrol,5505,2.62,2025-01-06 01:12:53,2024-04-30 13:02:24,77.5033286069061,110.363664360883,2.33891658443283,71.7450280320749
petrol,6791,1.72,2023-01-30 19:57:34,2024-01-12 01:05:34,75.2488684359048,93.3278974274427,4.50325206474951,76.7861415834701
petrol,9579,2.48,2023-05-04 23:15:51,2023-01-14 18:16:00,75.0353157931409,102.085430304297,1.93659684752055,84.1293145427563
petrol,849,1.3,2023-05-19 19:49:04,2023-06-10 04:32:38,71.6983943026328,99.3231566451392,3.68264950775747,74.3627544719603
petrol,1907,2.26,2024-07-13 13:44:08,2024-11-17 13:15:37,78.4941421010127,86.1116514416327,4.94118186641997,71.7777960443357
petrol,1795,2.65,2024-02-13 21:00:32,2023-05-03 05:58:49,77.104864721947,98.2949996637785,4.19189773587304,82.4368721149191
petrol,560,2.85,2023-05-29 11:23:21,2023-06-25 00:18:59,77.460094239964,97.8451070515432,5.94834264478981,82.4496657110872
petrol,5713,2.65,2024-04-21 13:26:33,2024-11-14 17:33:09,72.3698257866621,97.5237915249543,5.02510915258177,74.9305682462887
petrol,9746,1.07,2024-08-12 07:17:39,2024-01-18 14:26:24,64.2332854006438,100.476391848722,3.34610161167442,75.2896169438168
petrol,3514,1.34,2024-08-17 12:26:05,2024-04-12 10:48:12,80.4857635587685,101.135103109201,4.02731337985144,82.3204993735764
petrol,9673,2.25,2024-02-25 09:06:03,2023-01-14 19:34:38,72.605812719958,93.5155723133901,3.95262929745556,65.5191565850268
petrol,857,2.47,2024-07-12 00:21:42,2023-11-08 06:28:11,70.6861211797844,119.090721009569,2.41782323665387,65.9253622562345
petrol,9022,1.7,2023-01-30 03:16:27,2024-04-16 22:38:58,78.46739455957,82.4577905619548,3.05960108351565,72.8155577874756
petrol,2805,1.69,2024-12-04 18:28:49,2024-06-13 20:20:03,73.0399368004044,89.1854483729516,3.43923909302014,77.8655284828815
petrol,9492,2,2023-08-19 10:41:42,2023-12-12 09:55:46,80.2996819202331,141.699454363353,1.96377949714406,83.1090756559801
petrol,9419,1.75,2023-08-27 16:35:06,2023-07-29 06:06:26,78.0850297478835,84.4301296751616,4.04749346825164,94.7535621694955
petrol,2846,1.75,2023-06-29 00:29:56,2024-02-06 20:29:55,78.4178466160024,79.6936798793536,3.75092815534696,88.5765962320202
petrol,6430,1.86,2023-02-13 01:41:52,2023-07-20 23:29:56,68.1702214439973,111.017151175018,2.32710609868843,78.4006147003657
petrol,7942,2.44,2023-03-28 21:51:32,2023-11-06 05:23:42,81.059719926932,68.8432021933919,4.40421286527733,79.8098379209731
petrol,1847,2.03,2024-05-25 04:41:00,2025-01-13 14:58:48,76.3062526561693,96.4708913504134,4.71587274469096,69.9747063536219
petrol,857,2.24,2024-05-19 00:50:09,2025-01-08 16:59:44,73.153614303769,132.187373876147,4.22703447886489,79.8148686400761
petrol,1034,2.64,2024-11-25 10:36:27,2023-08-12 15:50:10,75.7169423367113,76.825961167699,3.67593182479103,77.1134136107986
petrol,296,1.58,2024-05-13 21:23:14,2023-02-16 08:00:55,66.1188238355084,70.2705327139193,4.59144215175185,83.2271856033809
petrol,7082,2.57,2024-01-02 18:39:58,2023-01-29 23:34:24,77.0432640574034,77.5122819706345,4.68022036047669,71.7276905644768
petrol,1672,2.24,2023-10-24 04:05:59,2024-08-02 16:38:45,69.8531424590896,113.475393525205,4.30740356971969,85.1934651424117
petrol,9003,1.85,2023-03-04 19:42:01,2024-11-14 12:49:02,68.2366485707823,116.871650799787,3.17538774956524,95.3273891300258
petrol,3606,2.29,2024-09-08 11:44:00,2024-11-12 02:16:08,67.3882040689105,92.3111680453224,4.27660076551118,78.9123985154314
petrol,1825,2.74,2023-11-14 09:43:20,2024-11-28 03:21:00,80.5634418749496,110.248186060016,5.19548065082548,84.0171172209894
petrol,5920,2.31,2023-03-15 22:09:56,2023-02-02 15:37:36,71.8536830315361,120.85382991268,3.40337094138827,86.9014399171111
petrol,6089,1.98,2024-11-19 18:13:34,2023-12-29 02:59:51,82.6686385495825,126.810196216447,6.09793933913243,75.9877952811416
petrol,5744,1.31,2023-05-06 23:12:42,2025-01-19 10:07:06,72.3209926847385,96.3049707823023,3.47436906601462,82.2409248181042
petrol,1733,1.37,2024-05-20 14:27:22,2023-06-22 16:11:10,66.4632102120353,65.4779242349502,4.03240701334014,80.1259240078179
petrol,5231,1.79,2025-01-08 14:53:36,2023-01-20 14:47:09,69.4173778002567,87.6868161638547,3.32751440399366,80.9767609854883
petrol,5525,1.78,2024-09-12 14:49:22,2024-03-26 22:20:42,81.1790581000347,93.5979370759711,4.22327083592026,72.2699021614453
petrol,6988,2.04,2024-03-15 23:20:04,2024-02-22 02:40:12,74.2205091103167,96.1159180513241,2.25777830736473,80.2451017425894
petrol,4239,2.35,2024-09-13 06:01:39,2024-06-03 21:47:30,72.258563517547,97.1821089848692,3.45395820118328,84.9799829124545
petrol,1290,1.49,2023-09-14 04:07:17,2023-02-09 06:57:11,75.8000911292639,116.78341896896,2.90787879965143,94.5114360779504
petrol,9891,1.02,2024-09-22 05:51:29,2023-12-14 11:52:39,77.5089136808377,119.116426400314,4.13533834789229,89.5927082608521
petrol,8948,1.86,2024-04-01 06:28:20,2024-09-10 21:43:13,80.5869940795123,97.4248951911282,4.99444737550891,101.531824575116
petrol,8978,1.24,2023-11-28 09:07:19,2024-08-24 01:59:12,82.2424961494646,116.477273140777,4.64600618711455,72.3265243711195
petrol,7684,1.62,2023-08-17 03:08:04,2024-04-17 13:23:11,73.2011567710546,105.364920499466,1.62834063914111,88.7232063672068
petrol,9366,2.57,2023-04-02 11:23:35,2024-04-08 03:41:09,68.3697615695898,100.967589592939,6.04206965292788,81.8334200573835
petrol,7730,2.29,2023-05-13 14:10:29,2023-01-12 04:52:45,72.9326741943836,113.598162356649,4.29527994062087,101.898029332177
petrol,7148,1.43,2023-04-27 23:09:06,2024-03-12 23:12:01,76.3014025329144,101.083780723569,3.223500859507,71.9170171464485
petrol,9523,2.15,2024-05-03 03:44:54,2023-03-25 04:25:56,70.181205368947,130.867167656466,4.15712791899094,71.6027815781922
petrol,6167,2.01,2023-11-15 08:52:27,2023-02-17 16:29:30,70.2142454255248,78.4238324980816,4.17618982250269,74.0060735455598
petrol,9577,2.11,2023-10-21 19:04:17,2024-07-22 18:28:18,76.7189394077494,92.2724365136197,3.33315128304844,58.7610427569019
petrol,2723,1.58,2025-01-24 02:45:34,2024-12-15 10:00:27,74.7567382421478,98.1022165456908,4.19791666734208,74.7424497831924
petrol,766,2.46,2024-10-02 08:37:27,2023-08-20 07:49:05,75.1639849770579,106.59179035687,3.39252771237969,72.408673384463
petrol,860,2.27,2023-12-25 22:56:32,2023-04-10 18:43:20,71.2075233264997,119.019407306546,3.59563800730998,81.5039378647621
petrol,1226,1.34,2023-07-04 14:24:50,2023-12-01 05:13:15,73.8479964289712,99.6340214914576,3.31372086424492,83.4175597577716
petrol,3777,1.3,2023-12-11 00:27:28,2024-07-20 09:18:20,70.3788342786585,78.6665552574069,2.56732871026035,98.7617083921589
petrol,6091,2.72,2023-05-05 10:25:35,2023-04-30 06:27:19,79.4509920556239,112.637708446825,4.14583647021538,89.5042383818605
petrol,6144,2.91,2023-09-05 02:32:28,2023-10-03 04:50:15,80.1762466736188,111.324381492129,4.58529943651634,74.230963443376
petrol,4343,1.51,2023-04-04 08:49:34,2023-05-26 06:22:22,65.7690606888095,70.8721201093089,4.51488359607637,71.0158532865164
petrol,2877,1.36,2024-04-08 05:54:03,2024-01-29 08:25:30,70.3524456990379,99.942937994938,4.81992525263523,84.9191917150651
petrol,9449,2.42,2023-02-09 13:09:02,2023-08-24 17:30:04,67.5173537245496,76.1478725397955,4.32434021001487,66.7976679297936
petrol,7194,1.22,2023-11-28 16:22:54,2023-10-20 05:06:36,71.7498803279655,90.0302335374691,3.4672745017831,98.3145876585435
petrol,1429,1.12,2023-07-27 19:50:09,2024-03-25 13:31:13,74.5828101510482,86.457866095558,4.83966386443119,91.7944012072129
petrol,5295,2.59,2024-07-02 18:40:30,2024-03-04 06:23:04,67.7517739015074,112.13897047363,2.64248246015806,75.308243478953
petrol,1557,2.51,2024-12-29 01:38:54,2025-01-21 22:22:35,70.3907009343734,101.752452612583,3.09932861748752,62.8686547090912
petrol,405,1.49,2023-01-15 09:01:28,2023-07-21 18:09:46,69.9802131395925,80.7161349886596,3.03579992857676,93.5387237416541
petrol,964,1.57,2023-10-30 19:50:27,2024-01-23 18:04:56,76.0363366469947,113.20098944436,5.08005605913931,78.8546015474738
petrol,5446,1.04,2024-12-09 05:02:28,2023-07-25 02:28:45,75.3467216851813,78.4929126410738,4.94278851414008,92.3781631197346
petrol,3418,1.57,2024-02-08 10:28:11,2023-09-06 19:00:09,71.3913122333137,104.951706857064,4.48730523704499,64.0557234120563
petrol,5720,1.9,2024-04-30 20:49:35,2024-04-13 15:30:11,75.884104360697,87.7898399606267,5.0719298652118,74.0062497704623
petrol,7742,2.48,2024-01-16 19:55:06,2025-01-26 14:06:06,72.2665995770637,94.5148437620422,3.12071721758801,80.0524369971818
petrol,6717,1.14,2023-07-30 02:33:30,2023-09-08 10:16:22,73.6417244483697,107.564061220576,4.34859511986098,80.4698059376474
petrol,7082,1.23,2023-12-31 23:51:31,2024-11-28 07:32:03,83.3672604514927,107.821740985893,3.87482557161684,75.4993452852076
petrol,2370,1.32,2024-10-28 06:30:12,2023-07-16 02:59:43,81.7023052589517,120.054536103339,4.84688210388491,86.228499323475
petrol,7111,2.69,2024-03-04 02:04:09,2023-09-06 09:29:01,68.502093815362,98.7661945049282,3.8847757674478,69.3237957061741
petrol,6270,2.72,2023-08-22 15:33:28,2023-08-26 21:37:10,79.1486620893959,104.59676294445,3.61505711158992,78.5762051497871
petrol,1071,2.61,2023-01-07 05:50:58,2023-10-19 05:25:47,79.056982772458,93.4339401639351,4.54090851856099,81.202956317119
petrol,7724,2.58,2024-03-07 00:11:27,2024-09-01 04:58:17,69.2586835562369,102.729848239342,4.87616916719123,85.1443883405875
petrol,9975,1.25,2024-12-27 17:55:43,2023-12-10 05:23:14,79.0938882187743,106.592290720128,3.3316548051532,87.1161487808889
petrol,2227,2.81,2024-01-18 10:18:01,2023-04-30 03:49:13,82.6896595920628,98.5253522881844,3.93892432864762,68.7535790816213
petrol,6603,2.33,2023-08-31 03:43:29,2024-05-04 00:57:06,69.3872759687779,72.9437427386126,2.94155936635835,64.6588582926438
petrol,7804,1.85,2023-03-20 22:26:54,2024-07-22 20:59:04,70.4124858949287,104.972063444963,1.50193898250706,92.7767682189851
petrol,3651,2.15,2023-05-15 21:11:47,2023-11-12 23:28:33,80.0883073342175,105.468422160332,4.20045963141373,83.3231401197959
petrol,8644,1.71,2023-08-25 14:51:22,2024-03-18 00:57:56,76.3574765541282,89.7973978547807,4.60890535625463,72.5151346344345
petrol,8614,1.91,2024-11-07 10:18:41,2024-11-02 09:55:21,77.7573813761976,80.7341944589123,4.26206680908673,95.5115197552252
petrol,570,2.43,2024-07-22 17:29:31,2024-03-10 00:53:32,76.7029460820025,122.138187257559,2.05043828224563,81.1567463429286
petrol,4712,1.42,2023-12-05 11:45:08,2024-12-22 21:54:24,76.9534796046407,107.371682663416,3.64915056992353,91.7929718406383
petrol,3103,2.22,2024-04-09 18:58:37,2024-05-08 20:57:47,68.3676393584446,96.5637845361744,1.78165223994892,80.6751848141011
petrol,6259,2.14,2024-01-18 05:18:58,2023-07-24 14:58:02,80.2365885331072,82.9445067527877,5.36970110765419,100.60747924882
petrol,9109,1.58,2024-05-24 19:51:45,2023-06-16 11:16:29,80.8479499621389,87.6727775736798,2.91394541788191,97.553408424432
petrol,2466,1.23,2024-01-07 07:41:25,2023-06-22 15:18:02,73.8530462796599,119.538855951793,5.2554036094599,77.5103585152093
petrol,6702,1.24,2024-05-11 07:22:57,2023-08-15 10:18:42,74.7826152509307,102.064929113021,4.94586964368415,89.7157095095436
petrol,2337,2.99,2024-01-05 08:48:37,2024-11-28 02:05:13,67.3444624872214,91.7411939949894,3.09940964746394,86.4537594958515
petrol,5691,2.11,2024-11-18 07:52:23,2023-12-19 16:05:45,77.5712737800892,107.64533846837,2.86721504873226,93.6863155753235
petrol,9283,1.03,2024-07-04 00:03:34,2023-07-20 09:46:00,77.8602872085707,87.7840271883052,4.35037021638634,70.350765394199
petrol,1249,2.52,2023-05-31 11:17:42,2023-11-27 12:53:32,74.6890449150035,122.512645454206,3.15567596281693,86.8605145999844
petrol,9352,1.58,2023-11-10 20:42:01,2024-10-03 09:45:07,80.6217667993525,120.292008023451,4.10248464215821,90.5842448684959
petrol,1297,1.8,2024-12-15 05:29:51,2023-04-18 08:31:27,73.3296138451003,93.0013889319584,3.51717240919308,62.4126051357689
petrol,1939,2.32,2023-01-15 05:46:38,2024-06-09 20:00:13,77.823029629468,90.5699462945371,2.21884158553437,68.1674148733423
petrol,4837,2.97,2023-12-26 20:58:33,2024-07-30 18:36:21,69.9016783065394,60.7280020196158,1.76953198087554,59.607678222399
petrol,2845,1.83,2024-03-03 17:02:11,2024-11-20 18:54:53,74.8822392456288,77.7762884267295,4.2266842484946,77.3059316555544
petrol,945,2.72,2023-03-25 20:37:44,2023-04-30 10:33:06,74.1282287104858,79.9079533756337,3.43844225366937,87.1754225579596
petrol,389,1.87,2024-02-12 10:44:09,2024-05-31 16:40:46,76.1265396102047,102.027855114811,3.44691018308587,95.0235705209603
petrol,6373,2.41,2024-06-12 01:24:57,2024-02-29 13:59:10,73.1523653558332,95.1064944333796,4.69586383909379,80.7409478041978
petrol,5103,1.38,2024-11-09 00:28:29,2024-04-23 00:26:42,74.3426370216417,79.8199676887714,5.17344227663245,96.2861554557129
petrol,7779,1.12,2024-01-08 23:54:03,2023-07-12 15:54:32,79.1302358572075,95.7825393630317,3.72745527863819,66.1989854178511
petrol,2262,2.75,2023-09-23 22:17:28,2023-10-27 19:30:14,72.8161788138089,107.58005721471,3.65940129309014,62.9661756064485
petrol,5019,1.01,2024-03-06 14:40:17,2024-06-29 19:10:33,66.9671144963066,107.917590248734,4.50014303311388,79.4445230110338
petrol,3697,2.8,2023-04-30 02:32:01,2024-01-21 11:01:17,83.7479195210271,71.5049457871168,2.64306443030042,83.8406544893931
petrol,9754,1.27,2023-12-02 16:27:42,2023-02-10 06:39:06,81.9072703934524,98.0760477927425,4.2231530547477,79.6730525190591
petrol,3547,2.62,2024-11-09 10:17:45,2023-08-14 15:11:43,68.5386865244719,79.2498883454258,4.55188597182215,59.3255789996012
petrol,1236,1.68,2023-09-13 09:29:55,2023-01-10 07:33:13,78.448539026226,113.525930457104,4.68023020841763,79.1087996048721
petrol,9269,1.71,2024-11-09 01:57:20,2023-03-21 22:46:18,72.4851261472433,111.762196245302,2.06324729749754,66.9553049949515
petrol,2589,2.73,2023-04-21 00:11:12,2024-10-14 20:24:07,76.3174360766553,86.5295916051331,3.23864473019106,86.6967254883004
petrol,9947,1.28,2024-08-01 11:34:36,2024-10-09 21:37:23,76.4711206450675,88.509321963994,3.12173674717653,83.6659824609685
petrol,7472,1.82,2023-04-15 18:48:46,2023-03-04 09:04:28,73.8279609984184,93.0809942425254,4.09988695440921,70.6012021367264
petrol,6233,1.55,2023-08-02 01:25:46,2024-04-15 08:07:21,71.081171672068,66.2080990790299,4.48074457976798,74.8613308266331
petrol,6252,1.77,2023-09-07 10:27:52,2023-11-12 23:18:44,71.5472947384187,105.039522601609,5.49671040744598,69.4078647811105
petrol,4145,2.13,2023-01-22 21:07:14,2023-02-11 21:26:57,70.4190404225938,95.907331804898,3.50503451963193,79.3732090272683
petrol,3857,1.88,2025-01-04 19:10:52,2025-01-22 04:05:20,70.8408889588478,114.552626238518,3.50242750169079,89.5514232050124
petrol,330,2.2,2025-01-08 23:41:49,2023-12-07 09:52:45,74.6641085497532,83.5238617305617,5.14967201887875,70.1427395366446
petrol,7428,1.3,2023-12-24 03:04:01,2024-05-16 09:22:00,71.4212000544463,90.713155776251,4.29657693853031,85.0404651551784
petrol,8261,2.43,2024-07-10 07:52:42,2024-06-22 14:15:50,78.4102603285631,77.4021211294133,5.26765151118797,74.6974238162756
petrol,7448,2.2,2023-04-08 04:29:18,2024-06-11 05:39:01,82.4362307766796,84.9356415475862,4.28872800300984,72.0712716773766
petrol,5188,1.67,2023-10-07 23:50:19,2024-02-28 08:09:24,72.0997337931498,82.2702700589767,2.84288338128673,78.9296964004544
petrol,964,2.08,2024-07-19 08:28:09,2024-01-08 19:23:51,76.1970225026769,114.939605182697,2.66687164522219,69.6475767758063
petrol,8037,1.05,2024-07-07 15:24:30,2023-11-18 11:18:46,77.4984255515147,89.5260722687291,2.44848775094107,74.4635069465282
petrol,9857,1.23,2024-04-07 21:57:34,2024-01-11 20:33:51,77.3600113545964,101.862635271169,4.66205183475847,68.0212210741115
petrol,3446,2.53,2023-05-17 05:22:54,2023-02-25 19:33:38,75.3797763395804,94.2885489420729,5.18859682308701,99.6472513291639
petrol,5942,1.72,2023-06-19 04:37:45,2024-12-31 14:18:56,78.7134120917986,80.9580210098078,5.84936214138638,80.3526355197173
petrol,8253,1.09,2023-11-08 07:09:24,2024-09-16 18:10:15,77.4112447634033,97.4754936524254,4.84310533232324,73.0027449200742
petrol,431,1.08,2023-07-23 08:50:15,2023-08-25 10:34:59,68.8116878883635,108.986549977954,5.16283857753499,82.1397991073422
petrol,9540,1.57,2024-09-30 06:21:06,2023-06-11 15:30:00,79.3457803219464,81.8836091118497,3.41998366734632,78.8767195030917
petrol,2967,1.97,2023-06-21 02:56:43,2024-01-16 07:07:41,79.4364541863337,112.136691860971,2.84358418325614,77.7903040046678
petrol,9952,1.92,2024-03-14 16:39:08,2023-06-19 10:44:56,71.1835694791071,87.2541861778346,4.85007933241755,86.1416670004343
petrol,2525,1.59,2024-02-03 11:51:47,2024-08-01 22:11:30,75.189689177238,92.7552411089074,4.4176807522394,87.5750771004731
petrol,9404,2.62,2024-10-12 11:46:13,2024-06-20 23:33:53,78.4166449640554,107.960246845151,4.10744437434089,74.6949885238947
petrol,9357,1.76,2024-01-08 14:41:16,2024-06-21 20:23:21,73.9534309021032,90.0484576417077,4.38737148063299,74.2418175935532
petrol,2924,2.62,2023-07-13 00:00:06,2023-07-28 09:32:40,80.3648902388301,100.563622890038,4.32318548245821,77.2494830284836
petrol,444,1.94,2024-01-09 14:08:12,2025-01-04 10:34:43,86.8193624730968,95.2796375681786,5.28381685985356,56.9807883526442
petrol,7013,1.4,2024-03-20 06:27:03,2024-03-28 00:02:25,71.0700698368251,101.940520100557,5.29498558481696,64.8480893780145
petrol,7573,2.22,2024-04-25 17:57:10,2023-08-01 07:04:23,68.0947769842311,64.2889134171475,4.54422035234035,93.6687426744452
petrol,8078,1.15,2023-11-26 15:16:12,2023-05-31 04:22:19,76.5190929780244,72.5547727718788,4.84580287256293,96.4496771350128
petrol,7989,2.29,2024-11-14 21:14:39,2023-01-14 04:18:50,78.6078125256307,109.239505090703,4.51406255242478,77.5096396044362
petrol,4731,2.52,2023-10-02 06:26:15,2023-09-04 20:22:14,73.8456681307762,115.557721084736,3.53883026796538,85.7655696305577
petrol,9182,1.29,2024-10-19 13:05:17,2024-01-20 19:00:07,82.2663033166052,86.3426994470272,4.75656467491314,83.1125015454354
petrol,4171,2.15,2025-01-06 19:16:25,2025-01-23 00:45:45,68.3069710013838,96.339574717433,2.60550493114074,110.788808084552
petrol,8633,2.14,2024-11-26 08:13:58,2023-12-05 01:07:11,78.4645931151581,104.420788793535,5.05389155229588,91.1957491143458
petrol,9416,2.44,2023-10-18 17:01:42,2023-04-12 04:46:42,71.9706958962055,110.398264024881,2.80547706023397,78.7208240851923
petrol,4455,1.57,2023-09-09 03:14:48,2024-03-21 15:16:01,83.5968895310365,69.5848409249373,4.28580328679473,70.4445955939957
petrol,208,1.91,2024-08-08 08:22:38,2023-05-05 12:40:21,84.9625767658406,86.7093962953243,3.15484604157384,63.9355367974243
petrol,1508,1.28,2023-03-09 10:30:47,2024-07-08 10:54:03,71.1667170610833,95.0113093022519,4.55338898307443,82.0346363586722
petrol,2617,2.92,2023-11-02 06:09:17,2024-10-01 16:35:25,72.2522143204571,110.547102958541,3.96607477407209,72.436492547157
petrol,6396,2.86,2023-04-13 18:09:22,2024-01-17 21:02:18,79.297939434899,137.476457255822,2.40524404183667,65.7774629040233
petrol,5999,1.97,2023-07-06 07:08:07,2024-03-01 11:20:44,73.0643467510524,96.5799140978542,4.42069963101848,73.5342711575747
petrol,7293,2.65,2024-12-26 01:25:17,2025-01-11 01:25:03,74.7729439103388,78.8953380684402,3.42207922316729,69.1845199638561
petrol,4661,2.14,2023-05-08 08:30:00,2025-01-05 22:44:20,75.1269421027121,106.034021158019,4.88114672081337,96.8714163507256
petrol,8279,2.44,2023-05-27 21:37:56,2024-09-23 02:50:12,65.4016342190117,119.814936843111,4.00132568873441,88.8163975694945
petrol,5784,2.03,2023-01-26 21:37:47,2024-02-06 20:18:57,74.9308112695288,101.620211814693,4.39542098538804,79.9202735868338
petrol,7687,1.07,2024-04-12 10:47:07,2024-06-23 15:43:59,71.5513611296791,86.4002718226856,3.04243104498479,94.7994413889003
petrol,3847,1.18,2023-07-27 05:38:24,2023-03-07 11:13:07,72.5343858880011,114.3699091222,3.41066776857264,80.7736830764762
petrol,9376,1.66,2024-09-07 08:13:07,2023-09-04 22:51:52,82.2181600173441,109.953184277477,3.54136136389892,71.3871579867174
petrol,5133,1.25,2024-12-15 22:08:26,2023-02-20 02:30:54,68.7174655286037,84.6087873370656,4.85670248024256,95.2312407726966
petrol,9338,2.67,2024-03-27 00:19:23,2023-07-31 21:19:51,79.0660259337399,105.721384263015,5.67737708780549,85.3891004368466
petrol,7991,2.97,2024-06-18 09:38:27,2024-06-15 04:44:52,73.605185348341,114.958983514883,3.19482824825712,69.6275384567354
petrol,5500,1.47,2023-09-16 18:00:18,2023-08-28 04:35:31,73.6011991575208,117.728350638383,5.07684814465768,78.0966132191639
petrol,3651,2.09,2024-07-05 00:50:04,2024-05-13 01:01:14,78.9518594802586,99.0032653703582,1.8303225822743,71.2438174661524
petrol,2103,1.66,2024-07-30 12:23:31,2023-05-29 13:00:06,76.7002564728445,94.6288083073102,2.80581059890771,66.1720026903566
petrol,315,1.44,2024-06-04 20:06:37,2024-07-11 11:28:19,77.8530649860977,118.409107331219,3.04122154381323,89.2617754753164
petrol,7478,1.2,2023-09-25 13:33:04,2023-05-10 09:59:47,79.8409233026643,81.8475924552867,2.64749131055928,99.0941664047013
petrol,6719,2.32,2023-03-08 16:10:38,2024-11-13 02:25:58,73.3434580840834,106.578689363815,2.41641161021242,66.0143242618086
petrol,8958,2.63,2023-09-05 19:38:23,2023-03-04 20:10:27,71.9388163274613,79.4496005895336,4.4129989121378,85.6296923669057
petrol,886,2.23,2024-04-07 13:39:58,2024-05-06 02:30:32,69.574247367211,115.980644083894,3.78593230227214,73.4935743087817
petrol,8872,2.98,2024-11-27 16:26:20,2024-01-07 09:37:28,70.8729473501052,96.1293172658326,4.37940539760511,75.128746162353
petrol,5171,2.53,2024-10-20 20:17:24,2025-01-13 03:00:07,89.7454721265436,119.028748534712,4.69047268612151,74.0760607576113
petrol,6411,2.32,2024-04-09 00:05:18,2024-05-17 17:36:35,81.2233979036839,107.371191345333,4.26561699317253,71.3600923032018
petrol,4365,1.8,2023-03-07 22:25:55,2024-06-09 10:54:23,68.2446281689599,81.6516965490711,4.65776317615037,80.4852162794483
petrol,8659,2.66,2024-08-10 11:13:53,2024-11-28 04:14:04,68.3877102162821,121.369415981159,3.93046771375773,71.6904988358896
petrol,9213,2.83,2023-10-02 07:39:11,2023-06-11 19:29:46,77.4093303085925,123.268678996416,2.81300661169426,82.7045682577984
petrol,9447,1.89,2023-12-03 08:48:42,2024-05-12 03:23:56,77.7363239868898,113.234297388988,5.0578141808208,79.4976189055086
petrol,3235,1.05,2024-04-16 16:35:18,2023-11-22 08:40:50,77.7444191765868,88.5761820244567,3.41088786721887,77.6105195313359
petrol,5970,1.31,2023-09-14 14:48:53,2024-10-14 09:14:34,73.7252210322315,95.4097906846389,3.06440370123757,70.924363379584
petrol,8403,2.45,2023-12-08 05:43:03,2024-04-20 18:01:41,74.3727286999855,102.181408261086,3.8220821241956,74.2322866943167
petrol,6018,1.08,2023-06-13 15:29:13,2023-03-20 21:19:31,76.6393976207968,89.4443440100285,3.08718908070349,87.5539122582576
petrol,2732,2.22,2024-01-30 14:57:32,2023-01-24 11:01:27,75.4294650314667,125.385198586948,3.58256961801057,85.0091718762438
petrol,8997,2.82,2024-07-25 02:38:05,2024-10-29 14:06:23,63.9034981362623,102.164897075891,4.34405392156347,70.2244475520145
petrol,8119,2.04,2023-06-12 09:56:34,2023-12-26 08:49:12,73.851001847124,59.4497792933896,4.34834173924613,80.9933230542923
petrol,7771,1.11,2023-10-19 05:26:58,2025-01-29 15:55:47,70.7429678286984,105.090337191343,3.10216993357437,87.5138712337179
petrol,5221,2.28,2023-12-24 22:56:40,2023-07-03 20:45:17,75.8760570945426,94.7776390477403,3.51229462705126,63.3059471887863
petrol,117,1.86,2024-07-31 03:30:39,2023-11-25 10:07:40,89.9262950130171,98.8761016582233,5.07433300477024,85.4336019237993
petrol,3114,1.11,2023-04-16 20:00:34,2025-01-19 18:24:53,76.8374083273715,94.4707095132145,4.49640011773394,73.3737624105415
petrol,184,2.82,2024-09-09 08:50:14,2024-06-19 04:10:41,73.432351569138,112.1056962491,6.07506503934854,85.7059866859316
petrol,357,1.59,2023-07-14 18:01:02,2023-03-31 07:32:50,79.6090075098863,116.795316678301,5.18012817374153,72.3674084345748
petrol,5010,2.22,2023-07-13 13:53:12,2023-04-23 17:05:38,77.4134394360461,104.24579743388,5.14429306855994,61.9511789933548
petrol,8597,1.07,2024-08-19 12:09:33,2023-03-18 02:30:24,77.1004724522592,94.9103321929276,2.6121314495442,63.7245756211684
petrol,2645,1.84,2023-09-10 21:56:38,2024-02-04 16:12:57,78.0342529660784,99.3799419278625,4.76386035163342,80.4808494666138
petrol,1183,1.7,2024-04-19 02:17:06,2024-06-28 02:59:48,85.2827178241477,100.293994248664,3.94689319830309,82.5972250172148
petrol,3841,2.91,2024-09-09 02:21:13,2023-05-03 08:22:58,69.3455578233704,87.9635494020274,3.44901819646175,70.9568337489559
petrol,8398,1.26,2023-05-15 20:43:51,2023-01-02 10:09:07,77.3681603840573,108.683929728569,4.16801534053253,86.3859245877737
petrol,2608,2.88,2023-01-21 21:31:31,2024-11-26 12:17:30,70.3680943500923,106.900634857907,4.94521153461148,63.3847993773104
petrol,9552,2.14,2023-02-21 20:19:04,2024-10-10 06:44:42,77.7775632317112,123.10661859665,4.50083159100421,79.3392020135268
petrol,5808,1.9,2024-06-21 12:57:21,2024-03-17 23:59:24,70.4065674425695,118.830246704327,3.12152619865794,67.8898380023754
petrol,4812,2.34,2023-06-14 19:41:35,2023-10-30 03:23:03,72.9131659319746,89.714876236148,4.74245891359262,73.4816389219784
petrol,9942,2.47,2023-09-12 21:45:12,2023-04-03 07:22:32,73.5245504288105,112.304475617634,3.36241245792404,80.4739867131641
petrol,8522,1.41,2024-03-05 23:14:53,2024-01-05 14:25:48,79.8790835967236,85.7356992535829,4.21668311896429,71.3958663471605
petrol,6332,2.72,2024-06-20 03:23:42,2023-09-22 08:21:29,79.5922722197121,110.438981514113,3.69664993252287,76.1544445577018
petrol,4625,2.19,2024-08-30 03:28:15,2024-10-20 02:14:48,68.7714131177681,92.2507870185984,3.78113374826437,90.0629280921444
petrol,6301,2.18,2023-10-03 04:03:23,2023-09-29 04:03:15,75.2746705549993,84.6512016493662,4.76624297504051,74.2310813047685
petrol,8663,1.09,2024-10-06 08:16:22,2023-08-28 01:40:06,71.4521007262541,104.200680140461,2.9598062801841,88.3569211206514
petrol,9469,2.89,2023-09-26 14:04:29,2024-06-23 22:47:20,68.7074754466233,59.8814930776879,5.94519507427693,68.7029314534238
petrol,8259,2.23,2023-08-06 09:31:29,2024-09-29 20:47:55,73.9149147478781,73.7353663839216,2.1789139307055,85.2980417791528
petrol,279,1.04,2023-08-20 03:15:59,2023-08-13 10:27:03,73.4575860577209,97.3376217433858,3.40233231674514,94.415686206579
petrol,6867,2.79,2023-03-25 18:33:36,2023-06-11 08:49:49,87.1335824317276,101.236626499523,4.37021188994174,55.2835549987271
petrol,7727,2.53,2024-08-30 05:33:28,2023-01-05 17:26:18,77.1647991268035,94.4602184476272,4.58431416643531,72.0310474452952
petrol,4238,2.56,2024-03-18 10:52:38,2023-09-26 15:28:08,68.1119124962288,76.308455519236,3.89952427942829,85.7707212718054
petrol,9324,2.62,2024-11-07 23:32:31,2023-08-29 19:09:40,72.1761299791453,87.7316223679224,3.94260929699846,77.9695461395701
petrol,3874,1.44,2024-11-02 05:44:23,2023-08-24 23:49:13,80.106916477147,105.868139908561,4.41055008532762,83.7114587337131
petrol,8185,1.17,2023-12-23 07:32:49,2024-05-30 00:54:01,85.4422138643496,108.726726559425,3.76893052254232,73.9601481328418
petrol,7895,2.11,2024-09-24 11:53:22,2024-04-19 14:30:59,67.0700834388102,99.7566532360609,5.39318125793491,80.865897874729
petrol,3719,2.23,2024-07-21 18:37:19,2023-09-21 14:52:19,65.6003780743048,117.352506715555,4.8393491142316,78.4432276460792
petrol,4581,1.45,2024-09-03 09:42:24,2024-12-02 03:13:44,84.3548258768589,105.960955351889,4.87282435100564,91.6778206165981
petrol,1507,2.55,2024-07-15 21:39:54,2023-04-30 07:11:02,76.9480708868545,88.7881651906268,3.03384327662958,82.5442084330121
petrol,7156,2.65,2023-01-20 17:53:28,2023-06-13 20:05:25,70.6585363406182,95.7924691988257,3.9206115755943,83.376026620752
petrol,1962,2.55,2024-12-16 23:58:45,2025-01-13 06:12:37,77.6731454306122,78.9570076418822,3.6995340512793,75.8812303387753
petrol,9762,2.95,2025-01-11 11:14:14,2023-03-16 19:40:35,61.8212613049156,98.3779151441288,2.99439862431053,75.1239377592751
petrol,7080,1.06,2023-05-27 01:39:09,2024-09-16 15:46:15,75.0168775329858,116.68150928832,4.36016418394577,75.6744181218038
petrol,3788,2.92,2024-07-15 19:21:11,2023-06-21 07:21:01,76.6391058642154,110.279351270665,3.46235424222018,83.944521423783
petrol,7900,2.49,2025-01-27 10:54:05,2025-01-01 10:57:58,79.6213506976892,121.030139888787,4.65540382985024,75.7901551917974
petrol,4403,1.97,2023-11-29 07:42:06,2024-11-03 12:15:21,69.9305202385373,95.4567213430151,2.92980843710567,82.8977485689641
petrol,4218,1.3,2024-02-04 11:13:52,2023-01-15 02:47:08,75.4284358070168,120.191496917714,5.71904061284182,100.754007986454
petrol,4458,2.58,2024-03-11 13:56:39,2025-01-25 04:42:29,70.3728768697021,97.1004366032805,3.10366734140794,88.7112470343169
petrol,1348,1.97,2024-10-09 06:45:29,2023-05-06 15:23:20,76.2769187783716,122.073776238548,4.21930233720044,76.7397646783216
petrol,1340,1.45,2024-12-16 02:46:51,2024-10-24 03:43:19,70.5232683881849,99.6721487883682,4.79185931038807,92.0121392216394
petrol,4842,1.09,2023-06-23 12:19:09,2024-05-05 11:51:08,72.9594958041989,110.608470607064,3.42935956979989,75.9192462697845
petrol,581,2.2,2025-01-04 05:58:44,2024-04-11 00:27:43,70.0209230260489,122.126685464648,4.85246864343295,59.6187546482215
petrol,3142,1.65,2024-09-04 23:27:00,2023-06-28 14:39:12,78.2556812091183,97.0985855712819,2.77081640219958,69.919136890826
petrol,7741,2.62,2025-01-12 19:06:22,2024-08-18 14:17:14,79.2922555832833,103.275834813163,5.45211769918256,61.2920807897415
petrol,3080,2.03,2024-05-15 22:53:19,2024-12-31 14:37:42,73.8268971502129,119.332951378095,4.01414926496576,76.4848651595869
petrol,4523,2.26,2024-04-30 16:35:06,2024-07-10 22:55:27,75.1911899748001,98.0049525410491,3.40358859203112,80.1841837918955
petrol,2826,1.99,2024-01-25 02:45:42,2023-11-07 22:31:10,67.7570429268323,80.1866157624076,3.70081822757257,96.7643731227528
petrol,8688,2.17,2023-04-29 08:03:22,2024-10-03 14:02:37,73.5016167599661,132.145105818774,4.80891926939272,83.2692737376416
petrol,9335,1.61,2024-04-29 05:42:22,2024-02-25 15:58:56,74.7489769147913,92.953533034943,3.41554470814956,77.8089947119114
petrol,7971,2.08,2023-02-03 01:24:32,2023-04-04 04:17:57,88.1039654551499,102.381340764063,3.25064231057722,88.2940558118349
petrol,7994,2.84,2024-12-11 12:40:25,2023-11-21 03:08:02,69.4401648711292,117.340100041767,3.77846340241626,57.8886469099212
petrol,9281,1.61,2023-05-11 19:25:22,2023-04-17 04:31:45,82.3208861937622,90.872591444032,2.82303788723003,82.3561455810857
petrol,4384,1.99,2024-10-04 17:45:26,2024-07-15 02:59:41,79.984293867329,84.8819813016681,5.82054390794182,87.7086519388697
petrol,6541,2.63,2023-02-10 07:57:22,2023-12-14 07:49:22,76.4031820224507,103.806059451623,3.43360540878528,65.2141375422016
petrol,3112,2.48,2023-11-23 09:00:45,2023-09-24 23:34:56,83.7931024209757,73.1038540313142,4.8316167861804,91.4375404320693
petrol,334,1.43,2024-07-07 07:35:12,2024-08-12 18:07:31,76.8605273630343,95.6814088469812,4.20947008364777,83.3849640749441
petrol,7945,2.02,2024-05-19 15:47:43,2024-10-07 19:54:45,76.9457959783397,103.675579964731,3.01546594951803,75.847120860992
petrol,1462,2.23,2023-03-24 16:36:24,2023-07-04 15:42:47,74.7343967349123,95.9507215476225,3.99404529078727,86.3278186610629
petrol,5264,1.78,2023-11-05 08:29:17,2023-03-01 23:47:15,81.1178444120931,76.8482358522138,4.78400277931075,102.706928578044
petrol,3240,1.16,2023-04-17 08:12:14,2025-01-17 02:01:54,80.4823461690544,123.91266934306,3.81173866491369,81.818662550585
petrol,6722,2.95,2024-12-24 16:17:18,2023-05-10 12:48:10,71.871613562519,101.553072309238,5.19311294585103,82.4822058630034
petrol,2776,1.02,2023-12-30 19:54:21,2023-04-09 04:06:07,68.4037640270062,121.467281766426,5.02151539278186,75.4063910045976
petrol,9094,1.48,2023-03-25 21:32:12,2024-05-25 02:22:40,73.9850968130217,96.0994562472933,4.91891485465833,71.5015563053521
petrol,1934,2.94,2024-03-12 14:41:52,2023-12-27 01:22:23,70.9998071780118,86.7998202746385,3.540343227727,88.3033581654425
petrol,5966,2.09,2024-03-15 09:08:44,2024-12-21 02:27:45,74.6823771269232,104.037713803827,2.92015755221851,71.4391617409113
petrol,6725,1.9,2023-08-01 12:44:49,2023-01-09 07:44:00,81.1871906734207,96.7631931050767,3.38641239463721,80.7156623721939
petrol,4270,2.31,2024-03-01 10:40:37,2023-02-11 00:31:18,72.7134917245661,82.3335781301296,4.19624094066672,75.2234255323488
petrol,7955,2.89,2023-02-11 13:48:48,2023-12-14 09:12:48,74.7858830934421,122.046763881812,4.54578671353236,84.7897982574639
petrol,4672,2.53,2023-02-14 06:03:33,2024-09-23 11:49:51,75.290113674042,90.6659466565901,1.82842859523955,83.3366210528695
petrol,3769,2.54,2023-12-24 13:38:12,2024-11-20 17:11:04,79.2421544110264,72.3960042280665,3.99188679838825,90.375399442579
petrol,7090,1.51,2024-06-28 04:43:29,2024-04-18 16:38:11,63.765553330077,119.92249080936,4.15808922532318,74.8998360114525
petrol,5497,1.73,2023-02-27 06:22:57,2024-05-25 01:01:25,71.9664985261735,92.4355297628107,3.72245574368445,77.3012506470663
petrol,8810,2.97,2024-06-20 16:00:39,2023-11-10 09:33:14,76.0564184613974,90.8826416107656,5.29127383901588,70.2123628421769
petrol,8800,1.74,2023-05-16 17:10:25,2023-03-05 21:12:59,81.0003947821343,73.5191861945504,4.42178007425087,75.5570673992389
petrol,2811,2.95,2023-08-02 08:33:01,2023-10-20 04:04:52,72.540487762469,126.114122298955,5.3101919080809,83.7730049304485
petrol,8931,1.63,2023-06-13 11:55:16,2024-01-08 16:16:49,65.6172364697906,80.6577911918547,3.78403947964977,87.5698861664535
petrol,1746,2.73,2023-03-25 06:00:25,2023-08-25 01:51:12,78.0985572298307,100.876742210585,4.93747749250693,70.7783467582238
petrol,2904,1.7,2024-02-16 14:56:21,2024-03-05 11:19:48,71.8231880558719,113.689304838107,5.63506639452752,88.6960592010566
petrol,2447,1.9,2024-11-11 01:37:51,2023-11-01 17:23:24,69.0516667045482,106.325753995046,5.31169344927266,93.5563785880495
petrol,4480,2.5,2024-08-28 23:47:02,2023-09-26 02:06:38,71.8782730514339,99.1051853201171,2.90785840657127,84.134349032237
petrol,7566,2.83,2023-10-10 11:10:36,2024-07-25 01:44:24,74.0773732117208,74.4750121256888,3.74632392245762,98.7679581255807
petrol,2278,1.02,2023-09-12 15:56:42,2023-01-16 12:27:00,71.9762766773089,87.8541274634907,3.6548352945502,72.2621080089643
petrol,4752,1.31,2023-10-27 01:55:46,2024-11-08 13:40:30,63.9721697145047,102.817005070638,4.48925453507633,67.5534529668858
petrol,3970,1.68,2024-07-23 17:01:56,2023-08-25 09:21:42,79.4853309844357,88.1923889501951,4.68635355501453,62.2127975109572
petrol,4625,2.26,2023-04-07 00:22:55,2024-03-24 19:21:19,81.3743752063936,103.050391899982,3.16110732597426,94.9604431148918
petrol,2203,2.06,2024-02-15 07:36:32,2023-06-06 11:09:55,78.2576099566975,110.226151132227,4.06783851391694,86.5436565635406
petrol,8893,2.91,2024-10-14 11:24:46,2023-02-15 10:38:05,69.3115716478759,114.437543287002,1.98007266784386,79.4441532908954
petrol,4138,2.56,2023-11-15 04:25:12,2024-08-01 18:41:32,73.9925423302624,81.6073096328097,5.44194500580189,82.7996862631982
petrol,3982,1.69,2024-07-11 14:03:08,2024-10-16 07:01:13,74.9673934238527,132.949690824684,3.48762575932331,68.7451095270162
petrol,8815,1.23,2024-07-20 17:03:05,2023-02-07 23:11:55,77.9939719478096,111.512190168312,4.0558639398445,104.457519796168
petrol,2964,2.49,2023-01-18 23:04:48,2023-12-16 03:39:18,78.3417024435904,99.9742876949641,3.69035028601194,81.2922118197523
petrol,642,2.14,2023-07-25 07:54:00,2024-12-10 14:52:09,71.3291310061075,116.34304874615,5.14602757501342,81.0939479460489
petrol,9524,1.24,2023-12-11 00:03:15,2024-12-18 20:16:21,75.4099777820678,135.48111658,1.16249355860262,87.2576662389869
petrol,7004,1.93,2024-12-15 00:55:21,2023-06-06 13:41:37,77.2864020230762,78.419198484147,3.98338965767409,84.8100923173671
petrol,7266,2.16,2024-04-12 03:40:20,2025-01-05 19:51:05,82.2791116107338,96.6210603626297,3.8941812425023,82.2388402427913
petrol,4984,2.68,2023-02-13 09:01:22,2024-01-06 19:25:49,78.5225326991236,64.3235251019001,3.54636361240832,72.0952554455469
petrol,3903,2.93,2024-05-14 04:06:11,2023-04-10 11:38:16,78.9452834368776,102.88977298972,5.72622654563563,84.71468357136
petrol,6407,2.5,2023-12-19 15:01:55,2023-02-12 16:38:02,75.4191331396468,105.480913628877,3.11267054114423,98.8202449647503
petrol,1445,2.36,2023-05-03 00:31:35,2023-04-03 00:06:49,82.0522957260175,99.4125682683586,4.77179617723566,93.4542004615498
petrol,3759,1.46,2024-09-15 14:05:06,2023-02-22 04:38:30,77.0488139797975,90.1819964350254,4.35625278870608,95.931866266394
petrol,1154,2.93,2025-01-06 16:28:21,2023-08-14 23:31:18,70.6945604491322,69.2572822571751,5.26151925253552,74.8878432356882
petrol,5709,2.9,2024-11-25 02:56:48,2024-12-23 03:15:51,82.016849850626,105.603005251177,3.33281091522249,70.1039517974142
petrol,6687,1.09,2023-02-09 05:16:07,2023-07-28 18:38:55,78.4895163626951,121.83151725873,3.26703110087624,78.7421307990035
petrol,2330,1.36,2024-02-06 00:14:44,2024-06-18 18:13:04,72.7847798943576,91.1347231639985,5.0960699074774,80.5572491228869
petrol,410,1.38,2024-04-15 16:38:38,2024-04-13 05:18:19,72.6025351630038,106.600898935347,4.42532130833011,90.9419151847095
petrol,7906,1.33,2024-12-09 18:44:25,2025-01-16 09:53:03,76.4828777257038,76.4778352986992,2.45506265332324,63.0753537028518
petrol,560,2.82,2023-02-17 00:46:50,2024-03-24 01:53:30,77.3159239763379,106.858195955388,3.46069498553673,95.2955031946061
petrol,9244,2.63,2023-03-28 15:10:18,2023-07-12 22:48:54,75.986461328156,94.0992655338302,4.38638265384806,78.4199210142101
petrol,9080,2.72,2025-01-04 05:43:29,2023-03-30 06:41:47,76.5565433672144,88.5637307409563,4.83776422154659,75.7311893005258
petrol,2053,2.78,2024-02-28 20:22:00,2023-04-17 18:42:20,83.4997868728819,88.594545381758,3.32076934680704,69.8789562473983
petrol,8780,1.88,2024-03-16 08:09:22,2024-07-12 20:25:47,80.3577157611744,94.0958262695049,1.08574401018306,63.4514332813423
petrol,7275,2.4,2024-06-20 10:35:44,2023-08-25 04:58:47,75.9531779563251,105.736499735388,4.52322318573703,88.2317058396191
petrol,7143,1.59,2023-04-17 12:25:52,2023-07-20 06:52:36,79.7065529038374,80.3175519820672,2.77967931005602,80.7331796718841
petrol,448,1.82,2023-07-31 17:51:42,2024-10-05 05:21:37,69.8373804823623,94.0432700264822,1.98266120187759,67.1003910025895
petrol,4989,1.16,2024-01-12 16:12:48,2024-09-28 09:48:13,76.9896352497341,99.3779233300128,1.16767407501586,67.0492122793638
petrol,1019,2.09,2024-05-29 14:14:18,2024-05-31 02:33:26,84.0465317486656,83.5144116320221,4.81398086019774,76.6421530070987
petrol,6989,2.89,2024-04-12 13:32:49,2023-09-12 18:48:52,73.9097705230381,126.949978025125,4.12861745040497,96.6902152528939
petrol,9564,2.07,2023-09-25 22:07:54,2024-10-15 01:09:14,70.7618303569046,87.1975677990799,3.77434361928775,77.404086486364
petrol,2829,2.81,2023-09-07 14:45:49,2023-02-15 14:35:53,71.7395555570347,89.9584462954976,5.38902436296276,64.9685704688189
petrol,2474,2,2024-03-17 12:03:32,2024-05-04 13:05:51,69.5518348132881,85.3253807526625,4.63732468302307,77.5425693591406
petrol,4359,1.18,2023-06-16 22:07:51,2024-06-09 09:31:50,71.0761904593615,126.977201307072,5.61630004272192,77.2727643025233
petrol,3584,2.43,2024-11-06 15:12:57,2024-02-25 02:37:29,73.1474595070499,108.293578428992,2.607264527833,53.0311335705843
petrol,7030,1.83,2023-06-25 07:20:23,2024-05-28 21:50:02,67.9721649041068,85.9511199063454,3.96544937604604,79.4570513348219
petrol,3809,1.51,2024-10-15 10:09:20,2024-10-16 01:44:19,75.078091669748,116.5934733829,2.38328662505199,77.6906546979132
petrol,3164,2.02,2023-04-23 12:38:47,2024-02-03 05:22:34,79.5113858689332,103.010480414333,3.77061766814453,86.9620636481342
petrol,5314,1.13,2024-02-26 00:20:51,2024-05-09 00:54:30,70.4612190992654,103.858801316673,3.75138414623332,98.4895609494535
petrol,9042,2.69,2023-02-17 16:47:52,2023-04-04 12:56:13,82.5964196182088,94.8328418687132,4.62661363726307,91.2656502954776
petrol,9224,1.43,2023-02-14 19:58:56,2024-05-31 09:39:27,77.553960442638,88.7587601956454,4.0455638811419,77.3111130944517
petrol,3962,2.76,2024-07-21 15:15:05,2023-04-14 18:47:38,80.1529029281203,105.066491485819,4.62340713827992,68.9347409125833
petrol,2555,2.98,2024-10-08 05:34:17,2024-11-04 14:06:40,71.7108272307393,91.8236915500661,4.70344013313889,105.733598032499
petrol,6670,2.11,2024-08-25 05:22:53,2023-09-14 16:23:52,79.2726261353331,127.251334443627,6.15492867738314,80.5921843401449
petrol,1819,1.92,2024-02-02 07:24:02,2025-01-07 04:13:04,69.5403304980234,80.9606334213534,3.68470334471388,80.1392929191295
petrol,9316,1.9,2024-08-26 06:36:56,2024-09-18 10:06:00,79.4512375041825,123.042351592824,3.05897729933362,79.7587491289
petrol,1286,1.1,2024-06-18 21:55:44,2024-06-06 08:51:56,75.8591966989677,98.330217268033,4.24608361531641,81.9808476076786
petrol,1280,1.77,2024-02-28 01:33:29,2023-09-27 20:00:52,77.7662560999239,104.486286010317,3.19771997286046,78.5563958807606
petrol,8839,2.53,2024-12-08 16:01:22,2023-04-09 19:35:22,69.1220269718757,112.497366499442,5.48196076843654,74.2633799311976
petrol,1597,1.98,2023-11-13 19:53:39,2023-06-24 14:15:52,70.524650788617,90.5462605749335,3.71678196105477,74.5314105875961
petrol,3133,1.75,2024-07-16 05:22:15,2024-10-25 05:37:01,77.9861410912669,112.96372577048,3.43442363212601,79.67246729784
petrol,4879,1.61,2024-05-05 11:00:05,2024-06-09 19:22:41,70.258259978879,59.3868421692823,3.52868427884888,74.5657522886624
petrol,7918,1.49,2023-03-11 05:27:31,2023-08-27 07:48:40,77.3160314604956,89.2001570016709,4.71841742347164,72.8715421732284
petrol,5229,2.92,2023-06-04 10:56:34,2024-12-22 13:38:59,68.1643109676988,86.139057889884,3.84225301676852,81.064302276919
petrol,6907,2.15,2024-06-28 12:01:33,2024-10-04 06:32:36,79.2408710633333,81.1974098144236,3.35833317986962,77.4502278257914
petrol,2482,1.04,2024-06-06 01:28:14,2024-10-12 04:52:19,68.8373834261575,96.7756774288157,5.66535191762353,95.0399298858269
petrol,515,1.67,2024-05-25 23:32:46,2023-02-17 11:54:03,77.7614996883976,105.786249522725,3.14383015933825,53.4903019160699
petrol,5952,2.59,2023-12-01 10:58:02,2023-08-23 05:21:47,78.12815466823,110.53989997749,4.03556607403299,90.9150685192246
petrol,4426,1.18,2024-02-12 16:53:17,2023-01-12 10:16:36,71.5161409078521,103.613151358006,4.65230615161023,92.4608519249763
petrol,960,1.86,2024-05-11 12:43:35,2024-01-05 20:29:58,77.9101328354236,90.0145980265968,2.36866488958293,59.2660976759185
petrol,5496,2.29,2024-04-03 11:28:23,2023-01-29 18:41:36,76.3022113166678,105.535246567378,4.48026050140593,76.5731240591965
petrol,370,2.26,2023-11-05 06:03:55,2024-07-22 09:12:27,72.3057907190363,101.864285422763,2.94489232451955,76.2855913400421
petrol,8955,2.79,2024-01-02 00:20:50,2025-01-20 02:51:58,69.957226579619,114.04084251904,4.822782780834,65.9248830528218
petrol,7900,2.37,2023-06-29 22:57:30,2023-11-23 15:03:03,65.1868715416371,111.654050543973,3.03734898808102,72.2218331240913
petrol,6408,2.11,2024-10-14 07:03:50,2024-02-06 18:44:19,76.7482502364985,100.457146208809,4.69276903184886,68.8942415453417
petrol,6233,1.43,2023-03-19 16:22:39,2023-06-28 09:09:41,67.1759861431897,86.5412049075812,5.10583306629471,97.5227044342362
petrol,9810,2.78,2023-06-07 16:51:04,2024-05-31 19:51:34,75.4767209972065,90.2057476625188,4.86143652563281,89.3567839314746
petrol,7002,1.85,2024-11-20 10:22:26,2023-05-05 14:04:04,73.6827589195888,91.7531596054295,4.2513166482381,92.7155509499416
petrol,9755,2.26,2023-11-20 15:31:27,2023-05-09 03:43:36,78.395713877191,95.2710049912562,3.7686990570703,87.2167206404324
petrol,3489,2.67,2023-07-21 19:19:16,2024-01-13 22:28:03,73.4897725025507,104.020756413846,3.42358042366516,68.7094822878277
petrol,3928,2.49,2023-11-12 12:31:31,2024-10-27 13:42:09,73.3527610682645,110.727615851921,5.4710346908171,74.7547973372023
petrol,7708,1.49,2023-02-26 08:45:39,2023-07-25 12:43:40,78.6593535214415,99.2332196047693,3.30050477983236,84.8937456122792
petrol,2696,1.12,2023-08-01 12:04:58,2023-08-20 08:59:28,76.6752901454206,100.241871818507,2.96293392643,67.7787219110805
petrol,6494,2.57,2023-10-25 04:09:21,2024-02-17 09:04:31,76.5807797859139,102.149594575,4.66536893503283,87.1299843017239
petrol,2907,2.04,2024-12-21 06:15:32,2024-06-21 22:21:10,77.3463379490426,92.2614203030149,3.2038631968135,77.5967460184187
petrol,9291,2.48,2023-10-15 17:51:23,2024-10-12 09:38:59,67.3221393839645,86.1191161353557,3.04993650253387,76.251791924504
petrol,9088,2.02,2023-12-27 01:16:48,2024-08-03 17:35:56,78.7839433999349,73.6684315403394,2.55639573783024,87.1095996820349
petrol,2669,2.1,2024-12-05 22:52:20,2024-10-21 17:15:05,78.062343970068,89.5727596288469,3.51709016053948,84.4426331148604
petrol,3394,2.21,2023-07-02 08:04:25,2024-02-13 03:01:29,69.9165843571175,107.097181799017,3.91728497610351,76.3903383418092
petrol,6211,2.02,2024-12-15 15:46:56,2025-01-18 11:37:18,73.779597631629,89.4563284294065,4.2430917276607,91.5932980336425
petrol,972,2.48,2024-05-23 10:40:42,2023-01-15 10:58:25,74.8034635618619,96.4328944386109,4.95130624429948,69.189366724001
petrol,3805,1.69,2024-01-11 17:48:45,2023-01-03 15:51:57,74.3275160779913,106.996469311185,4.52689792366579,86.1593560694426
petrol,9373,1.7,2023-05-11 00:56:47,2024-01-25 00:24:51,76.6692998328427,107.81034244634,3.80912778044682,85.9310125796838
petrol,8714,2.43,2023-12-30 00:58:11,2024-06-20 15:34:32,82.1568339091559,83.8070072175094,3.80180432362028,76.9045356068601
petrol,6631,1.19,2024-07-26 19:09:01,2024-10-08 22:09:42,80.4088336383641,114.955890346805,4.51015746891518,83.2613302224212
petrol,5108,2.82,2023-03-26 01:18:27,2023-11-25 17:47:59,68.438904032843,116.910251340332,5.27257016292857,67.488864236147
petrol,5930,2.7,2024-09-15 20:30:42,2024-02-28 04:10:23,78.1103499515302,83.0522521417216,4.1263141994832,89.240270192069
petrol,2517,1.65,2023-09-16 15:31:16,2023-11-22 22:32:14,81.644666597677,87.6424469553827,3.53086914578959,78.1509786355701
petrol,8752,2.22,2023-04-13 14:57:29,2023-05-29 14:53:05,76.934042603446,117.866360247193,3.00713399891445,74.7727697948096
petrol,4613,2.54,2024-05-04 17:12:39,2024-04-12 03:03:07,80.4549021259298,97.7971971811705,2.55479473558777,90.4900922583689
petrol,2919,1.82,2023-11-17 22:14:35,2024-12-09 03:28:37,85.0613522285038,66.7033307882223,4.66626967204352,72.9565630945724
petrol,5794,2.69,2023-05-01 04:45:17,2023-03-05 23:39:16,80.1185477305349,79.0047774290097,4.57797852363956,65.9153870363644
petrol,4543,1.82,2024-02-29 01:30:22,2024-01-21 16:09:33,76.2465429782086,96.2594556224128,4.57736352510666,64.433708264761
petrol,2856,2.18,2023-12-27 19:12:36,2023-06-12 00:48:15,80.2254423704238,82.554360245731,3.87134055364794,86.0600995134564
petrol,7949,1.79,2023-10-27 01:25:22,2025-01-03 20:19:54,75.7244391654845,93.7986434404534,5.40693474589175,67.1957064750372
petrol,1355,1.28,2024-07-20 02:55:34,2024-05-17 12:17:11,75.1195152164248,100.485943205254,3.51588150541518,97.5479418198436
petrol,1335,2.4,2024-12-26 00:22:46,2023-11-10 23:14:38,73.2429288214313,121.933819060521,4.95526923720721,59.1807059211628
petrol,2002,1.55,2024-12-10 05:31:52,2024-06-21 18:46:44,82.8170667941605,95.6431912565832,3.96125710501046,96.9645636829004
petrol,3934,1.17,2023-12-28 09:58:27,2024-12-03 17:04:17,70.90785667029,116.088126993591,3.39164923532066,82.1101746720262
petrol,4274,2.3,2024-07-07 02:58:44,2025-01-06 04:31:01,82.6618386233906,121.431402430552,4.59253030731776,79.0328688812961
petrol,3868,2.55,2025-01-28 04:58:25,2023-07-16 02:38:08,77.4993206187019,121.514645040281,4.40963611868399,74.5508091319105
petrol,7015,2.06,2023-11-17 19:23:34,2023-08-01 18:52:21,68.0034691259903,104.271318900784,4.35697275926693,83.9913611435207
petrol,8580,1.27,2023-08-25 19:09:28,2024-02-10 13:25:43,76.8382464649571,70.5506627824154,4.0812784220562,79.6236529757515
petrol,5293,1.71,2025-01-19 16:42:40,2023-10-19 20:27:00,64.4998674617419,106.912372981058,3.96210691828317,91.0330188201652
petrol,3898,2.3,2024-12-01 19:23:51,2023-10-16 06:04:20,78.1275400841552,115.725998317203,6.38837199287044,81.1422764866204
petrol,6295,1.77,2023-07-06 03:23:36,2023-05-26 17:35:37,79.426157414945,98.7839934184687,5.18425664519617,81.5030176146188
petrol,1187,2.62,2024-04-02 06:13:58,2024-11-21 20:13:14,72.0382202217397,126.168758051129,4.72282689498551,76.3638778778614
petrol,1925,1.6,2025-01-26 20:48:46,2024-11-11 22:56:40,75.6177384797779,112.897503422012,4.11179915820339,79.4305437627893
petrol,4258,2.42,2023-10-06 18:56:45,2024-09-23 07:43:25,84.7707871687514,108.524100657292,5.00715720059667,83.0780176889206
petrol,8716,1.95,2024-12-09 22:16:14,2024-05-02 05:15:11,72.4712664786903,116.295710668088,4.51799477639145,62.8983160734338
petrol,9530,2.82,2024-02-25 20:20:10,2024-11-21 01:29:25,69.705462064717,105.000547768913,4.02620475277404,66.5181457789429
petrol,6764,1.75,2024-07-07 21:34:40,2024-06-01 17:02:43,82.408317012313,62.6078425090697,3.69643567473408,87.4326409402272
petrol,9796,1.59,2024-04-26 05:05:51,2024-05-22 23:32:45,84.812935952654,92.5129157279445,3.91908266233731,81.7086543812794
petrol,7429,1.15,2023-05-02 02:21:14,2024-12-23 00:30:26,75.0184783592392,117.957520408718,0.829574264121944,78.1601666364732
petrol,2992,2.45,2023-07-01 13:29:41,2023-07-13 13:57:26,80.0573151770418,87.8861298985256,4.21060083929764,80.1843393306539
petrol,1705,2.21,2023-05-05 15:19:10,2024-10-30 07:38:26,81.7073795776544,96.6479124214459,3.51152391988964,83.4758170536167
petrol,4585,2.84,2024-07-31 18:11:50,2024-01-20 02:59:54,71.2875788373081,84.3274552914539,5.59266999828288,74.6024031969064
petrol,4655,2.72,2024-03-21 01:47:51,2024-08-07 09:03:54,72.5734708231607,126.758838928027,4.01934407081175,72.2169527459769
petrol,2346,1.57,2023-01-02 20:37:02,2024-09-07 23:14:18,81.1543725657737,125.22238686127,2.81103658046504,81.9584525509768
petrol,1177,1.89,2024-12-23 17:56:00,2024-11-01 19:05:08,83.4250713935426,86.7419665728891,3.95011984587188,70.2162722238497
petrol,1449,2.81,2024-10-08 02:02:06,2023-11-25 07:07:38,77.8144043008718,102.209470005836,2.9538789149375,84.0825275571447
petrol,7743,1.81,2024-11-17 13:14:18,2024-06-11 09:42:19,70.6009282324897,89.7925892835393,4.47340741571247,62.9741639576216
petrol,1613,1.08,2024-06-13 15:23:05,2025-01-27 17:27:06,84.9353055584972,109.224169585471,4.29094736433949,90.2915563732564
petrol,890,2.28,2023-03-05 18:02:39,2025-01-16 10:06:38,72.3451455109402,107.645246158635,4.95783963110827,84.7259748241304
petrol,9712,2.7,2024-03-07 20:08:08,2023-05-14 13:03:29,73.3243110941427,112.175583574199,3.20911820830543,82.5602973431388
petrol,4627,1.44,2023-06-17 17:35:05,2023-10-31 20:21:00,76.7116891724481,104.978776715618,4.03400809622815,89.8269098394551
petrol,7073,2.19,2023-08-03 00:30:58,2024-04-29 21:41:12,82.7708021035739,144.031093095827,2.63497820457336,96.6547444446258
petrol,1673,2.22,2024-03-02 11:31:08,2024-10-10 23:13:56,79.2698798827611,84.5811435248389,4.70149478192472,90.1437006501813
petrol,6522,2.4,2024-01-07 12:20:58,2023-12-09 12:24:06,77.0743275018096,74.3409496834523,4.51887118044012,61.5912576866836
petrol,7078,2.31,2023-03-03 08:54:53,2023-10-05 09:04:18,77.3164426505905,94.1036469894781,4.49580502102757,67.204230332643
petrol,9196,1.49,2023-08-21 04:35:48,2024-06-12 00:26:54,75.2175733432173,76.480176016596,4.00161903135694,73.7518142230432
petrol,103,2.02,2024-04-13 04:24:31,2024-11-03 17:58:27,77.7906975725925,77.6130659499101,4.41477289078879,80.2609105021083
petrol,3237,2.13,2024-12-20 18:08:58,2023-06-12 17:37:01,62.3521996115285,84.9802801870305,5.6043391083086,85.1765902046912
petrol,6829,2.02,2023-02-01 00:35:55,2024-09-14 06:18:30,73.516962704651,86.1671664185256,3.71490574295799,72.7425618684653
petrol,1588,1.42,2024-02-23 20:42:30,2024-10-28 01:14:33,76.2066096745839,85.6807284707491,4.13864518371009,81.8676676447708
petrol,1609,2.83,2023-10-10 04:56:30,2024-10-12 22:05:13,69.2449295819025,107.773284256681,2.91387370081859,72.4461706764668
petrol,6588,2.69,2023-07-06 23:19:55,2025-01-28 14:56:44,76.9316165890578,92.40716408372,3.13173903840167,73.8848219700805
petrol,9953,2.51,2024-10-29 07:13:48,2023-04-25 01:16:34,73.9776438950694,97.3072813769128,4.09781329309331,65.9333890315178
petrol,3978,1.63,2023-02-01 00:33:16,2023-08-07 19:15:55,83.7773784915775,113.413491617514,5.10393354670191,70.767667538891
petrol,7332,1.42,2024-08-10 10:43:06,2023-11-22 20:26:20,82.8650986260743,88.5051621282786,3.74371917574843,66.4831539438367
petrol,485,1.74,2025-01-20 12:08:37,2023-03-16 20:49:01,72.6709721544092,96.0318115194292,3.76408347068788,70.2412674702267
petrol,215,2.52,2024-02-17 22:12:58,2023-11-14 07:18:02,74.2458114421665,105.486399791394,3.59311475549563,90.5364179660784
petrol,1858,1.57,2024-03-06 22:19:14,2024-03-03 00:13:16,74.630262171958,70.8764829906967,3.46524332915568,70.5060111116806
petrol,1720,1.59,2023-12-19 23:19:58,2024-07-08 09:21:45,72.7417026192019,64.2264173657413,4.29497145570882,106.323820648374
petrol,7309,1.21,2023-12-20 17:03:08,2024-07-19 17:07:10,75.9751249201406,105.191759931966,2.50274235482136,84.9331790088089
petrol,7771,1.97,2024-08-07 02:10:06,2024-11-04 01:30:47,71.2085896555621,107.380214208503,5.28093957666673,81.8483612369487
petrol,3617,1.87,2023-06-17 21:43:28,2024-03-16 19:32:23,69.3469233253124,130.963302022786,3.33457770187054,71.4164221981879
petrol,6738,2.93,2023-03-09 12:00:12,2023-10-12 23:46:55,78.1135561195013,102.371423138002,4.72190348543814,87.0030987940899
petrol,2795,1.03,2024-07-25 15:07:38,2025-01-17 15:08:24,78.1476479211091,112.296095758871,2.73000140260612,74.2436217376223
petrol,256,1.67,2024-11-22 07:42:02,2024-08-01 17:07:49,70.9784212017,97.0679103462104,4.66884013054622,81.2200981464536
petrol,6683,2.98,2023-12-30 16:55:51,2024-12-15 16:42:30,79.476777153813,104.458408323776,4.6719446078145,105.600845382688
petrol,7409,2.19,2024-05-01 18:21:50,2024-12-15 16:44:02,71.8421113541733,125.008852626243,4.3842020720059,79.0394010027535
petrol,4829,2.97,2024-08-12 13:50:49,2024-12-09 13:57:20,76.2658261901899,68.1401077281155,3.00557147820021,91.4927332628568
petrol,9487,1.96,2024-02-24 11:53:13,2024-02-11 15:23:07,79.1017200630623,106.204243863575,4.24954818959808,72.9682357487411
petrol,4647,2.91,2023-01-15 01:51:24,2024-01-12 23:12:21,74.8319371764814,132.033800951161,2.81694381526561,79.6501150950304
petrol,4147,2.65,2023-05-03 11:56:12,2023-01-12 19:23:39,77.2737045607057,104.23051328814,3.74723674490381,97.7080063563551
petrol,3305,1.49,2024-01-15 13:10:19,2023-05-27 07:50:42,72.4178517805622,124.758594448493,5.02941310095533,73.7303294221223
petrol,4097,2.83,2024-01-01 16:49:54,2024-01-22 00:29:48,74.0176670828595,90.5618177570584,4.79670192707074,98.1244855799693
petrol,1003,1.35,2025-01-20 01:05:41,2024-04-30 18:51:30,73.9707028455983,99.5192875875443,4.01518294254043,87.0775193545548
petrol,8764,1.91,2023-04-29 19:48:22,2024-12-21 14:21:21,71.2671082672988,100.502870535829,3.02519342407716,74.3753322410573
petrol,1495,2.35,2024-09-29 07:15:02,2023-09-29 12:14:09,74.1161291844211,66.7361338096184,4.64558771217419,86.3240773905552
petrol,451,1.68,2024-09-27 19:51:51,2023-11-25 10:02:27,67.2569085056813,82.477332582247,4.01938123769803,89.7255444962673
petrol,3063,1.85,2023-10-03 17:05:19,2024-12-20 07:05:59,72.5442312642895,83.5468738092402,1.67968440176958,86.218099622172
petrol,8326,1.13,2023-05-30 10:03:01,2023-08-17 05:42:35,73.5756225331516,112.330991170488,4.78262982631652,64.2977528010954
petrol,7849,1.1,2023-09-26 20:54:11,2023-02-15 15:03:10,73.7191012375231,113.082296585261,3.97576716613031,72.7286282417513
petrol,8135,1.7,2024-11-22 21:51:21,2024-11-16 14:56:33,73.7925127706461,104.860546640598,5.20245124798307,77.524813644485
petrol,4307,1,2024-01-15 03:45:49,2024-12-26 10:39:55,74.6911790006994,112.361543452836,2.9047294811572,79.2556657089995
petrol,7416,2.33,2025-01-07 14:43:07,2024-03-02 02:00:11,77.3972075904303,97.5377588091734,0.823296186803999,86.2067209755068
petrol,2337,2.2,2023-05-21 03:58:24,2025-01-01 14:57:42,79.3725853706626,118.028975043093,4.27908385834519,81.7770100093325
petrol,3293,1.01,2023-07-07 20:00:25,2023-05-08 21:26:25,71.7511738657587,100.131826639481,4.29156367668197,66.646556412899
petrol,875,2.24,2023-04-28 16:31:13,2023-10-06 06:15:28,68.9839957230543,100.867960711401,2.30932837239355,83.8019785100596
petrol,9581,1.32,2024-06-20 15:19:52,2023-09-21 19:34:15,69.7897779387845,96.0161105010638,3.02150045413339,86.1058574528382
petrol,6909,1.26,2023-10-09 20:05:33,2024-05-18 16:40:51,72.5639853940254,110.266757164546,6.7552177437199,85.5979044793104
petrol,7681,2.49,2023-07-19 17:57:30,2023-06-30 19:58:38,73.2403934109175,93.6820177508063,3.6943893858462,90.8078072555462
petrol,162,1.92,2023-08-27 21:03:10,2024-04-09 02:19:11,71.1500196690127,114.646470657971,4.73095897637622,88.339221545489
petrol,2547,2.75,2024-04-17 07:16:22,2024-03-22 11:03:22,68.5194166787505,83.0177628892599,3.34934017263162,84.5918007922844
petrol,7291,2.46,2023-07-10 21:47:29,2023-06-21 05:11:11,72.7193958626291,83.5162561790771,1.90969710114684,79.2983428854135
petrol,9807,1.08,2024-02-26 14:39:54,2024-07-18 03:29:41,75.9071331005699,110.311401326898,3.82974175320409,63.3903906648401
petrol,6090,2.94,2024-11-08 22:20:11,2024-12-21 07:25:05,77.9751473291778,98.6718367812548,3.73439543971389,84.2961821913259
petrol,6210,2.82,2024-07-07 00:27:42,2024-08-22 16:20:56,72.2128847344584,93.1916287577031,3.60012176133163,82.0768768716311
petrol,7652,1.46,2023-09-12 13:29:43,2024-01-01 02:28:54,72.9350108892828,113.350865987132,3.88535916449361,82.7157883719537
petrol,550,1.69,2024-03-31 08:53:40,2024-08-26 19:03:17,70.3665084557635,90.8910787887087,4.26426827164564,67.2325142417969
petrol,4467,1.1,2023-05-25 02:10:19,2023-10-01 14:26:41,74.8428041481261,96.9969811854945,3.84988304874619,69.1894345959174
petrol,5500,1.45,2023-06-22 20:46:13,2024-08-25 07:00:03,70.7578568290459,120.988419251067,2.73599383205264,90.531528533329
petrol,2937,2.22,2023-01-26 09:25:22,2024-05-10 10:00:02,77.865639066206,123.08713518716,4.48618479156194,79.6044484614335
petrol,5622,1.63,2025-01-11 18:49:40,2023-07-17 00:54:14,66.0706675403294,123.585973154055,2.05062824467758,86.8150069737262
petrol,5794,2.52,2024-04-29 16:55:36,2023-09-23 19:23:38,73.2018516377377,95.7681133459913,1.9496425427158,80.2831837613046
petrol,5869,2.41,2024-08-14 06:17:17,2024-02-12 06:25:24,76.5055366959587,118.460543574767,4.73918049470157,80.2975613949575
petrol,7168,2.15,2024-08-26 14:56:21,2024-01-24 01:57:59,75.9191725816125,85.7657075834698,4.50702027213536,89.38283805976
petrol,5567,1.93,2023-01-24 14:07:40,2023-11-28 10:45:36,88.4651683199025,86.3964568791691,3.94260463492596,74.8395527178263
petrol,1578,2.47,2024-07-28 15:08:16,2024-04-29 04:33:51,76.7490001228395,64.7431622106346,2.60455149524493,80.9612077694098
petrol,2208,2.09,2023-09-03 01:36:19,2023-05-17 05:11:27,69.97972701579,125.093023028478,3.29208905932592,75.3772471129496
petrol,2896,1.4,2023-10-29 07:54:16,2024-01-14 21:05:52,74.5226787645546,87.0403022638588,3.7372532523135,75.6550377256769
petrol,9070,1.55,2024-04-23 18:36:52,2023-08-11 15:31:45,66.1187683326677,98.1020113037941,2.40410603142589,76.9082787653136
petrol,2054,2.02,2023-05-28 12:46:08,2024-10-09 19:24:02,74.5970012535162,86.3451348710757,3.26097134197677,82.2213377163371
petrol,8455,1.06,2023-11-04 17:17:57,2023-10-12 07:06:56,70.8347197149962,110.427478724952,4.65233033817668,75.2125137833652
petrol,2449,1.88,2024-01-04 10:58:12,2024-06-25 04:31:26,79.5769513778008,94.3654950892399,5.42730536428922,92.5575612557352
petrol,3391,1.93,2023-02-08 15:33:51,2024-09-19 07:51:03,72.2522986270223,80.4277466435058,3.58056524734145,71.053926977805
petrol,4656,1.76,2023-01-13 15:56:57,2023-09-18 10:57:24,74.4161704210238,106.624938462791,4.7564883543161,78.1312835583864
petrol,625,1.91,2023-01-14 17:48:35,2024-06-29 22:00:24,71.822210792978,78.4940496278466,2.08593992941253,75.6026894172583
petrol,7604,2.56,2023-09-20 16:37:54,2024-11-01 00:21:24,83.6942567592667,87.4389141202676,4.65945124111361,94.4697788435373
petrol,9649,1.9,2023-11-05 19:22:39,2023-03-16 23:10:41,73.3937861694105,68.3966632806088,3.19605158527252,81.9655477651157
petrol,5197,2.52,2023-02-09 11:29:57,2024-07-17 05:52:52,84.162785217396,78.6406283170359,4.30734561670797,90.3184453946864
petrol,9334,1.25,2025-01-23 06:24:56,2024-12-18 19:17:51,79.0707588105913,102.677937545807,3.75224758176029,65.1443962696303
petrol,6982,1.57,2024-08-15 22:40:30,2024-02-15 05:06:46,77.4103336366769,70.5319594284561,5.32041400978383,82.6705026586926
petrol,7556,1.21,2023-12-22 14:54:52,2024-06-07 05:12:19,76.8436657365876,77.7828141306743,3.12556435166008,88.8963079562344
petrol,4613,2.82,2023-12-01 08:06:00,2024-02-19 11:04:57,76.9689864910813,99.9644662580079,4.62760629756183,80.8228398927543
petrol,8724,1.25,2024-07-02 11:35:29,2024-10-25 11:18:43,65.361637103272,91.8458965586042,3.72049253670347,90.6548037506535
petrol,7371,1.5,2024-05-15 00:30:23,2024-07-20 15:06:41,73.6055830292462,129.88054953939,3.84169452199034,74.8271154989963
petrol,6808,1.54,2023-03-02 21:40:48,2024-02-05 08:17:05,79.2257898559216,127.508448190366,3.81614610684079,94.0934744018558
petrol,3737,1.97,2024-07-16 20:29:32,2024-01-19 14:14:28,74.7555140826295,86.9811630587327,3.15432689550589,102.988981236193
petrol,9785,2.11,2023-01-07 00:55:57,2023-10-04 02:17:10,67.9740507659821,108.357064276052,3.98590103409333,76.3716143956034
petrol,4622,1.53,2024-01-12 07:03:26,2023-06-16 03:49:29,74.7379777471127,111.239238353192,3.93735177787818,75.5449747859923
petrol,6037,1.18,2024-08-29 11:03:48,2023-01-16 14:44:06,83.5205275812775,91.037817129634,4.24124024840673,94.533844771177
petrol,1509,1.44,2024-08-03 19:19:58,2025-01-01 14:03:37,81.2344585776736,77.5668769525269,4.08450514569286,95.7957214573071
petrol,333,1.06,2024-12-19 21:38:34,2023-03-24 22:32:22,74.6899799531698,99.8155232603791,4.79799454961224,74.7713997284673
petrol,697,2.16,2023-12-01 10:20:56,2023-10-28 12:23:09,79.7572463852904,97.4073148777883,4.92350861604737,75.7981318290414
petrol,238,1.72,2023-06-23 21:54:10,2023-07-27 06:43:56,73.1674648981597,93.4635325454407,2.9493766781722,77.1821539113949
petrol,6907,1.47,2023-04-25 10:25:22,2023-04-10 20:16:38,66.4806420658664,106.634753022467,4.86877250059077,66.5554948896572
petrol,6716,1.92,2024-07-21 15:45:07,2024-01-23 19:29:23,70.3776700593522,88.739055894916,2.81366357289015,70.813480535158
petrol,4372,1.47,2023-07-21 03:08:25,2024-07-10 08:30:32,82.814443842541,82.7200367863129,4.58785588813774,69.9585923324793
petrol,9371,1.61,2024-06-25 01:22:09,2023-04-01 20:03:36,73.6300345908535,101.636244555247,4.61973878470287,72.3220243489587
petrol,4810,2.71,2023-09-21 21:23:32,2023-04-24 17:41:37,73.7830801031249,105.789551388533,2.0886831083375,79.6531511261322
petrol,5750,1.67,2024-11-14 01:18:20,2024-08-11 11:34:13,73.5008090186256,82.3503258414992,4.09297924652941,82.3421473253652
petrol,7080,1.39,2024-10-04 05:55:15,2023-01-25 11:36:06,84.520682947865,113.921359164866,3.53150388663968,95.5050049281408
petrol,7315,1.51,2024-02-21 10:56:10,2024-03-15 23:38:37,83.1297945768103,73.4427829333588,3.24123474206463,70.0164595926121
petrol,9869,1.43,2023-11-15 08:49:08,2024-06-30 23:15:19,86.0939011672407,91.3282981192654,5.35085233069901,89.8432239847658
petrol,8553,2.5,2023-06-20 22:01:11,2024-06-21 12:45:40,74.2047739479997,96.1298719570359,3.34632085936258,77.8601115577449
petrol,8841,1.91,2023-06-24 06:03:25,2024-02-29 15:07:32,76.4781224437355,90.4566443102211,3.19362307088195,79.5053629034757
petrol,7661,2.91,2023-09-18 01:15:34,2024-09-25 13:02:18,67.416787252896,91.5240928967321,4.07569494000509,86.748194921666
petrol,1279,2.85,2024-08-27 22:12:07,2023-09-13 23:45:48,82.3846721305914,128.066117234622,4.68558974629842,68.772779784377
petrol,9791,1.81,2023-06-04 01:08:11,2023-09-20 02:59:58,69.1611022436603,87.2367386644165,3.85835141398987,83.8240974618405
petrol,9865,1.11,2024-11-14 16:32:16,2024-05-14 04:53:22,76.0838778188132,136.618325837079,5.16637054566925,81.6645220821306
petrol,866,2.67,2024-01-03 19:14:35,2023-10-13 02:04:03,69.5134873618358,106.556901695966,4.53097566196409,84.9245126400815
petrol,8841,1.35,2024-05-31 07:08:55,2023-05-23 15:31:17,72.0556658663065,101.38082705968,1.82178868026857,82.8916864390782
petrol,9566,2.46,2024-07-30 05:44:10,2023-08-10 06:01:01,70.8136878447515,107.143605300815,3.47053303649299,104.553001399109
petrol,4661,2.59,2023-08-30 23:41:30,2023-06-21 08:30:44,71.9606236966209,137.948916238779,3.4381579006483,73.6226001574868
petrol,1088,1.14,2024-12-07 16:26:57,2023-07-17 17:36:02,72.3043864842551,85.0961049410283,4.47936095342942,74.6900304499818
petrol,5434,1.42,2023-11-18 04:13:58,2024-03-14 09:28:04,72.2586560253746,83.1937312159542,1.37518294362589,73.7685947357524
petrol,5810,1.46,2024-12-19 21:43:50,2024-10-04 23:37:21,79.1666695589015,88.6770070514212,6.54900970871772,74.4452288083975
petrol,7343,1.01,2023-07-10 23:14:39,2023-06-06 02:01:59,69.4756860346874,100.482147204468,4.53102609489421,73.6261287269348
petrol,5765,2.72,2023-09-28 09:41:47,2023-08-02 19:16:55,76.1027071350693,74.1134331278114,4.14887680391769,91.8901653110755
petrol,5795,2.08,2024-06-27 12:40:44,2024-01-15 04:54:34,81.0897957615278,100.335088589779,5.18156771641915,94.2050424798986
petrol,5636,2.11,2024-04-01 04:51:12,2023-07-16 05:27:27,72.434018177433,125.403207001205,6.34365405281262,74.2925370625052
petrol,3916,2.2,2024-02-01 17:17:22,2023-10-18 06:26:02,71.410405546262,102.271110859372,4.8707466445884,71.6764442689577
petrol,9137,2.16,2024-01-23 04:57:04,2023-01-30 17:13:41,73.8473768740987,95.6097181153708,4.94881309647162,84.714155563864
petrol,3133,1.04,2023-03-25 19:17:16,2023-11-06 05:39:40,80.8986260418036,90.7275932697456,4.13069002446438,74.4777695571903
petrol,4662,1.82,2024-08-15 09:30:15,2024-07-01 08:58:32,75.9705381547668,113.477675568273,3.85847424663305,86.3293181775551
petrol,8578,2,2023-04-04 17:02:31,2025-01-07 03:29:11,72.343928526962,87.6125084014293,3.5242045559951,82.029230208513
petrol,6136,1.64,2023-02-08 01:53:35,2024-04-11 19:47:38,77.4193832559402,127.695938808989,3.17388800828546,64.8425588500277
petrol,9818,2.99,2023-09-22 03:53:23,2023-10-12 14:09:29,69.4885392508179,129.000396215715,3.3129859003005,95.4750520133006
petrol,3547,2.25,2024-10-12 05:38:06,2023-07-07 16:27:55,78.4067975522147,103.851261979927,2.64944403565702,97.9587767309552
petrol,2187,2.83,2024-08-04 04:27:40,2023-06-06 10:46:24,77.0430365385088,99.8272736788503,3.92412854931498,73.8721130951561
petrol,2499,1.32,2023-07-23 22:43:13,2023-10-17 21:01:29,73.4609576443056,115.459897123623,2.31533242277361,76.1229844006402
petrol,5745,1.45,2023-01-26 00:06:31,2023-05-25 01:47:27,70.8070710077639,116.42197753341,4.19091652414371,82.8586539072491
petrol,2562,2.13,2023-07-15 00:57:49,2023-03-23 15:23:57,70.5665953885827,87.9101240341088,3.96366939195766,83.3445678998703
petrol,6820,2.04,2023-04-18 02:44:42,2023-09-18 18:38:53,77.6740866817296,92.1016730029495,4.14693529838669,86.5854427267283
petrol,5203,1.89,2024-02-18 01:37:42,2023-04-14 00:39:27,81.1449025124453,80.1647884797506,3.47786842998001,100.102045387664
petrol,8572,1.86,2023-08-28 08:56:35,2023-07-02 16:05:42,71.813461264856,106.135974075011,7.0768603701805,78.2305277250595
petrol,4633,2.75,2024-07-25 21:12:59,2023-12-06 08:22:21,77.2919335177574,109.999418251853,5.36011590018031,72.0170275546155
petrol,7816,1.85,2024-03-10 21:17:23,2023-03-12 12:20:20,64.5648649069897,79.7511154320809,2.75545749991528,66.2068077198547
petrol,7835,1.19,2023-10-25 13:29:29,2023-04-03 00:06:29,72.076911346714,93.1720164277576,4.2328680874269,72.6906996005808
petrol,4716,2.56,2023-03-17 17:19:06,2024-09-03 12:16:06,74.8447053356455,79.7911912362798,3.39199385706268,79.668730271262
petrol,5426,1.86,2024-12-19 09:14:31,2023-09-30 04:37:10,70.4515829150908,86.5180028463424,2.98552027329259,97.9455786351779
petrol,2003,1.28,2024-02-02 14:02:02,2023-05-28 09:46:57,70.317468126052,108.265255903394,2.65992792887607,74.8238870096383
petrol,96,2.95,2024-07-07 01:45:41,2024-12-06 21:06:50,71.6611022176556,88.9977689998258,4.43221669075925,82.237879516389
petrol,9284,1.88,2023-05-26 18:50:26,2023-07-01 22:41:46,76.4609636416319,95.4876106595155,3.31861976493043,79.8357710392725
petrol,5742,2.6,2023-09-01 18:40:39,2024-12-01 04:40:18,74.0633549079681,75.5903240807903,4.9678260240252,91.8839327344808
petrol,520,1.9,2024-08-18 10:59:52,2023-10-23 21:38:09,63.8088438333751,102.80485314587,4.99378221453044,105.269324258736
petrol,4362,1.74,2024-09-03 03:18:04,2024-04-02 06:02:22,64.3964992368247,99.3359002023303,5.37391438521145,74.6913122707968
petrol,5855,1.36,2024-09-19 09:22:58,2024-10-30 13:59:24,71.9656741107141,89.0656112495026,3.1476132339259,75.1056055748178
petrol,9360,2.72,2023-11-11 20:46:34,2024-06-14 04:14:03,77.2884329302678,97.1647855347629,4.47536561069201,90.4416087706907
petrol,6137,2.26,2023-07-21 06:38:40,2024-08-24 13:23:52,61.2624757863738,102.704423207552,4.6324542166423,86.8189148962631
petrol,1491,2.65,2024-04-30 07:21:34,2023-10-09 20:57:40,72.5013491192419,87.7769777663598,3.52582182489604,98.4670732573603
petrol,624,2.02,2023-12-11 00:25:26,2023-08-03 17:48:35,72.3687607174129,77.8560618399733,3.22822804260713,85.8392818532596
petrol,2633,1.2,2023-06-21 07:24:34,2023-06-06 20:33:06,81.9416888910422,127.083616490302,5.60952066577597,76.4070790921294
petrol,4927,1.32,2025-01-17 13:28:31,2024-09-16 09:10:46,73.0748909414357,90.5009094293459,4.22749587573205,85.9065483069231
petrol,2184,2.63,2024-03-28 15:49:07,2024-02-29 04:13:36,76.9149449237046,98.5485984521967,4.63596775071174,91.0870358058291
petrol,4921,1.23,2023-12-06 08:23:43,2023-11-09 22:43:42,75.7062857004373,115.162596025305,3.17792398817207,88.2048218119736
petrol,6333,2.75,2023-05-19 15:07:22,2024-02-10 12:08:31,64.347167600964,152.935827813557,2.78071553347781,85.072740311073
petrol,7153,2.83,2023-01-12 11:38:32,2023-12-08 13:23:45,78.8410360831587,81.332703251667,3.43055022550789,90.6667468958915
petrol,9364,2.42,2023-06-30 18:58:56,2023-08-18 12:20:09,76.0769825272814,106.747408205898,3.87597861261,91.6929559044567
petrol,3045,1.83,2023-05-01 00:16:33,2024-02-15 08:31:37,77.5413431983729,89.3867157205884,2.93577999318265,93.8215899103753
petrol,5751,1.69,2024-11-13 19:29:11,2023-08-27 21:33:47,94.6311885321816,91.9181454313493,3.99015519134962,86.4870988758964
petrol,5408,1.18,2023-05-14 06:51:25,2024-05-13 11:40:54,64.5794353025071,89.1968196848981,2.3114948119315,78.3288191968315
petrol,4693,2.82,2023-04-28 13:13:51,2023-12-04 09:43:36,83.6234832488055,83.1151754829912,2.87995257753013,81.4671368643332
petrol,9300,1.23,2025-01-22 02:00:52,2023-01-04 17:39:06,73.5627624029982,99.3806295732301,4.67091124827688,92.0650896650836
petrol,5441,2.24,2023-05-02 05:53:56,2023-07-13 23:22:13,76.436644522015,77.8824596942765,4.60379052027789,71.8306432901276
petrol,4300,1.82,2024-09-05 18:16:43,2023-09-10 08:20:04,74.7724387734938,114.202113497678,3.60812323461313,83.686733088729
petrol,3161,2.64,2023-03-03 20:59:58,2023-07-20 11:02:05,72.8788183330098,100.825044040501,2.98223569092305,76.0666118767264
petrol,6541,3,2024-06-08 18:16:51,2023-08-17 05:41:35,72.1508353588062,106.336524593522,2.97259644847399,80.2874482293482
petrol,9963,1.33,2023-08-20 19:31:16,2023-07-05 03:17:32,76.647543677865,93.0071708208067,3.62673175405869,92.784518626073
petrol,9719,1.95,2023-01-25 19:50:05,2023-03-01 14:08:08,67.4141315166416,94.4919409868238,4.64451849164529,81.910990680199
petrol,6972,1.71,2023-09-04 15:47:01,2024-03-01 05:49:04,78.7528958376088,104.31345857751,4.92824569134432,80.4643654815615
petrol,7199,1.8,2024-04-22 01:58:31,2024-03-10 04:36:02,72.9190279755737,82.5392405139126,3.50346826451803,66.4014385902008
petrol,4338,2.66,2024-07-01 15:08:27,2024-12-26 07:13:46,69.3496533047982,94.6301434838,2.84650757401522,87.4625356602722
petrol,1523,2.68,2024-06-24 05:32:12,2023-05-08 13:38:27,72.7499357100209,87.1057972918232,4.26784363786633,86.4548418114108
petrol,2004,2.77,2023-07-14 12:47:11,2023-01-17 10:54:20,81.2857460843129,86.6414678411348,3.17646502937415,101.632547233055
petrol,8885,2.05,2023-06-08 02:10:13,2024-01-19 02:29:55,72.3233245649189,68.3524263906154,3.4817473611388,76.92221765047
petrol,6508,1.87,2024-01-24 17:57:20,2023-04-10 14:17:25,76.7922680910481,120.0898988422,5.32527609043704,82.1915032766394
petrol,3231,2.69,2023-05-05 02:54:49,2024-03-16 06:16:10,71.3452186214226,89.7019187026935,4.82711542856577,82.4938368371076
petrol,5644,1.03,2024-08-15 18:06:42,2024-07-05 14:45:29,78.7896092496181,117.450640827453,4.15797431225145,95.7745327976348
petrol,2841,1.65,2024-07-15 09:10:05,2024-10-30 00:38:52,78.427538693951,116.031884820914,2.72808099888728,79.0470446761305
petrol,4151,1.53,2023-04-15 06:35:44,2023-01-04 16:53:17,84.2430441664821,80.7100044022526,4.21139656747066,82.7902152577034
petrol,2086,1.3,2024-11-06 10:06:40,2024-05-29 18:45:42,74.1221802725039,83.6738314649073,5.06265729078753,86.0789650971654
petrol,469,2.18,2024-06-14 19:42:20,2024-04-03 13:22:33,78.3432740237895,138.407544390335,3.62436633423446,81.8660912315636
petrol,7137,2.52,2024-07-17 14:57:21,2023-06-18 18:37:32,75.4903376976947,126.263889128907,5.35111408998672,75.5356638544947
petrol,7527,2.74,2023-11-30 22:02:54,2024-06-08 21:19:11,81.4793589093151,99.5272223000784,5.29274528951821,81.9408999289831
petrol,2744,1.93,2023-08-18 13:45:25,2024-01-26 04:47:40,71.4058380619564,103.86059659626,5.66373283214347,90.7363174985977
petrol,6343,2.58,2024-06-24 22:17:32,2024-09-23 11:39:24,78.7250265643864,90.5373039557922,4.30524312653135,69.7348470058894
petrol,9605,2.69,2025-01-04 15:43:08,2025-01-15 08:04:04,74.0265135194166,106.485290713005,4.58739169980601,81.3296967414688
petrol,7813,2.53,2024-01-30 07:07:14,2024-07-26 12:26:03,74.6790591144575,89.2422714891629,5.41418728833109,72.9987918506083
petrol,8537,2.13,2023-09-08 14:35:11,2023-08-21 23:47:08,75.4587624222419,69.5146935355242,4.44739393706898,91.9504662892484
petrol,8826,2.12,2025-01-06 13:35:38,2023-07-22 18:57:57,76.2612019821334,80.1766632023342,3.49876589220979,64.7681309521623
petrol,9458,2.83,2024-06-27 00:20:06,2024-02-12 07:16:15,74.4188547843902,100.316391217759,3.55145716347214,74.4107815272841
petrol,4502,1.22,2024-04-11 15:02:08,2023-03-28 21:16:14,76.0735659158526,83.0339914674612,4.23855495377374,83.7721187506452
petrol,8772,2.57,2023-02-08 08:01:42,2023-05-10 04:34:56,82.8905902878109,98.990838026297,2.70943857805378,95.6552402923434
petrol,7153,1.84,2024-11-05 01:45:33,2023-11-25 00:02:22,79.9272484280761,83.8800844085071,3.85674108463581,79.3424973892701
petrol,2025,1.31,2024-01-02 11:27:47,2023-11-16 23:41:07,79.3457729624845,88.2646911624701,5.09654711823025,74.448004733068
petrol,6974,2.12,2024-09-05 03:56:02,2023-07-04 22:27:58,72.7223023698807,112.797479596198,1.80874614883472,98.8115706944059
petrol,2062,1.76,2023-05-27 14:47:47,2023-05-20 14:09:51,70.5537958588584,103.712208214602,5.53448210179452,65.5198609958376
petrol,9417,2.08,2025-01-03 07:29:51,2024-10-13 10:02:02,79.7765027911888,99.8550336802998,5.12237421870316,58.0119404337992
petrol,85,2.72,2023-12-07 10:56:53,2024-12-26 23:08:34,79.380233962649,113.18445959606,3.54023538416952,84.4001445005333
petrol,1607,1.6,2023-11-29 08:11:03,2024-08-20 14:02:32,82.3633533787549,107.20912890021,4.54339082787181,74.9794577564739
petrol,9904,1.97,2023-09-23 01:51:38,2023-11-17 15:25:42,71.9800968701539,121.698449368771,4.00314772690633,69.7876718286929
petrol,56,2.6,2023-08-07 09:17:54,2023-04-22 00:53:02,73.8522567231983,93.1021110652729,5.22999036843868,87.0835644729935
petrol,6537,1.69,2024-01-02 10:13:35,2023-11-30 10:10:06,66.8025791873728,93.5554753220874,4.98268314276994,82.438007137712
petrol,4618,2.5,2024-10-01 00:53:13,2024-06-23 00:44:36,73.0376444696956,80.4833610041298,2.59992927681699,74.3592136926327
petrol,2838,2.33,2023-11-21 02:59:18,2024-03-03 18:29:24,79.9828525528972,93.5652892394137,4.58726241346418,67.1969560132911
petrol,9359,1.08,2023-05-20 14:37:29,2024-03-03 20:45:00,72.667523103859,114.471548414537,3.79437214635675,88.7245732828014
petrol,2332,1.62,2023-03-09 11:57:00,2024-11-24 01:31:23,78.2023989760041,119.499810583932,4.0828325705181,86.5020117795866
petrol,6913,2.31,2023-01-08 12:44:03,2024-04-30 01:11:55,74.0474844700109,114.4045775213,3.27182809903018,79.0082413622062
petrol,3914,1.45,2024-11-04 07:20:59,2023-06-27 04:29:20,76.6202851411078,73.0871220017585,5.74813706912084,98.4663699604767
petrol,1181,2.58,2023-10-05 20:18:47,2024-02-11 07:46:27,69.2615430509217,116.247178189911,5.04006181990258,69.2991523367385
petrol,2537,1.07,2023-08-07 18:02:40,2024-07-01 01:37:15,75.4260472481695,72.4222206509189,3.26022883602703,64.7447482907526
petrol,3259,1.68,2023-08-07 17:55:27,2024-01-24 07:39:28,60.0443201454964,113.471759861835,2.66538939308977,73.0809193011876
petrol,5180,1.96,2024-02-18 06:12:30,2024-07-14 18:36:26,74.0655192091901,94.4832321014342,3.61432736902215,79.544139836445
petrol,3175,1.41,2024-03-11 17:00:45,2024-03-29 13:44:21,66.8476337814243,110.537999709008,4.43450264609131,82.4333944932269
petrol,307,1.61,2024-01-15 06:48:35,2023-03-28 21:56:10,81.0299725827341,80.0132747815815,4.24020584394622,77.5876394214367
petrol,4743,1.96,2024-10-24 06:58:44,2024-06-30 14:35:45,78.8870367638226,117.567514490592,5.25313282476824,83.520553965143
petrol,9641,2.11,2023-01-27 21:58:03,2025-01-15 13:41:54,77.3333549098304,78.0253788084267,4.78991972218085,67.4846057580956
petrol,9609,2.76,2024-03-24 12:47:48,2024-12-27 09:16:20,82.6050311357969,89.9731763372023,4.96956902575291,94.4376460407326
petrol,2561,1.44,2023-01-24 12:55:10,2023-07-20 02:46:00,70.2554173958758,85.0285805834645,4.32685540061044,79.1784882160743
petrol,4792,2.07,2024-12-31 19:59:52,2023-10-02 23:48:48,83.7368159895778,73.6857272076625,2.61070126978901,91.1729583158813
petrol,2482,2.82,2024-06-30 20:08:22,2023-12-28 08:16:10,79.6609578213019,101.417913513827,3.8043014688531,83.427253463777
petrol,1262,2.32,2023-04-21 01:11:57,2024-10-05 08:29:00,73.8172235639053,127.091336767554,5.06008973990867,84.5675321915378
petrol,9777,1.06,2024-01-01 07:56:33,2024-02-27 22:07:33,80.6781007359147,140.0035783348,3.94847707147535,85.6976728023221
petrol,1745,2.72,2024-04-03 07:54:25,2024-04-17 06:24:08,69.4685324379418,101.457336806294,4.50309036862375,84.4770856001732
petrol,9452,2.31,2024-01-23 08:09:46,2024-02-19 17:09:29,70.8774291923616,116.750219126013,3.68125168475387,86.4272275986754
petrol,5726,1.47,2024-12-05 01:33:29,2024-11-11 18:27:40,71.9570513838015,103.481419568928,2.97018815145815,93.2915253013243
petrol,4086,2.57,2023-07-28 04:56:03,2024-02-02 19:21:40,72.3551114596799,107.483247921523,3.87665593595389,81.9652116970147
petrol,2523,1.97,2024-06-09 22:11:30,2023-04-24 21:02:50,69.7172117861987,94.8677702330914,4.30904744303265,87.0900375758851
petrol,8541,2.92,2024-10-19 02:29:38,2023-06-08 03:33:53,81.1154153354766,102.926153881339,3.34431228053856,79.1026430571277
petrol,4490,2.68,2024-07-18 11:49:00,2024-05-28 04:26:44,73.7057279981509,108.062180569096,3.76428875514333,94.4011721544947
petrol,6045,2.66,2024-06-29 19:02:17,2023-05-28 18:42:44,76.7625248417844,91.323104066855,3.06053675801402,73.2360769794073
petrol,5832,2.3,2023-02-01 21:39:38,2023-05-07 05:43:33,72.1482431679316,98.8375855016052,5.1192449175641,98.0094043291082
petrol,8576,2.85,2024-10-17 07:46:05,2024-09-24 15:19:58,65.8969834972574,99.1235482150377,3.70554424241197,79.5984204935566
petrol,9824,1.17,2023-03-21 07:25:27,2024-04-24 18:00:20,76.3502867919571,112.396049759958,5.45275554512618,65.6922489788195
petrol,4600,2.36,2023-10-11 19:18:46,2024-03-20 22:26:32,65.4387251229011,84.0095174255848,5.52874785054091,81.2810441491079
petrol,1621,1.97,2024-08-11 11:14:14,2024-11-15 19:32:16,74.6568297695727,99.2268668708852,3.91895403527826,73.1894834252512
petrol,804,2.06,2024-09-09 05:15:03,2024-07-11 17:13:20,68.158424805836,128.68008203579,2.99155126745265,88.4064354898872
petrol,9505,2.53,2024-04-02 21:18:13,2024-11-19 03:41:27,84.9363799961541,117.460902288789,1.91410212226666,73.4737602069761
petrol,5762,2.32,2023-03-13 07:04:52,2023-10-14 05:37:07,79.5568136108736,120.237685733331,2.52796292697321,75.5381656678522
petrol,6871,1.75,2023-05-31 16:20:07,2023-03-27 14:25:00,75.5287689563574,100.366477602671,2.62616517510134,61.1045926905447
petrol,84,2.29,2024-05-09 00:30:25,2023-01-28 14:48:01,81.3185333882733,104.81496345529,5.37846962746151,75.4769368075092
petrol,2224,2.42,2023-06-23 16:39:41,2024-02-24 08:06:33,70.7684201126713,115.033542500544,4.11582458722695,55.7612067337104
petrol,6682,2.59,2024-08-13 15:09:46,2024-12-08 20:02:16,77.7173968933505,123.403832942964,4.38960452409199,64.1609717651428
petrol,8832,2.05,2023-08-04 01:54:24,2024-04-07 20:03:04,75.9990521685936,70.7259563067567,1.77957899106487,87.604146561443
petrol,3528,2.75,2024-06-24 11:42:46,2023-09-11 21:00:36,76.3201004066684,80.2683803942523,2.80203357078274,87.8580015865083
petrol,5836,2.09,2023-05-26 06:05:11,2023-06-28 15:31:32,81.3617675005338,119.64166152104,4.88707977644629,84.2545756178497
petrol,4543,2.49,2024-05-29 11:26:35,2023-10-13 21:09:03,78.662460513899,95.846659663468,4.28677411238259,70.3302385687079
petrol,648,2.79,2024-01-21 05:44:34,2023-03-06 11:22:48,76.4436183141251,89.9241881611288,3.8527947213144,79.5228864385802
petrol,2224,1.3,2025-01-02 02:10:39,2024-05-02 00:18:06,66.7255628188585,81.1875851950659,4.56484235860012,79.9639746090943
petrol,3439,1.94,2024-09-16 08:56:26,2024-04-12 11:45:25,70.1997685236027,91.6747494768384,5.63579780613582,68.4163531080746
petrol,8477,1.77,2025-01-10 23:18:34,2024-12-22 02:53:27,74.3864553320214,78.9644607486426,3.77895753646295,95.0339830176715
petrol,267,2.54,2023-01-13 17:40:09,2023-03-05 00:32:58,75.4668618713833,131.366414090987,4.06936980265807,88.7736229057567
petrol,8806,1.41,2024-10-05 04:15:24,2024-11-18 21:45:03,69.3489813766304,99.6634592202914,4.19259691873131,77.7903582617034
petrol,3340,1.01,2024-01-29 04:37:37,2023-12-12 08:53:47,87.0583833778921,99.1307418735592,6.39210963527399,80.2688583899453
petrol,7396,2.12,2024-09-14 11:57:33,2023-07-13 12:51:33,82.5819702762679,108.821150127517,1.90064373558097,82.0838280794755
petrol,8469,1.82,2023-07-04 08:52:02,2023-09-20 20:51:04,78.0105916019624,114.435177538999,4.68322301478881,59.5826513157571
petrol,3611,1.11,2023-04-18 21:59:22,2024-12-09 04:40:19,75.3601843064187,114.18832234832,3.88519775124094,77.528226174794
petrol,7488,2.19,2023-02-01 22:54:16,2024-09-06 01:25:28,73.9389551504942,116.104329158614,4.56677172618418,73.180157520022
petrol,4920,1.58,2023-10-04 00:19:56,2024-06-09 15:36:25,70.2404076998888,90.5373167381372,3.34262744600528,69.9837999010508
petrol,59,1.79,2024-03-23 07:48:06,2024-01-18 13:39:31,75.3874025925943,95.5319979256471,3.95103496914155,77.1889970711405
petrol,3310,1.33,2023-02-22 00:38:09,2023-06-07 08:18:55,76.2887627007138,111.535474831634,4.7114105794655,97.9768652684952
petrol,3067,1.72,2024-03-11 22:53:13,2024-03-03 20:22:57,68.7911971225919,92.0891640754057,7.11291020104384,86.4084286126701
petrol,8229,1.95,2024-12-13 13:18:41,2025-01-29 23:24:10,76.6708820862245,99.9234005195916,4.80803618940207,74.288210102172
petrol,637,1.61,2023-02-09 13:03:09,2024-04-16 14:14:51,73.3864553320214,105.981456466372,3.15193440196949,65.8716887966558
